{
  "success": true,
  "target_entropies": [
    0.1,
    0.4,
    0.9,
    1.5
  ],
  "achieved_entropies": [
    1.5616704206097715e-15,
    1.6551036936377066e-15,
    1.6417560832051442e-15,
    1.601713251907458e-15
  ],
  "parameters": {
    "entanglement_strength": -3.769853657805897e-11,
    "weight": 1.729244206191538,
    "gamma": -3.7425079207706354e-11,
    "sigma": -7.929702462490997e-08,
    "init_angle": 0.626245697299358,
    "timesteps": 3,
    "asymmetry_strength": 2.9639167989414125e-08
  },
  "loss": 0.7799754376251257,
  "iterations": 2,
  "optimization_result": {
    "fun": 0.7799754376251257,
    "direc": [
      [
        1.0,
        0.0,
        0.0,
        0.0,
        0.0,
        0.0,
        0.0
      ],
      [
        0.0,
        1.0,
        0.0,
        0.0,
        0.0,
        0.0,
        0.0
      ],
      [
        0.0,
        0.0,
        1.0,
        0.0,
        0.0,
        0.0,
        0.0
      ],
      [
        0.0,
        0.0,
        0.0,
        1.0,
        0.0,
        0.0,
        0.0
      ],
      [
        0.0,
        0.0,
        0.0,
        0.0,
        1.0,
        0.0,
        0.0
      ],
      [
        0.0,
        0.0,
        0.0,
        0.0,
        0.0,
        1.0,
        0.0
      ],
      [
        0.0,
        0.0,
        0.0,
        0.0,
        0.0,
        0.0,
        1.0
      ]
    ],
    "nit": 2,
    "nfev": 334,
    "status": 0,
    "success": true,
    "message": "Optimization terminated successfully.",
    "x": [
      -3.769853657805897e-11,
      1.729244206191538,
      -3.7425079207706354e-11,
      -7.929702462490997e-08,
      0.626245697299358,
      3.0,
      2.9639167989414125e-08
    ]
  }
}