{
    "experiment_parameters": {
        "num_qubits": 5,
        "shots": 1024
    },
    "fidelities": {
        "(0, 4)": 0.0,
        "(1, 2)": 0.0
    },
    "mutual_information": [
        [
            0.0,
            0.3778388649465676,
            0.0,
            0.0,
            0.0
        ],
        [
            0.3778388649465676,
            0.0,
            0.2890244727507165,
            0.0,
            0.0
        ],
        [
            0.0,
            0.2890244727507165,
            0.0,
            0.2890244727507166,
            0.0
        ],
        [
            0.0,
            0.0,
            0.2890244727507166,
            0.0,
            0.3778388649465674
        ],
        [
            0.0,
            0.0,
            0.0,
            0.3778388649465674,
            0.0
        ]
    ],
    "embedded_space": [
        [
            0.6005888099293833,
            -0.17973162789585445
        ],
        [
            0.4125591534056205,
            0.18287323460975624
        ],
        [
            -0.1502783400754617,
            -0.49558348436604116
        ],
        [
            -0.5198368020084482,
            -0.02032789890130193
        ],
        [
            -0.3430328212504414,
            0.5127697765541227
        ]
    ]
}