{
  "lorentzian_solution": {
    "stationary_edge_lengths": [
      1.1548850970305307,
      0.9888859700647797,
      0.8478376983753207,
      1.085297914889198,
      1.1043140194467589,
      1.0245108790277986,
      1.1083868719818244,
      0.9975182385457563,
      1.0090931317527976,
      0.9710164073434199,
      0.8101676506976381,
      0.8431565707973219,
      0.8125716742746938,
      1.0545641645055122,
      0.9257423924305307,
      1.003428276465881,
      1.1630265895704373,
      0.89971689165955,
      0.9641531692142519,
      1.1022204554172195,
      0.891519266196649,
      0.8307919639315172,
      0.9159005811655072,
      0.8644885149016018,
      1.1718790609370293,
      1.1232481518257669,
      1.0533615026041694,
      1.148584236075087,
      1.1214688307596457,
      0.8746280235544144,
      1.1570235993959912,
      1.0157368967662603,
      1.122976062065625,
      1.1584365199693973,
      0.9272013899887456,
      0.8440207698110708,
      0.8911740650167767,
      0.9708431154505025,
      1.1272059063689972,
      1.1442922333025374,
      0.8027808522124763,
      1.0042989210310262,
      0.9669644012595116,
      0.8888431241882921,
      0.8479461469334731,
      0.9350460685614512,
      1.1771638815650076,
      0.9292811728083021,
      1.0075162486973464,
      1.0812075835580712,
      0.9454518409517176,
      1.1887128330883843,
      1.1849789179768444,
      0.9007129183301457,
      0.9988994023569542,
      0.9203513239267078,
      0.9139361977509871,
      0.8147547789418131,
      1.0438257335919587,
      1.0010716092915446,
      0.8205915004999957,
      0.9114585856946446,
      1.1633063543866615,
      0.895824756266789,
      0.8579579488364892,
      0.9957811041110252,
      1.1942601816442402,
      0.8968221086046002,
      1.0688542189623513,
      1.104647846131487,
      0.8950550175969599,
      1.0912865394447437
    ],
    "stationary_action": 0.0,
    "all_edges": [
      [
        [
          0,
          0
        ],
        [
          1,
          0
        ]
      ],
      [
        [
          0,
          0
        ],
        [
          11,
          0
        ]
      ],
      [
        [
          0,
          0
        ],
        [
          2,
          0
        ]
      ],
      [
        [
          0,
          0
        ],
        [
          10,
          0
        ]
      ],
      [
        [
          0,
          0
        ],
        [
          3,
          0
        ]
      ],
      [
        [
          0,
          0
        ],
        [
          9,
          0
        ]
      ],
      [
        [
          1,
          0
        ],
        [
          2,
          0
        ]
      ],
      [
        [
          1,
          0
        ],
        [
          4,
          0
        ]
      ],
      [
        [
          1,
          0
        ],
        [
          10,
          0
        ]
      ],
      [
        [
          2,
          0
        ],
        [
          3,
          0
        ]
      ],
      [
        [
          2,
          0
        ],
        [
          4,
          0
        ]
      ],
      [
        [
          2,
          0
        ],
        [
          5,
          0
        ]
      ],
      [
        [
          2,
          0
        ],
        [
          11,
          0
        ]
      ],
      [
        [
          3,
          0
        ],
        [
          4,
          0
        ]
      ],
      [
        [
          3,
          0
        ],
        [
          6,
          0
        ]
      ],
      [
        [
          4,
          0
        ],
        [
          5,
          0
        ]
      ],
      [
        [
          4,
          0
        ],
        [
          6,
          0
        ]
      ],
      [
        [
          4,
          0
        ],
        [
          7,
          0
        ]
      ],
      [
        [
          5,
          0
        ],
        [
          6,
          0
        ]
      ],
      [
        [
          5,
          0
        ],
        [
          8,
          0
        ]
      ],
      [
        [
          6,
          0
        ],
        [
          7,
          0
        ]
      ],
      [
        [
          6,
          0
        ],
        [
          8,
          0
        ]
      ],
      [
        [
          6,
          0
        ],
        [
          9,
          0
        ]
      ],
      [
        [
          7,
          0
        ],
        [
          8,
          0
        ]
      ],
      [
        [
          7,
          0
        ],
        [
          10,
          0
        ]
      ],
      [
        [
          8,
          0
        ],
        [
          9,
          0
        ]
      ],
      [
        [
          8,
          0
        ],
        [
          10,
          0
        ]
      ],
      [
        [
          8,
          0
        ],
        [
          11,
          0
        ]
      ],
      [
        [
          9,
          0
        ],
        [
          10,
          0
        ]
      ],
      [
        [
          10,
          0
        ],
        [
          11,
          0
        ]
      ],
      [
        [
          0,
          1
        ],
        [
          1,
          1
        ]
      ],
      [
        [
          0,
          1
        ],
        [
          11,
          1
        ]
      ],
      [
        [
          0,
          1
        ],
        [
          2,
          1
        ]
      ],
      [
        [
          0,
          1
        ],
        [
          10,
          1
        ]
      ],
      [
        [
          0,
          1
        ],
        [
          3,
          1
        ]
      ],
      [
        [
          0,
          1
        ],
        [
          9,
          1
        ]
      ],
      [
        [
          1,
          1
        ],
        [
          2,
          1
        ]
      ],
      [
        [
          1,
          1
        ],
        [
          4,
          1
        ]
      ],
      [
        [
          1,
          1
        ],
        [
          10,
          1
        ]
      ],
      [
        [
          2,
          1
        ],
        [
          3,
          1
        ]
      ],
      [
        [
          2,
          1
        ],
        [
          4,
          1
        ]
      ],
      [
        [
          2,
          1
        ],
        [
          5,
          1
        ]
      ],
      [
        [
          2,
          1
        ],
        [
          11,
          1
        ]
      ],
      [
        [
          3,
          1
        ],
        [
          4,
          1
        ]
      ],
      [
        [
          3,
          1
        ],
        [
          6,
          1
        ]
      ],
      [
        [
          4,
          1
        ],
        [
          5,
          1
        ]
      ],
      [
        [
          4,
          1
        ],
        [
          6,
          1
        ]
      ],
      [
        [
          4,
          1
        ],
        [
          7,
          1
        ]
      ],
      [
        [
          5,
          1
        ],
        [
          6,
          1
        ]
      ],
      [
        [
          5,
          1
        ],
        [
          8,
          1
        ]
      ],
      [
        [
          6,
          1
        ],
        [
          7,
          1
        ]
      ],
      [
        [
          6,
          1
        ],
        [
          8,
          1
        ]
      ],
      [
        [
          6,
          1
        ],
        [
          9,
          1
        ]
      ],
      [
        [
          7,
          1
        ],
        [
          8,
          1
        ]
      ],
      [
        [
          7,
          1
        ],
        [
          10,
          1
        ]
      ],
      [
        [
          8,
          1
        ],
        [
