{
  "success": true,
  "target_entropies": [
    0.1,
    0.4,
    0.9,
    1.5
  ],
  "achieved_entropies": [
    1.401499095419026e-15,
    1.521627589312085e-15,
    1.4415419267167122e-15,
    1.2813706015259665e-15
  ],
  "parameters": {
    "entanglement_strength": -4.362431465746237e-11,
    "weight": 1.7171274588635757,
    "gamma": -4.2336378173031413e-11,
    "sigma": 5.049289845962471e-08,
    "init_angle": 0.6381617049376336,
    "timesteps": 3,
    "asymmetry_strength": 2.319321824927684e-09
  },
  "loss": 0.7799634951375639,
  "iterations": 3,
  "optimization_result": {
    "fun": 0.7799634951375639,
    "direc": [
      [
        1.0,
        0.0,
        0.0,
        0.0,
        0.0,
        0.0,
        0.0
      ],
      [
        0.0,
        0.0,
        0.0,
        0.0,
        0.0,
        0.0,
        1.0
      ],
      [
        0.0,
        0.0,
        1.0,
        0.0,
        0.0,
        0.0,
        0.0
      ],
      [
        0.0,
        0.0,
        0.0,
        1.0,
        0.0,
        0.0,
        0.0
      ],
      [
        0.0,
        0.0,
        0.0,
        0.0,
        1.0,
        0.0,
        0.0
      ],
      [
        0.0,
        0.0,
        0.0,
        0.0,
        0.0,
        1.0,
        0.0
      ],
      [
        -2.4433951418818433e-11,
        -0.024745868579198377,
        -2.434932993364315e-11,
        1.964269040149273e-08,
        0.02995704984257138,
        0.0,
        3.177857414980497e-08
      ]
    ],
    "nit": 3,
    "nfev": 472,
    "status": 0,
    "success": true,
    "message": "Optimization terminated successfully.",
    "x": [
      -4.362431465746237e-11,
      1.7171274588635757,
      -4.2336378173031413e-11,
      5.049289845962471e-08,
      0.6381617049376336,
      3.0,
      2.319321824927684e-09
    ]
  }
}