{
  "success": true,
  "target_entropies": [
    0.1,
    0.4,
    0.9
  ],
  "achieved_entropies": [
    6.406853007629834e-16,
    6.406853007629834e-16,
    1.2813706015259665e-15
  ],
  "parameters": {
    "entanglement_strength": 0.8252496442725885,
    "weight": -0.00010869504632482997,
    "gamma": -3.0266719366758935e-08,
    "sigma": 3.028488933071234e-08,
    "init_angle": -7.395236932650617e-05,
    "timesteps": 0,
    "asymmetry_strength": -1.551663034573737e-08
  },
  "loss": 0.2924635196449508,
  "iterations": 4,
  "optimization_result": {
    "fun": 0.2924635196449508,
    "direc": [
      [
        0.0,
        0.0,
        0.0,
        0.0,
        0.0,
        0.0,
        1.0
      ],
      [
        0.0,
        1.0,
        0.0,
        0.0,
        0.0,
        0.0,
        0.0
      ],
      [
        0.0,
        0.0,
        1.0,
        0.0,
        0.0,
        0.0,
        0.0
      ],
      [
        0.0,
        0.0,
        0.0,
        1.0,
        0.0,
        0.0,
        0.0
      ],
      [
        0.0,
        0.0,
        0.0,
        0.0,
        1.0,
        0.0,
        0.0
      ],
      [
        0.0,
        0.0,
        0.0,
        0.0,
        0.0,
        1.0,
        0.0
      ],
      [
        -0.43470645095421895,
        -0.18860759408847058,
        9.109780607521548e-12,
        9.109780607521548e-12,
        -0.12832211704829746,
        -8.72269046514983e-09,
        7.476999017090188e-09
      ]
    ],
    "nit": 4,
    "nfev": 509,
    "status": 0,
    "success": true,
    "message": "Optimization terminated successfully.",
    "x": [
      0.8252496442725885,
      -0.00010869504632482997,
      -3.0266719366758935e-08,
      3.028488933071234e-08,
      -7.395236932650617e-05,
      7.018915264356047e-10,
      -1.551663034573737e-08
    ]
  }
}