{
  "success": true,
  "target_entropies": [
    0.1,
    0.4,
    0.9,
    1.5,
    2.0,
    2.3
  ],
  "achieved_entropies": [
    0.7342210427232022,
    1.0397588073824926,
    1.1297520324112473,
    1.0397588073824924,
    0.7342210427232022,
    2.2423985526704407e-15
  ],
  "parameters": {
    "entanglement_strength": 0.5214111036767846,
    "weight": 0.9141108994806323,
    "gamma": 0.01,
    "sigma": 0.01,
    "init_angle": 0.00031044819383830343,
    "timesteps": 3,
    "asymmetry_strength": 0.1470852173990241
  },
  "loss": 1.4293483548514525,
  "iterations": 27,
  "optimization_result": {
    "fun": 1.4293483548514525,
    "jac": [
      7.838174514468665e-06,
      1.2501111194464189e-05,
      0.00019999557565716344,
      0.00019999557565716344,
      6.195044477411581e-06,
      0.059999983124609926,
      1.3145040618480822e-05
    ],
    "nfev": 304,
    "njev": 38,
    "nit": 27,
    "status": 0,
    "message": "CONVERGENCE: RELATIVE REDUCTION OF F <= FACTR*EPSMCH",
    "x": [
      0.5214111036767846,
      0.9141108994806323,
      0.01,
      0.01,
      0.00031044819383830343,
      3.0,
      0.1470852173990241
    ],
    "success": true,
    "hess_inv": "<7x7 LbfgsInvHessProduct with dtype=float64>"
  }
}