{
  "success": true,
  "target_entropies": [
    0.1,
    0.6,
    1.3,
    1.8
  ],
  "achieved_entropies": [
    0.8138698872027124,
    1.2533945458094105,
    0.8138698872027126,
    1.6017132519074586e-16
  ],
  "parameters": {
    "entanglement_strength": 1.3251364817292537,
    "weight": 0.8503871119678391,
    "gamma": 0.09991008167984376,
    "sigma": 0.18471400358058987,
    "init_angle": 2.2931993876582633,
    "timesteps": 4,
    "asymmetry_strength": 0.5288215561063299
  },
  "loss": 1.3984565364669737,
  "iterations": 5,
  "optimization_result": {
    "fun": 1.3984565364669737,
    "jac": [
      0.17177115390098177,
      0.3418932453287672,
      -0.09208265266253547,
      0.0036942671163847076,
      -0.28409117453514293,
      0.09265541723558196,
      0.010576428568645083
    ],
    "nfev": 88,
    "njev": 11,
    "nit": 5,
    "status": 1,
    "message": "STOP: TOTAL NO. OF ITERATIONS REACHED LIMIT",
    "x": [
      1.3251364817292537,
      0.8503871119678391,
      0.09991008167984376,
      0.18471400358058987,
      2.2931993876582633,
      4.63277059447935,
      0.5288215561063299
    ],
    "success": false,
    "hess_inv": "<7x7 LbfgsInvHessProduct with dtype=float64>"
  },
  "warning": "Used fallback parameters due to: STOP: TOTAL NO. OF ITERATIONS REACHED LIMIT"
}