{
  "lorentzian_solution": {
    "stationary_edge_lengths": [
      0.08179277014796071,
      0.2646919876374084,
      0.06180340175600479,
      0.3202387806436828,
      0.025102221711335856,
      0.037575789982081095,
      0.17759583715621435,
      0.22439864078400434,
      0.18012855491525587,
      0.19256450661318358,
      0.001,
      0.04224400397863663,
      0.25717046027378815,
      0.2391191710866157,
      0.20643385799010147,
      0.07853698018909348,
      0.13659895046420195,
      0.15780791709577502,
      0.07582811269559316,
      0.08738639232278195,
      0.22418768369484526,
      0.10808837020173154,
      0.07815441300104312,
      0.03814467827353324,
      0.10687455063776619,
      0.009761153877015089,
      0.0010556820221914447,
      0.09256790225463113,
      0.21669361975765475,
      0.11794639572767278,
      0.9218455076693483,
      0.8390688456025536,
      1.0736932106048627,
      0.9760609974958405,
      0.8488152939379116,
      0.9980707640445081,
      0.8137554084460874,
      1.1637281608315129,
      0.9035119926400068,
      1.0650089137415928,
      0.9246844304357644,
      1.0080272084711244,
      1.0186841117373118,
      0.8739417822102109,
      1.1878338511058235,
      1.1100531293444458,
      1.1757995766256757,
      1.1579309401710596,
      1.039159991524434,
      1.1687496940092468
    ],
    "stationary_action": 0.00032090586323644626,
    "all_edges": [
      [
        [
          0,
          0
        ],
        [
          1,
          0
        ]
      ],
      [
        [
          0,
          0
        ],
        [
          3,
          0
        ]
      ],
      [
        [
          0,
          0
        ],
        [
          2,
          0
        ]
      ],
      [
        [
          1,
          0
        ],
        [
          2,
          0
        ]
      ],
      [
        [
          2,
          0
        ],
        [
          3,
          0
        ]
      ],
      [
        [
          0,
          1
        ],
        [
          1,
          1
        ]
      ],
      [
        [
          0,
          1
        ],
        [
          3,
          1
        ]
      ],
      [
        [
          0,
          1
        ],
        [
          2,
          1
        ]
      ],
      [
        [
          1,
          1
        ],
        [
          2,
          1
        ]
      ],
      [
        [
          2,
          1
        ],
        [
          3,
          1
        ]
      ],
      [
        [
          0,
          2
        ],
        [
          1,
          2
        ]
      ],
      [
        [
          0,
          2
        ],
        [
          3,
          2
        ]
      ],
      [
        [
          0,
          2
        ],
        [
          2,
          2
        ]
      ],
      [
        [
          1,
          2
        ],
        [
          2,
          2
        ]
      ],
      [
        [
          2,
          2
        ],
        [
          3,
          2
        ]
      ],
      [
        [
          0,
          3
        ],
        [
          1,
          3
        ]
      ],
      [
        [
          0,
          3
        ],
        [
          3,
          3
        ]
      ],
      [
        [
          0,
          3
        ],
        [
          2,
          3
        ]
      ],
      [
        [
          1,
          3
        ],
        [
          2,
          3
        ]
      ],
      [
        [
          2,
          3
        ],
        [
          3,
          3
        ]
      ],
      [
        [
          0,
          4
        ],
        [
          1,
          4
        ]
      ],
      [
        [
          0,
          4
        ],
        [
          3,
          4
        ]
      ],
      [
        [
          0,
          4
        ],
        [
          2,
          4
        ]
      ],
      [
        [
          1,
          4
        ],
        [
          2,
          4
        ]
      ],
      [
        [
          2,
          4
        ],
        [
          3,
          4
        ]
      ],
      [
        [
          0,
          5
        ],
        [
          1,
          5
        ]
      ],
      [
        [
          0,
          5
        ],
        [
          3,
          5
        ]
      ],
      [
        [
          0,
          5
        ],
        [
          2,
          5
        ]
      ],
      [
        [
          1,
          5
        ],
        [
          2,
          5
        ]
      ],
      [
        [
          2,
          5
        ],
        [
          3,
          5
        ]
      ],
      [
        [
          0,
          0
        ],
        [
          0,
          1
        ]
      ],
      [
        [
          1,
          0
        ],
        [
          1,
          1
        ]
      ],
      [
        [
          2,
          0
        ],
        [
          2,
          1
        ]
      ],
      [
        [
          3,
          0
        ],
        [
          3,
          1
        ]
      ],
      [
        [
          0,
          1
        ],
        [
          0,
          2
        ]
      ],
      [
        [
          1,
          1
        ],
        [
          1,
          2
        ]
      ],
      [
        [
          2,
          1
        ],
        [
          2,
          2
        ]
      ],
      [
        [
          3,
          1
        ],
        [
          3,
          2
        ]
      ],
      [
        [
          0,
          2
        ],
        [
          0,
          3
        ]
      ],
      [
        [
          1,
          2
        ],
        [
          1,
          3
        ]
      ],
      [
        [
          2,
          2
        ],
        [
          2,
          3
        ]
      ],
      [
        [
          3,
          2
        ],
        [
          3,
          3
        ]
      ],
      [
        [
          0,
          3
        ],
        [
          0,
          4
        ]
      ],
      [
        [
          1,
          3
        ],
        [
          1,
          4
        ]
      ],
      [
        [
          2,
          3
        ],
        [
          2,
          4
        ]
      ],
      [
        [
          3,
          3
        ],
        [
          3,
          4
        ]
      ],
      [
        [
          0,
          4
        ],
        [
          0,
          5
        ]
      ],
      [
        [
          1,
          4
        ],
        [
          1,
          5
        ]
      ],
      [
        [
          2,
          4
        ],
        [
          2,
          5
        ]
      ],
      [
        [
          3,
          4
        ],
        [
          3,
          5
        ]
      ]
    ]
  },
  "spec": {
    "num_qubits": 4,
    "topology": "triangulated",
    "custom_edges": "0-1:0.8926,0-2:0.8386,0-3:0.9055,1-2:0.9799,1-3:0.8305,2-3:0.8305",
    "alpha": 0.8,
    "weight": 0.8503871119678391,
    "gamma": 0.09991008167984376,
    "sigma": 0.18471400358058987,
    "init_angle": 2.2931993876582633,
    "init_angles": null,
    "shots": 100,
    "device": "ibm_brisbane",
    "geometry": "hyperbolic",
    "curvature": 1.0,
    "timesteps": 6,
    "dimension": 2,
    "mass_hinge": null,
    "mass_value": 0.0,
    "solve_regge": false,
    "lorentzian": true,
    "excite": true,
    "fast": false,
    "fast_preset": "balanced",
    "ctc_mode": false,
    "strong_curvature": true,
    "charge_injection": true,
    "charge_strength": 2.5,
    "charge_location": null,
    "spin_injection": true,
    "spin_strength": 2.0,
    "spin_location": null,
    "edge_floor": 0.001,
    "compute_entropies": true,
    "hyperbolic_triangulation": true,
    "trotter_steps": 8,
    "dt": 0.05,
    "analyze_curvature": true,
    "einstein_solver": true,
    "page_curve": true,
    "radiation_ordering": null,