{
  "success": true,
  "target_entropies": [
    0.1,
    0.4,
    0.9,
    1.5,
    2.0
  ],
  "achieved_entropies": [
    0.5137885110237818,
    0.8100594535244678,
    0.8100594535244678,
    0.5137885110237816,
    2.2423985526704407e-15
  ],
  "parameters": {
    "entanglement_strength": 0.4563185340289276,
    "weight": 0.7168831298533194,
    "gamma": 0.12722623376481357,
    "sigma": -9.408204313050976e-09,
    "init_angle": 0.6908109001103319,
    "timesteps": 3,
    "asymmetry_strength": 2.163661765921525e-11
  },
  "loss": 1.1661699604401705,
  "iterations": 3,
  "optimization_result": {
    "fun": 1.1661699604401705,
    "direc": [
      [
        1.0,
        0.0,
        0.0,
        0.0,
        0.0,
        0.0,
        0.0
      ],
      [
        0.0,
        1.0,
        0.0,
        0.0,
        0.0,
        0.0,
        0.0
      ],
      [
        0.0,
        0.0,
        1.0,
        0.0,
        0.0,
        0.0,
        0.0
      ],
      [
        0.0,
        0.0,
        0.0,
        1.0,
        0.0,
        0.0,
        0.0
      ],
      [
        0.0,
        0.0,
        0.0,
        0.0,
        1.0,
        0.0,
        0.0
      ],
      [
        0.0,
        0.0,
        0.0,
        0.0,
        0.0,
        1.0,
        0.0
      ],
      [
        0.0,
        0.0,
        0.0,
        0.0,
        0.0,
        0.0,
        1.0
      ]
    ],
    "nit": 3,
    "nfev": 457,
    "status": 0,
    "success": true,
    "message": "Optimization terminated successfully.",
    "x": [
      0.4563185340289276,
      0.7168831298533194,
      0.12722623376481357,
      -9.408204313050976e-09,
      0.6908109001103319,
      3.0,
      2.163661765921525e-11
    ]
  }
}