{
  "success": true,
  "target_entropies": [
    0.1,
    0.4,
    0.9,
    1.5
  ],
  "achieved_entropies": [
    0.35555972609804465,
    0.5159298881188524,
    0.3555597260980451,
    -1.9220559022889516e-15
  ],
  "parameters": {
    "entanglement_strength": 0.74674318523968,
    "weight": 0.8039851504084268,
    "gamma": 0.3679084501040561,
    "sigma": 0.30683682331337414,
    "init_angle": 2.6753318739207086,
    "timesteps": 2,
    "asymmetry_strength": 0.516750239129469
  },
  "loss": 0.8295563317304397,
  "iterations": 5,
  "optimization_result": {
    "fun": 0.8295563317304397,
    "jac": [
      -0.012807643770022942,
      -0.060878513035678025,
      0.016518564302882496,
      0.0061367355673851666,
      0.06199667483761212,
      0.058201488427168345,
      0.01033499947092322
    ],
    "nfev": 56,
    "njev": 7,
    "nit": 5,
    "status": 1,
    "message": "STOP: TOTAL NO. OF ITERATIONS REACHED LIMIT",
    "x": [
      0.74674318523968,
      0.8039851504084268,
      0.3679084501040561,
      0.30683682331337414,
      2.6753318739207086,
      2.9100748524710416,
      0.516750239129469
    ],
    "success": false,
    "hess_inv": "<7x7 LbfgsInvHessProduct with dtype=float64>"
  },
  "warning": "Used fallback parameters due to: STOP: TOTAL NO. OF ITERATIONS REACHED LIMIT"
}