{
  "success": true,
  "target_entropies": [
    0.2,
    0.7,
    1.3
  ],
  "achieved_entropies": [
    0.0013979065394401733,
    0.0013979065394401009,
    -1.9220559022889516e-15
  ],
  "parameters": {
    "entanglement_strength": 0.00358283887277961,
    "weight": 1.8553097394546973,
    "gamma": 0.028611380018965515,
    "sigma": -1.5927954048740986e-08,
    "init_angle": 0.6506140224668568,
    "timesteps": 3,
    "asymmetry_strength": -4.0009794841401236e-08
  },
  "loss": 0.738963179094598,
  "iterations": 4,
  "optimization_result": {
    "fun": 0.738963179094598,
    "direc": [
      [
        1.0,
        0.0,
        0.0,
        0.0,
        0.0,
        0.0,
        0.0
      ],
      [
        -0.010960278356586427,
        -0.001676983420275623,
        -0.004258660599447704,
        3.7321865009976466e-10,
        -0.02698842999834026,
        0.0,
        3.7321865009976466e-10
      ],
      [
        0.0,
        0.0,
        1.0,
        0.0,
        0.0,
        0.0,
        0.0
      ],
      [
        0.0,
        0.0,
        0.0,
        1.0,
        0.0,
        0.0,
        0.0
      ],
      [
        0.0,
        0.0,
        0.0,
        0.0,
        0.0,
        0.0,
        1.0
      ],
      [
        0.0,
        0.0,
        0.0,
        0.0,
        0.0,
        1.0,
        0.0
      ],
      [
        0.015398671796051143,
        -0.041701918430230536,
        0.005983216368027851,
        -1.4675043662041487e-08,
        0.025087547081402945,
        0.0,
        -2.2334928460256556e-08
      ]
    ],
    "nit": 4,
    "nfev": 564,
    "status": 0,
    "success": true,
    "message": "Optimization terminated successfully.",
    "x": [
      0.00358283887277961,
      1.8553097394546973,
      0.028611380018965515,
      -1.5927954048740986e-08,
      0.6506140224668568,
      3.0,
      -4.0009794841401236e-08
    ]
  }
}