{
  "success": true,
  "target_entropies": [
    0.1,
    0.4,
    0.9,
    1.5,
    2.0,
    2.3,
    2.5,
    2.6,
    2.7
  ],
  "achieved_entropies": [
    0.32678267359741814,
    1.035922462409074,
    1.2901322001559044,
    1.7004256151414183,
    2.1701760775173997,
    2.560153985536024,
    2.533842746037598,
    2.625608962757444,
    2.601109698928301
  ],
  "parameters": {
    "entanglement_strength": 1.2888426925403436,
    "weight": 0.6500234349040882,
    "gamma": -0.1233316591652811,
    "sigma": 0.05812087911860697,
    "init_angle": -0.47886537684449504,
    "timesteps": 0,
    "asymmetry_strength": -0.3801317818708525
  },
  "loss": 0.11411939055813955,
  "iterations": 2,
  "optimization_result": {
    "fun": 0.11411939055813955,
    "direc": [
      [
        1.0,
        0.0,
        0.0,
        0.0,
        0.0,
        0.0,
        0.0
      ],
      [
        0.0,
        1.0,
        0.0,
        0.0,
        0.0,
        0.0,
        0.0
      ],
      [
        0.0,
        0.0,
        1.0,
        0.0,
        0.0,
        0.0,
        0.0
      ],
      [
        0.0,
        0.0,
        0.0,
        1.0,
        0.0,
        0.0,
        0.0
      ],
      [
        0.0,
        0.0,
        0.0,
        0.0,
        1.0,
        0.0,
        0.0
      ],
      [
        0.0,
        0.0,
        0.0,
        0.0,
        0.0,
        1.0,
        0.0
      ],
      [
        0.0,
        0.0,
        0.0,
        0.0,
        0.0,
        0.0,
        1.0
      ]
    ],
    "nit": 2,
    "nfev": 165,
    "status": 0,
    "success": true,
    "message": "Optimization terminated successfully.",
    "x": [
      1.2888426925403436,
      0.6500234349040882,
      -0.1233316591652811,
      0.05812087911860697,
      -0.47886537684449504,
      0.8917476236447428,
      -0.3801317818708525
    ]
  }
}