{
  "success": true,
  "target_entropies": [
    0.2,
    0.7,
    1.3
  ],
  "achieved_entropies": [
    6.406853007629834e-16,
    6.406853007629834e-16,
    1.2813706015259665e-15
  ],
  "parameters": {
    "entanglement_strength": 1.2742105629934495,
    "weight": -3.71956107730871e-11,
    "gamma": -4.9012080805845733e-08,
    "sigma": 8.440358874504929e-10,
    "init_angle": 5.670097256123182e-08,
    "timesteps": 0,
    "asymmetry_strength": -4.9002035649892685e-08
  },
  "loss": 0.6226132610636703,
  "iterations": 3,
  "optimization_result": {
    "fun": 0.6226132610636703,
    "direc": [
      [
        1.0,
        0.0,
        0.0,
        0.0,
        0.0,
        0.0,
        0.0
      ],
      [
        0.0,
        1.0,
        0.0,
        0.0,
        0.0,
        0.0,
        0.0
      ],
      [
        0.0,
        0.0,
        1.0,
        0.0,
        0.0,
        0.0,
        0.0
      ],
      [
        0.0,
        0.0,
        0.0,
        1.0,
        0.0,
        0.0,
        0.0
      ],
      [
        0.0,
        0.0,
        0.0,
        0.0,
        1.0,
        0.0,
        0.0
      ],
      [
        0.0,
        0.0,
        0.0,
        0.0,
        0.0,
        1.0,
        0.0
      ],
      [
        0.0,
        0.0,
        0.0,
        0.0,
        0.0,
        0.0,
        1.0
      ]
    ],
    "nit": 3,
    "nfev": 393,
    "status": 0,
    "success": true,
    "message": "Optimization terminated successfully.",
    "x": [
      1.2742105629934495,
      -3.71956107730871e-11,
      -4.9012080805845733e-08,
      8.440358874504929e-10,
      5.670097256123182e-08,
      3.1642226245251554e-11,
      -4.9002035649892685e-08
    ]
  }
}