{
  "success": true,
  "target_entropies": [
    0.1,
    0.4,
    0.9,
    1.5,
    2.0
  ],
  "achieved_entropies": [
    0.49568026325853254,
    0.8079562922598471,
    0.807956292259847,
    0.4956802632585327,
    -1.9220559022889516e-15
  ],
  "parameters": {
    "entanglement_strength": 0.3573296818111247,
    "weight": 1.0430504140251948,
    "gamma": 0.08418078822607448,
    "sigma": 3.512557068634649e-08,
    "init_angle": 0.07123110723827063,
    "timesteps": 3,
    "asymmetry_strength": 3.331131845174511e-08
  },
  "loss": 1.1703022664084124,
  "iterations": 4,
  "optimization_result": {
    "fun": 1.1703022664084124,
    "direc": [
      [
        1.0,
        0.0,
        0.0,
        0.0,
        0.0,
        0.0,
        0.0
      ],
      [
        0.0,
        1.0,
        0.0,
        0.0,
        0.0,
        0.0,
        0.0
      ],
      [
        0.0,
        0.0,
        0.0,
        0.0,
        0.0,
        0.0,
        1.0
      ],
      [
        0.0,
        0.0,
        0.0,
        1.0,
        0.0,
        0.0,
        0.0
      ],
      [
        0.0,
        0.0,
        0.0,
        0.0,
        1.0,
        0.0,
        0.0
      ],
      [
        0.0,
        0.0,
        0.0,
        0.0,
        0.0,
        1.0,
        0.0
      ],
      [
        -0.018016120962602376,
        -0.03139022594993632,
        -0.24684534979703582,
        5.566210188143893e-07,
        -0.23077360681772424,
        0.0,
        5.566210188143893e-07
      ]
    ],
    "nit": 4,
    "nfev": 588,
    "status": 0,
    "success": true,
    "message": "Optimization terminated successfully.",
    "x": [
      0.3573296818111247,
      1.0430504140251948,
      0.08418078822607448,
      3.512557068634649e-08,
      0.07123110723827063,
      3.0,
      3.331131845174511e-08
    ]
  }
}