{
  "success": true,
  "target_entropies": [
    0.1,
    0.4,
    0.9,
    1.5,
    2.0,
    2.3,
    2.5,
    2.6,
    2.7
  ],
  "achieved_entropies": [
    0.49553859641319775,
    1.2700150113950561,
    1.5855195080200606,
    1.9878657857448068,
    2.4910012631522163,
    2.769455594417078,
    2.7919138924727847,
    2.7722247719455364,
    2.8321048980920867
  ],
  "parameters": {
    "entanglement_strength": 0.9051678779732736,
    "weight": 0.6598099328483849,
    "gamma": 0.29432483830016476,
    "sigma": 0.3455073135406044,
    "init_angle": 0.25916574420751004,
    "timesteps": 3,
    "asymmetry_strength": 0.9823808352940028
  },
  "loss": 0.0,
  "iterations": 0,
  "optimization_result": null,
  "message": "Skipped for large system"
}