{
  "success": true,
  "target_entropies": [
    0.1,
    0.4,
    0.9,
    1.5,
    2.0
  ],
  "achieved_entropies": [
    0.597301739802782,
    0.9775029555268102,
    0.9775029555268102,
    0.5973017398027821,
    2.5627412030519317e-15
  ],
  "parameters": {
    "entanglement_strength": 0.5463855822161973,
    "weight": 0.8213799803136589,
    "gamma": 0.40364545950089237,
    "sigma": 0.23388708756191534,
    "init_angle": 2.5425987143151656,
    "timesteps": 3,
    "asymmetry_strength": 0.927616257079529
  },
  "loss": 1.312224396757558,
  "iterations": 0,
  "optimization_result": {
    "fun": 1.312224396757558,
    "jac": [
      0.20814834196019177,
      0.3533043839720522,
      -0.04155056301213721,
      0.004677747081036317,
      -0.1253933853267062,
      0.06000000532907055,
      0.018552337350856665
    ],
    "nfev": 128,
    "njev": 16,
    "nit": 0,
    "status": 2,
    "message": "ABNORMAL: ",
    "x": [
      0.5463855822161973,
      0.8213799803136589,
      0.40364545950089237,
      0.23388708756191534,
      2.5425987143151656,
      3.0,
      0.927616257079529
    ],
    "success": false,
    "hess_inv": "<7x7 LbfgsInvHessProduct with dtype=float64>"
  },
  "warning": "Used fallback parameters due to: ABNORMAL: "
}