{
  "lorentzian_solution": {
    "stationary_edge_lengths": [
      0.4357247170307923,
      0.43188867688376664,
      0.44513176919898156,
      0.0012501484684063714,
      0.48889748032126057,
      0.006636310393908729,
      0.0113809730911139,
      0.0020219422204501443,
      0.7574136044853036,
      0.12739801591083197,
      0.010865814387671317,
      0.7225762685108703,
      0.001297210847924642,
      0.14242421448700512,
      0.9243485523911915,
      0.689514088342938,
      0.0017499721497103798,
      0.6268328071972831,
      0.0014252507535469363,
      0.7891532739851953,
      0.0017632489809240577,
      0.0012828478408016826,
      0.822107105911927,
      0.01705617340579073,
      0.0018725261448925726,
      0.36062632163591984,
      0.36228710497860955,
      0.004985854720642061,
      0.36992457143667995,
      0.0010124082506492574,
      0.002785698964706624,
      0.37274544666208226,
      1.5790996507653885,
      0.06014819568824732,
      0.0020770060418427187,
      0.47316175709354813,
      0.9346731237984981,
      0.00884454142349821,
      0.49509039721416276,
      0.1897984553828427,
      0.001062435179632133,
      0.22459848902067606,
      0.2709367857726356,
      0.6885999217224487,
      0.44880726681744876,
      0.0014667936580194767,
      0.002793755408767344,
      0.1054635763354939,
      0.49555016316715556,
      0.05270992526022281,
      0.12024138210824785,
      0.0010069079898204214,
      0.0031128475307678764,
      0.0014702652423506707,
      1.1452413703502373,
      1.0493192507310232,
      0.9323592099410597,
      0.8254233401144095,
      0.9243929286862649,
      0.9300733288106988,
      1.0918424713352257,
      1.0550229885420852,
      1.1548850970305307,
      0.9888859700647797,
      0.8478376983753207,
      1.085297914889198,
      1.1043140194467589,
      1.0245108790277986
    ],
    "stationary_action": 6.703488777503138e-05,
    "all_edges": [
      [
        [
          0,
          0
        ],
        [
          1,
          0
        ]
      ],
      [
        [
          0,
          0
        ],
        [
          6,
          0
        ]
      ],
      [
        [
          0,
          0
        ],
        [
          2,
          0
        ]
      ],
      [
        [
          0,
          0
        ],
        [
          3,
          0
        ]
      ],
      [
        [
          0,
          0
        ],
        [
          4,
          0
        ]
      ],
      [
        [
          1,
          0
        ],
        [
          2,
          0
        ]
      ],
      [
        [
          1,
          0
        ],
        [
          6,
          0
        ]
      ],
      [
        [
          1,
          0
        ],
        [
          4,
          0
        ]
      ],
      [
        [
          1,
          0
        ],
        [
          5,
          0
        ]
      ],
      [
        [
          2,
          0
        ],
        [
          3,
          0
        ]
      ],
      [
        [
          2,
          0
        ],
        [
          4,
          0
        ]
      ],
      [
        [
          2,
          0
        ],
        [
          5,
          0
        ]
      ],
      [
        [
          2,
          0
        ],
        [
          6,
          0
        ]
      ],
      [
        [
          3,
          0
        ],
        [
          4,
          0
        ]
      ],
      [
        [
          3,
          0
        ],
        [
          6,
          0
        ]
      ],
      [
        [
          4,
          0
        ],
        [
          5,
          0
        ]
      ],
      [
        [
          4,
          0
        ],
        [
          6,
          0
        ]
      ],
      [
        [
          5,
          0
        ],
        [
          6,
          0
        ]
      ],
      [
        [
          0,
          1
        ],
        [
          1,
          1
        ]
      ],
      [
        [
          0,
          1
        ],
        [
          6,
          1
        ]
      ],
      [
        [
          0,
          1
        ],
        [
          2,
          1
        ]
      ],
      [
        [
          0,
          1
        ],
        [
          3,
          1
        ]
      ],
      [
        [
          0,
          1
        ],
        [
          4,
          1
        ]
      ],
      [
        [
          1,
          1
        ],
        [
          2,
          1
        ]
      ],
      [
        [
          1,
          1
        ],
        [
          6,
          1
        ]
      ],
      [
        [
          1,
          1
        ],
        [
          4,
          1
        ]
      ],
      [
        [
          1,
          1
        ],
        [
          5,
          1
        ]
      ],
      [
        [
          2,
          1
        ],
        [
          3,
          1
        ]
      ],
      [
        [
          2,
          1
        ],
        [
          4,
          1
        ]
      ],
      [
        [
          2,
          1
        ],
        [
          5,
          1
        ]
      ],
      [
        [
          2,
          1
        ],
        [
          6,
          1
        ]
      ],
      [
        [
          3,
          1
        ],
        [
          4,
          1
        ]
      ],
      [
        [
          3,
          1
        ],
        [
          6,
          1
        ]
      ],
      [
        [
          4,
          1
        ],
        [
          5,
          1
        ]
      ],
      [
        [
          4,
          1
        ],
        [
          6,
          1
        ]
      ],
      [
        [
          5,
          1
        ],
        [
          6,
          1
        ]
      ],
      [
        [
          0,
          2
        ],
        [
          1,
          2
        ]
      ],
      [
        [
          0,
          2
        ],
        [
          6,
          2
        ]
      ],
      [
        [
          0,
          2
        ],
        [
          2,
          2
        ]
      ],
      [
        [
          0,
          2
        ],
        [
          3,
          2
        ]
      ],
      [
        [
          0,
          2
        ],
        [
          4,
          2
        ]
      ],
      [
        [
          1,
          2
        ],
        [
          2,
          2
        ]
      ],
      [
        [
          1,
          2
        ],
        [
          6,
          2
        ]
      ],
      [
        [
          1,
          2
        ],
        [
          4,
          2
        ]
      ],
      [
        [
          1,
          2
        ],
        [
          5,
          2
        ]
      ],
      [
        [
          2,
          2
        ],
        [
          3,
          2
        ]
      ],
      [
        [
          2,
          2
        ],
        [
          4,
          2
        ]
      ],
      [
        [
          2,
          2
        ],
        [
          5,
          2
        ]
      ],
      [
        [
          2,
          2
        ],
        [
          6,
          2
        ]
      ],
      [
        [
          3,
          2
        ],
        [
          4,
          2
        ]
      ],
      [
        [
          3,
          2
        ],
        [
          6,
          2
        ]
      ],
      [
        [
          4,
          2
        ],
        [
          5,
          2
        ]
      ],
      [
        [
          4,
          2
        ],
        [
          6,
          2
        ]
      ],
      [
        [
          5,
          2
        ],
        [
          6,
          2
        ]
      ],
      [
        [
          0,
          0
        ],
        [
          0,
          1
        ]
      ],
      [
        [
          1,
          0
        ],
        [
          1,
