{
  "lorentzian_solution": {
    "stationary_edge_lengths": [
      0.0010000000022535316,
      0.0010000000012522214,
      0.0010000000005017107,
      0.0010000000013254962,
      0.001000000001006418,
      0.0010000000012085897,
      0.0010000000003758114,
      0.0010000000035215173,
      0.0010000000021976874,
      0.001000000002379986,
      0.001000000000548229,
      0.0010000000006388232,
      0.0010000000027623468,
      0.0010000000005205845,
      0.0010000000014326327,
      0.0010000000003054232,
      0.0010000000016170407,
      0.0010000000017469368,
      0.0010000000015317756,
      0.0010000000022469813,
      0.0010000000019498856,
      1.1703878766534974,
      0.0010000000013681287,
      0.0010000000024386058,
      0.001000000002400192,
      0.001000000001738277,
      0.0010000000012628796,
      0.0010000000008831833,
      0.39691469886085984,
      0.0010000000009984245,
      0.001000000002743917,
      0.0010000000012910792,
      0.0010000000013317134,
      0.0010000000000227605,
      0.001000000001897261,
      0.0010000000012988508,
      0.0010000000015457644,
      0.0010000000018268729,
      0.001000000001593171,
      0.0010000000014251942,
      0.0010000000020404798,
      0.001000000001215584,
      0.0010000000025217615,
      0.0010000000007832632,
      0.0010000000034715573,
      0.0010000000011647359,
      0.001000000003001933,
      0.0010000000018641764,
      0.001000000002016499,
      0.001000000002160606,
      0.0010000000013814514,
      0.0010000000016026078,
      0.001000000004684698,
      0.0010000000016449073,
      1.1452413703502373,
      1.0493192507310232,
      0.9323592099410597,
      0.8254233401144095,
      0.9243929286862649,
      0.9300733288106988,
      1.0918424713352257,
      1.0550229885420852,
      1.1548850970305307,
      0.9888859700647797,
      0.8478376983753207,
      1.085297914889198,
      1.1043140194467589,
      1.0245108790277986
    ],
    "stationary_action": 1.6308951843599636e-11,
    "all_edges": [
      [
        [
          0,
          0
        ],
        [
          1,
          0
        ]
      ],
      [
        [
          0,
          0
        ],
        [
          6,
          0
        ]
      ],
      [
        [
          0,
          0
        ],
        [
          2,
          0
        ]
      ],
      [
        [
          0,
          0
        ],
        [
          3,
          0
        ]
      ],
      [
        [
          0,
          0
        ],
        [
          4,
          0
        ]
      ],
      [
        [
          1,
          0
        ],
        [
          2,
          0
        ]
      ],
      [
        [
          1,
          0
        ],
        [
          6,
          0
        ]
      ],
      [
        [
          1,
          0
        ],
        [
          4,
          0
        ]
      ],
      [
        [
          1,
          0
        ],
        [
          5,
          0
        ]
      ],
      [
        [
          2,
          0
        ],
        [
          3,
          0
        ]
      ],
      [
        [
          2,
          0
        ],
        [
          4,
          0
        ]
      ],
      [
        [
          2,
          0
        ],
        [
          5,
          0
        ]
      ],
      [
        [
          2,
          0
        ],
        [
          6,
          0
        ]
      ],
      [
        [
          3,
          0
        ],
        [
          4,
          0
        ]
      ],
      [
        [
          3,
          0
        ],
        [
          6,
          0
        ]
      ],
      [
        [
          4,
          0
        ],
        [
          5,
          0
        ]
      ],
      [
        [
          4,
          0
        ],
        [
          6,
          0
        ]
      ],
      [
        [
          5,
          0
        ],
        [
          6,
          0
        ]
      ],
      [
        [
          0,
          1
        ],
        [
          1,
          1
        ]
      ],
      [
        [
          0,
          1
        ],
        [
          6,
          1
        ]
      ],
      [
        [
          0,
          1
        ],
        [
          2,
          1
        ]
      ],
      [
        [
          0,
          1
        ],
        [
          3,
          1
        ]
      ],
      [
        [
          0,
          1
        ],
        [
          4,
          1
        ]
      ],
      [
        [
          1,
          1
        ],
        [
          2,
          1
        ]
      ],
      [
        [
          1,
          1
        ],
        [
          6,
          1
        ]
      ],
      [
        [
          1,
          1
        ],
        [
          4,
          1
        ]
      ],
      [
        [
          1,
          1
        ],
        [
          5,
          1
        ]
      ],
      [
        [
          2,
          1
        ],
        [
          3,
          1
        ]
      ],
      [
        [
          2,
          1
        ],
        [
          4,
          1
        ]
      ],
      [
        [
          2,
          1
        ],
        [
          5,
          1
        ]
      ],
      [
        [
          2,
          1
        ],
        [
          6,
          1
        ]
      ],
      [
        [
          3,
          1
        ],
        [
          4,
          1
        ]
      ],
      [
        [
          3,
          1
        ],
        [
          6,
          1
        ]
      ],
      [
        [
          4,
          1
        ],
        [
          5,
          1
        ]
      ],
      [
        [
          4,
          1
        ],
        [
          6,
          1
        ]
      ],
      [
        [
          5,
          1
        ],
        [
          6,
          1
        ]
      ],
      [
        [
          0,
          2
        ],
        [
          1,
          2
        ]
      ],
      [
        [
          0,
          2
        ],
        [
          6,
          2
        ]
      ],
      [
        [
          0,
          2
        ],
        [
          2,
          2
        ]
      ],
      [
        [
          0,
          2
        ],
        [
          3,
          2
        ]
      ],
      [
        [
          0,
          2
        ],
        [
          4,
          2
        ]
      ],
      [
        [
          1,
          2
        ],
        [
          2,
          2
        ]
      ],
      [
        [
          1,
          2
        ],
        [
          6,
          2
        ]
      ],
      [
        [
          1,
          2
        ],
        [
          4,
          2
        ]
      ],
      [
        [
          1,
          2
        ],
        [
          5,
          2
        ]
      ],
      [
        [
          2,
          2
        ],
        [
          3,
          2
        ]
      ],
      [
        [
          2,
          2
        ],
        [
          4,
          2
        ]
      ],
      [
        [
          2,
          2
        ],
        [
          5,
          2
        ]
      ],
      [
        [
          2,
          2
        ],
        [
          6,
          2
        ]
      ],
      [
        [
          3,
          2
        ],
        [
          4,
          2
        ]
      ],
      [
        [
          3,
          2
        ],
        [
          6,
          2
        ]
      ],
      [
        [
          4,
          2
        ],
        [
          5,
          2
        ]
      ],
      [
        [
          4,
          2
        ],
        [
          6,
          2
        ]
      ],
      [
        [
          5,
          2
        ],
        [
          6,
          2
        ]
      ],
      [
        [
          0,
          0
        ],
        [
          0,
          1
        ]
      ],
      [
