{
  "lorentzian_solution": {
    "stationary_edge_lengths": [
      0.0010000000004726228,
      0.0010000000180623303,
      0.00100000001056344,
      0.0010000000007881482,
      0.00100000002174494,
      0.0010000000250584007,
      0.0010000000193346459,
      0.0010000000245642404,
      0.0010000000007044374,
      0.0010000000230923067,
      0.0010000000160831357,
      0.001000000002255086,
      0.0010000000178524981,
      0.0010000000163752354,
      0.001000000014436897,
      0.001000000007860935,
      0.0010000000117369456,
      0.0010000000035566003,
      0.0010000000211800586,
      0.0010000000052632352,
      0.0010000000041552326,
      0.8109494573114564,
      0.0010000000042555968,
      0.0010000000160552691,
      0.0010000000199763548,
      0.0010000000019436683,
      0.001000000017463698,
      0.0010000000182284197,
      0.0010000000213230553,
      0.0010000000274923426,
      0.0010000000205767634,
      0.0010000000142313947,
      0.001000000014790281,
      0.0010000000098431272,
      0.0010000000220100613,
      0.0010000000088505878,
      0.0010000000144443355,
      0.001000000005526136,
      0.001000000015939917,
      0.0010000000137881937,
      0.001000000010001223,
      0.0010000000118604024,
      0.0010000000154429811,
      0.0010000000205119264,
      0.0010000000055765401,
      0.0010000000078949078,
      0.001000000018294589,
      0.0010000000145722332,
      0.0010000000161607403,
      0.0010000000087651006,
      0.0010000000072825088,
      0.0010000000078189686,
      0.001000000007831514,
      0.001000000012644997,
      1.1452413703502373,
      1.0493192507310232,
      0.9323592099410597,
      0.8254233401144095,
      0.9243929286862649,
      0.9300733288106988,
      1.0918424713352257,
      1.0550229885420852,
      1.1548850970305307,
      0.9888859700647797,
      0.8478376983753207,
      1.085297914889198,
      1.1043140194467589,
      1.0245108790277986
    ],
    "stationary_action": 2.362955224156277e-11,
    "all_edges": [
      [
        [
          0,
          0
        ],
        [
          1,
          0
        ]
      ],
      [
        [
          0,
          0
        ],
        [
          6,
          0
        ]
      ],
      [
        [
          0,
          0
        ],
        [
          2,
          0
        ]
      ],
      [
        [
          0,
          0
        ],
        [
          3,
          0
        ]
      ],
      [
        [
          0,
          0
        ],
        [
          4,
          0
        ]
      ],
      [
        [
          1,
          0
        ],
        [
          2,
          0
        ]
      ],
      [
        [
          1,
          0
        ],
        [
          6,
          0
        ]
      ],
      [
        [
          1,
          0
        ],
        [
          4,
          0
        ]
      ],
      [
        [
          1,
          0
        ],
        [
          5,
          0
        ]
      ],
      [
        [
          2,
          0
        ],
        [
          3,
          0
        ]
      ],
      [
        [
          2,
          0
        ],
        [
          4,
          0
        ]
      ],
      [
        [
          2,
          0
        ],
        [
          5,
          0
        ]
      ],
      [
        [
          2,
          0
        ],
        [
          6,
          0
        ]
      ],
      [
        [
          3,
          0
        ],
        [
          4,
          0
        ]
      ],
      [
        [
          3,
          0
        ],
        [
          6,
          0
        ]
      ],
      [
        [
          4,
          0
        ],
        [
          5,
          0
        ]
      ],
      [
        [
          4,
          0
        ],
        [
          6,
          0
        ]
      ],
      [
        [
          5,
          0
        ],
        [
          6,
          0
        ]
      ],
      [
        [
          0,
          1
        ],
        [
          1,
          1
        ]
      ],
      [
        [
          0,
          1
        ],
        [
          6,
          1
        ]
      ],
      [
        [
          0,
          1
        ],
        [
          2,
          1
        ]
      ],
      [
        [
          0,
          1
        ],
        [
          3,
          1
        ]
      ],
      [
        [
          0,
          1
        ],
        [
          4,
          1
        ]
      ],
      [
        [
          1,
          1
        ],
        [
          2,
          1
        ]
      ],
      [
        [
          1,
          1
        ],
        [
          6,
          1
        ]
      ],
      [
        [
          1,
          1
        ],
        [
          4,
          1
        ]
      ],
      [
        [
          1,
          1
        ],
        [
          5,
          1
        ]
      ],
      [
        [
          2,
          1
        ],
        [
          3,
          1
        ]
      ],
      [
        [
          2,
          1
        ],
        [
          4,
          1
        ]
      ],
      [
        [
          2,
          1
        ],
        [
          5,
          1
        ]
      ],
      [
        [
          2,
          1
        ],
        [
          6,
          1
        ]
      ],
      [
        [
          3,
          1
        ],
        [
          4,
          1
        ]
      ],
      [
        [
          3,
          1
        ],
        [
          6,
          1
        ]
      ],
      [
        [
          4,
          1
        ],
        [
          5,
          1
        ]
      ],
      [
        [
          4,
          1
        ],
        [
          6,
          1
        ]
      ],
      [
        [
          5,
          1
        ],
        [
          6,
          1
        ]
      ],
      [
        [
          0,
          2
        ],
        [
          1,
          2
        ]
      ],
      [
        [
          0,
          2
        ],
        [
          6,
          2
        ]
      ],
      [
        [
          0,
          2
        ],
        [
          2,
          2
        ]
      ],
      [
        [
          0,
          2
        ],
        [
          3,
          2
        ]
      ],
      [
        [
          0,
          2
        ],
        [
          4,
          2
        ]
      ],
      [
        [
          1,
          2
        ],
        [
          2,
          2
        ]
      ],
      [
        [
          1,
          2
        ],
        [
          6,
          2
        ]
      ],
      [
        [
          1,
          2
        ],
        [
          4,
          2
        ]
      ],
      [
        [
          1,
          2
        ],
        [
          5,
          2
        ]
      ],
      [
        [
          2,
          2
        ],
        [
          3,
          2
        ]
      ],
      [
        [
          2,
          2
        ],
        [
          4,
          2
        ]
      ],
      [
        [
          2,
          2
        ],
        [
          5,
          2
        ]
      ],
      [
        [
          2,
          2
        ],
        [
          6,
          2
        ]
      ],
      [
        [
          3,
          2
        ],
        [
          4,
          2
        ]
      ],
      [
        [
          3,
          2
        ],
        [
          6,
          2
        ]
      ],
      [
        [
          4,
          2
        ],
        [
          5,
          2
        ]
      ],
      [
        [
          4,
          2
        ],
        [
          6,
          2
        ]
      ],
      [
        [
          5,
          2
        ],
        [
          6,
          2
        ]
      ],
      [
        [
          0,
          0
        ],
        [
          0,
          1
        ]
      ],
      [
