{
  "lorentzian_solution": {
    "stationary_edge_lengths": [
      0.0010000000000000198,
      0.700035031722607,
      0.0010000000000000456,
      0.6010600490673238,
      0.0010000000000000106,
      0.001,
      0.03887242029095562,
      0.0010000000000000388,
      0.001,
      0.1196525378772048,
      0.30585400544545194,
      0.0010000000000000172,
      0.001000000000000019,
      0.001,
      0.0010000000000000154,
      0.6281859981848302,
      0.001,
      0.42591170239606535,
      0.001,
      0.03809434556525151,
      0.06389489693811526,
      0.0019113008873114109,
      0.001,
      0.04127157437667317,
      0.053467653975879936,
      0.023564249259037908,
      0.8197370364479439,
      0.006384680507380718,
      0.01414856878737667,
      0.5319476064637951,
      0.0010000000000000182,
      0.001,
      0.001,
      0.5139980502322522,
      0.0010000000000000024,
      0.560145453708866,
      0.001,
      0.0010000000000001674,
      0.04250603023100896,
      0.1972103939644001,
      0.001,
      0.1143540273386805,
      0.9987825758232196,
      0.044592067633223605,
      0.11283124637056646,
      0.001,
      0.0010000000000000132,
      0.03863131039328538,
      0.0010000000000000028,
      0.6027541274856152,
      1.141804819992504,
      0.001,
      0.001,
      0.001,
      0.001,
      0.0010000000000000033,
      0.001,
      0.0010000000000000057,
      0.001,
      0.001,
      0.001,
      0.001,
      0.001,
      0.2758407780564596,
      0.001,
      0.001000000000000001,
      0.001,
      12.294872833036333,
      0.2878670543969384,
      0.001,
      0.0010000000000000085,
      0.001,
      0.8101676506976381,
      0.8431565707973219,
      0.8125716742746938,
      1.0545641645055122,
      0.9257423924305307,
      1.003428276465881,
      1.1630265895704373,
      0.89971689165955,
      0.9641531692142519,
      1.1022204554172195,
      0.891519266196649,
      0.8307919639315172,
      0.9159005811655072,
      0.8644885149016018,
      1.1718790609370293,
      1.1232481518257669,
      1.0533615026041694,
      1.148584236075087,
      1.1214688307596457,
      0.8746280235544144,
      1.1570235993959912
    ],
    "stationary_action": 2.781648061622524e-05,
    "all_edges": [
      [
        [
          0,
          0
        ],
        [
          1,
          0
        ]
      ],
      [
        [
          0,
          0
        ],
        [
          6,
          0
        ]
      ],
      [
        [
          0,
          0
        ],
        [
          2,
          0
        ]
      ],
      [
        [
          0,
          0
        ],
        [
          3,
          0
        ]
      ],
      [
        [
          0,
          0
        ],
        [
          4,
          0
        ]
      ],
      [
        [
          1,
          0
        ],
        [
          2,
          0
        ]
      ],
      [
        [
          1,
          0
        ],
        [
          6,
          0
        ]
      ],
      [
        [
          1,
          0
        ],
        [
          4,
          0
        ]
      ],
      [
        [
          1,
          0
        ],
        [
          5,
          0
        ]
      ],
      [
        [
          2,
          0
        ],
        [
          3,
          0
        ]
      ],
      [
        [
          2,
          0
        ],
        [
          4,
          0
        ]
      ],
      [
        [
          2,
          0
        ],
        [
          5,
          0
        ]
      ],
      [
        [
          2,
          0
        ],
        [
          6,
          0
        ]
      ],
      [
        [
          3,
          0
        ],
        [
          4,
          0
        ]
      ],
      [
        [
          3,
          0
        ],
        [
          6,
          0
        ]
      ],
      [
        [
          4,
          0
        ],
        [
          5,
          0
        ]
      ],
      [
        [
          4,
          0
        ],
        [
          6,
          0
        ]
      ],
      [
        [
          5,
          0
        ],
        [
          6,
          0
        ]
      ],
      [
        [
          0,
          1
        ],
        [
          1,
          1
        ]
      ],
      [
        [
          0,
          1
        ],
        [
          6,
          1
        ]
      ],
      [
        [
          0,
          1
        ],
        [
          2,
          1
        ]
      ],
      [
        [
          0,
          1
        ],
        [
          3,
          1
        ]
      ],
      [
        [
          0,
          1
        ],
        [
          4,
          1
        ]
      ],
      [
        [
          1,
          1
        ],
        [
          2,
          1
        ]
      ],
      [
        [
          1,
          1
        ],
        [
          6,
          1
        ]
      ],
      [
        [
          1,
          1
        ],
        [
          4,
          1
        ]
      ],
      [
        [
          1,
          1
        ],
        [
          5,
          1
        ]
      ],
      [
        [
          2,
          1
        ],
        [
          3,
          1
        ]
      ],
      [
        [
          2,
          1
        ],
        [
          4,
          1
        ]
      ],
      [
        [
          2,
          1
        ],
        [
          5,
          1
        ]
      ],
      [
        [
          2,
          1
        ],
        [
          6,
          1
        ]
      ],
      [
        [
          3,
          1
        ],
        [
          4,
          1
        ]
      ],
      [
        [
          3,
          1
        ],
        [
          6,
          1
        ]
      ],
      [
        [
          4,
          1
        ],
        [
          5,
          1
        ]
      ],
      [
        [
          4,
          1
        ],
        [
          6,
          1
        ]
      ],
      [
        [
          5,
          1
        ],
        [
          6,
          1
        ]
      ],
      [
        [
          0,
          2
        ],
        [
          1,
          2
        ]
      ],
      [
        [
          0,
          2
        ],
        [
          6,
          2
        ]
      ],
      [
        [
          0,
          2
        ],
        [
          2,
          2
        ]
      ],
      [
        [
          0,
          2
        ],
        [
          3,
          2
        ]
      ],
      [
        [
          0,
          2
        ],
        [
          4,
          2
        ]
      ],
      [
        [
          1,
          2
        ],
        [
          2,
          2
        ]
      ],
      [
        [
          1,
          2
        ],
        [
          6,
          2
        ]
      ],
      [
        [
          1,
          2
        ],
        [
          4,
          2
        ]
      ],
      [
        [
          1,
          2
        ],
        [
          5,
          2
        ]
      ],
      [
        [
          2,
          2
        ],
        [
          3,
          2
        ]
      ],
      [
        [
          2,
          2
        ],
        [
          4,
          2
        ]
      ],
      [
        [
          2,
          2
        ],
        [
          5,
          2
        ]
      ],
      [
        [
          2,
          2
        ],
        [
          6,
          2
        ]
      ],
      [
        [
          3,
          2
        ],
        [
          4,
          2
        ]
      ],
      [
        [
          3,
          2
        ],
        [
          6,
          2
        ]
      ],
      [
        [
          4,
          2
        ],
        [
          5,
          2
        ]
      ],
      [
        [
          4,
          2
        ],
        [
          6,
          2
