{
  "success": true,
  "target_entropies": [
    0.1,
    0.4,
    0.9
  ],
  "achieved_entropies": [
    0.37909689167561456,
    0.3790968916756147,
    8.008566259537292e-16
  ],
  "parameters": {
    "entanglement_strength": 0.7534747596857841,
    "weight": 2.060955382696493,
    "gamma": 0.01,
    "sigma": 0.26060876550511675,
    "init_angle": 1.3534981118039073,
    "timesteps": 2,
    "asymmetry_strength": 0.46052476405687426
  },
  "loss": 0.41676414795356,
  "iterations": 5,
  "optimization_result": {
    "fun": 0.41676414795356,
    "jac": [
      -0.2701999166377944,
      -0.10387445966555287,
      -0.0008171574528197069,
      0.005212175138681428,
      0.022854906994840305,
      0.04533444203165841,
      0.009210493483865143
    ],
    "nfev": 72,
    "njev": 9,
    "nit": 5,
    "status": 1,
    "message": "STOP: TOTAL NO. OF ITERATIONS REACHED LIMIT",
    "x": [
      0.7534747596857841,
      2.060955382696493,
      0.01,
      0.26060876550511675,
      1.3534981118039073,
      2.266722127675852,
      0.46052476405687426
    ],
    "success": false,
    "hess_inv": "<7x7 LbfgsInvHessProduct with dtype=float64>"
  },
  "warning": "Used fallback parameters due to: STOP: TOTAL NO. OF ITERATIONS REACHED LIMIT"
}