{
  "run": 1,
  "cut_size": 1,
  "entropy": 0.9999999999971146,
  "valid": true,
  "marginal_probs": [
    0.4999999999999999,
    0.4999999999999999
  ]
}