{
  "run": 1,
  "cut_size": 4,
  "entropy": 3.999999999976917,
  "valid": true,
  "marginal_probs": [
    0.062499999999999896,
    0.06249999999999997,
    0.06249999999999997,
    0.062499999999999896,
    0.062499999999999896,
    0.06249999999999997,
    0.06249999999999997,
    0.062499999999999896,
    0.062499999999999896,
    0.06249999999999997,
    0.06249999999999997,
    0.062499999999999896,
    0.062499999999999896,
    0.06249999999999997,
    0.06249999999999997,
    0.062499999999999896
  ]
}