{
  "run": 1,
  "cut_size": 7,
  "entropy": 6.999999999815333,
  "valid": true,
  "marginal_probs": [
    0.00781249999999999,
    0.00781249999999999,
    0.00781249999999999,
    0.00781249999999999,
    0.00781249999999999,
    0.00781249999999999,
    0.00781249999999999,
    0.00781249999999999,
    0.007812499999999993,
    0.007812499999999993,
    0.007812499999999993,
    0.007812499999999993,
    0.007812499999999993,
    0.007812499999999993,
    0.007812499999999993,
    0.007812499999999993,
    0.007812499999999993,
    0.007812499999999993,
    0.007812499999999993,
    0.007812499999999993,
    0.007812499999999993,
    0.007812499999999993,
    0.007812499999999993,
    0.007812499999999993,
    0.00781249999999999,
    0.00781249999999999,
    0.00781249999999999,
    0.00781249999999999,
    0.00781249999999999,
    0.00781249999999999,
    0.00781249999999999,
    0.00781249999999999,
    0.00781249999999999,
    0.00781249999999999,
    0.00781249999999999,
    0.00781249999999999,
    0.00781249999999999,
    0.00781249999999999,
    0.00781249999999999,
    0.00781249999999999,
    0.007812499999999993,
    0.007812499999999993,
    0.007812499999999993,
    0.007812499999999993,
    0.007812499999999993,
    0.007812499999999993,
    0.007812499999999993,
    0.007812499999999993,
    0.007812499999999993,
    0.007812499999999993,
    0.007812499999999993,
    0.007812499999999993,
    0.007812499999999993,
    0.007812499999999993,
    0.007812499999999993,
    0.007812499999999993,
    0.00781249999999999,
    0.00781249999999999,
    0.00781249999999999,
    0.00781249999999999,
    0.00781249999999999,
    0.00781249999999999,
    0.00781249999999999,
    0.00781249999999999,
    0.00781249999999999,
    0.00781249999999999,
    0.00781249999999999,
    0.00781249999999999,
    0.00781249999999999,
    0.00781249999999999,
    0.00781249999999999,
    0.00781249999999999,
    0.007812499999999993,
    0.007812499999999993,
    0.007812499999999993,
    0.007812499999999993,
    0.007812499999999993,
    0.007812499999999993,
    0.007812499999999993,
    0.007812499999999993,
    0.007812499999999993,
    0.007812499999999993,
    0.007812499999999993,
    0.007812499999999993,
    0.007812499999999993,
    0.007812499999999993,
    0.007812499999999993,
    0.007812499999999993,
    0.00781249999999999,
    0.00781249999999999,
    0.00781249999999999,
    0.00781249999999999,
    0.00781249999999999,
    0.00781249999999999,
    0.00781249999999999,
    0.00781249999999999,
    0.00781249999999999,
    0.00781249999999999,
    0.00781249999999999,
    0.00781249999999999,
    0.00781249999999999,
    0.00781249999999999,
    0.00781249999999999,
    0.00781249999999999,
    0.007812499999999993,
    0.007812499999999993,
    0.007812499999999993,
    0.007812499999999993,
    0.007812499999999993,
    0.007812499999999993,
    0.007812499999999993,
    0.007812499999999993,
    0.007812499999999993,
    0.007812499999999993,
    0.007812499999999993,
    0.007812499999999993,
    0.007812499999999993,
    0.007812499999999993,
    0.007812499999999993,
    0.007812499999999993,
    0.00781249999999999,
    0.00781249999999999,
    0.00781249999999999,
    0.00781249999999999,
    0.00781249999999999,
    0.00781249999999999,
    0.00781249999999999,
    0.00781249999999999
  ]
}