{
  "run": 1,
  "cut_size": 2,
  "entropy": 1.9999999999942293,
  "valid": true,
  "marginal_probs": [
    0.2499999999999999,
    0.2499999999999999,
    0.2499999999999999,
    0.2499999999999999
  ]
}