{
  "success": true,
  "target_entropies": [
    0.1,
    0.6,
    1.3,
    1.8
  ],
  "achieved_entropies": [
    9.61027951144475e-16,
    9.61027951144475e-16,
    1.121199276335221e-15,
    3.2034265038149176e-16
  ],
  "parameters": {
    "entanglement_strength": 0.7811333145678512,
    "weight": 1.2646335754082851,
    "gamma": -9.408942916414253e-09,
    "sigma": -7.927905395687892e-08,
    "init_angle": 2.1832003294525605e-08,
    "timesteps": 0,
    "asymmetry_strength": -9.860814151966852e-08
  },
  "loss": 1.0342889653545826,
  "iterations": 3,
  "optimization_result": {
    "fun": 1.0342889653545826,
    "direc": [
      [
        1.0,
        0.0,
        0.0,
        0.0,
        0.0,
        0.0,
        0.0
      ],
      [
        0.0,
        1.0,
        0.0,
        0.0,
        0.0,
        0.0,
        0.0
      ],
      [
        0.0,
        0.0,
        1.0,
        0.0,
        0.0,
        0.0,
        0.0
      ],
      [
        0.0,
        0.0,
        0.0,
        1.0,
        0.0,
        0.0,
        0.0
      ],
      [
        0.0,
        0.0,
        0.0,
        0.0,
        1.0,
        0.0,
        0.0
      ],
      [
        0.0,
        0.0,
        0.0,
        0.0,
        0.0,
        1.0,
        0.0
      ],
      [
        0.0,
        0.0,
        0.0,
        0.0,
        0.0,
        0.0,
        1.0
      ]
    ],
    "nit": 3,
    "nfev": 384,
    "status": 0,
    "success": true,
    "message": "Optimization terminated successfully.",
    "x": [
      0.7811333145678512,
      1.2646335754082851,
      -9.408942916414253e-09,
      -7.927905395687892e-08,
      2.1832003294525605e-08,
      -3.163583407506402e-11,
      -9.860814151966852e-08
    ]
  }
}