{
  "linear_regression": {
    "slope": -0.025976646675223886,
    "intercept": 1.7361762473008058,
    "r_squared": 0.32263417958836993,
    "p_value": 0.11059747167640531,
    "std_err": 0.014226252721103476,
    "slope_ci_95": [
      -0.05961638886054642,
      0.007663095510098649
    ],
    "equation": "S_rad = -0.025977 \u00d7 \u03c6 + 1.736176"
  },
  "prediction_intervals": {
    "lower": [
      1.696690328638779,
      1.6677960688757618,
      1.6384625270020425,
      1.6086428422828967,
      1.5783047820256444,
      1.547436810513061,
      1.5160504634623708,
      1.4841779735662544,
      1.451866201559436
    ],
    "upper": [
      1.7756621659628324,
      1.7433503939560138,
      1.7114779040598975,
      1.6800915570092074,
      1.6492235854966237,
      1.6188855252393717,
      1.5890658405202258,
      1.5597322986465063,
      1.5308380388834892
    ]
  },
  "residuals": {
    "values": [
      -0.11340542733339465,
      0.06711238921907081,
      -0.040984801798342296,
      -0.032252334432551155,
      0.20987948325228034,
      0.03474598057267997,
      0.059867024078762654,
      -0.21886274579821552,
      0.03390043223970984
    ],
    "std": 0.11449197585798188,
    "durbin_watson": 2.3382615853309257,
    "shapiro_stat": 0.9642571806907654,
    "shapiro_p": 0.8416534066200256
  },
  "weighted_regression": null,
  "sample_size": 9,
  "degrees_of_freedom": 7
}