{
  "analysis_timestamp": "2025-07-17T15:22:16.038491",
  "results_file": "experiment_logs/custom_curvature_experiment\\results_n5_geomS_curv10_sim_30VI1F.json",
  "experiment_spec": {
    "num_qubits": 5,
    "topology": "star",
    "custom_edges": "0-1:1.0000,0-2:0.9862,0-3:1.0000,0-4:1.0000,1-2:0.9766,1-3:0.9766,1-4:1.0000,2-3:1.0000,2-4:0.9531,3-4:1.0000",
    "alpha": 0.8,
    "weight": 1.0,
    "gamma": 0.3,
    "sigma": null,
    "init_angle": 0.0,
    "init_angles": null,
    "shots": 20000,
    "device": "simulator",
    "geometry": "spherical",
    "curvature": 1.0,
    "timesteps": 1,
    "dimension": 2,
    "mass_hinge": null,
    "mass_value": 0.0,
    "solve_regge": false,
    "lorentzian": false
  },
  "analysis_results": {
    "shots": 20000,
    "num_qubits": 5,
    "geometry": "spherical",
    "curvature": 1.0,
    "gromov_delta": 2.373821866421207,
    "mutual_information_stats": {
      "mean": 0.23233629869594985,
      "max": 0.5960672444523727,
      "min": 0.06635653836426503,
      "variance": 0.036842473846137855,
      "strongest_pair": [
        "I_0,4",
        0.5960672444523727
      ],
      "weakest_pair": [
        "I_2,3",
        0.06635653836426503
      ]
    },
    "geometric_stats": {
      "mean_angle_sum": 5.19539450830512,
      "deviation_from_flat": 2.053801854715327,
      "spherical_indicators": 9,
      "total_triangles": 10
    }
  }
}