{
    "alpha": 0.8452816861689775,
    "beta": 3.1622708337551284,
    "gamma": 1.74903474952482,
    "n": 5,
    "k": 2
}