{
  "experiment_name": "entanglement_robustness",
  "timestamp": "20250616_101108",
  "parameters": {},
  "results": [
    {
      "num_cnots": 0,
      "entropy": 0.9991082581888838,
      "mi_matrix": [
        [
          0.0,
          -1.4428232973175175e-12,
          -1.4428232973175175e-12,
          -1.4428232973175175e-12,
          -1.4428232973175175e-12,
          -1.4428458428028534e-12
        ],
        [
          -1.4428232973175175e-12,
          0.0,
          -1.4428232973175175e-12,
          -1.4428232973175175e-12,
          -1.4428232973175175e-12,
          -1.4428458428028534e-12
        ],
        [
          -1.4428232973175175e-12,
          -1.4428232973175175e-12,
          0.0,
          -1.4428232973175175e-12,
          -1.4428232973175175e-12,
          -1.4428458428028534e-12
        ],
        [
          -1.4428232973175175e-12,
          -1.4428232973175175e-12,
          -1.4428232973175175e-12,
          0.0,
          -1.4428232973175175e-12,
          -1.4428458428028534e-12
        ],
        [
          -1.4428232973175175e-12,
          -1.4428232973175175e-12,
          -1.4428232973175175e-12,
          -1.4428232973175175e-12,
          0.0,
          -1.4428458428028534e-12
        ],
        [
          -1.4428458428028534e-12,
          -1.4428458428028534e-12,
          -1.4428458428028534e-12,
          -1.4428458428028534e-12,
          -1.4428458428028534e-12,
          0.0
        ]
      ],
      "avg_mi": -1.2023590103994136e-12,
      "valid": true
    },
    {
      "num_cnots": 1,
      "entropy": 0.9998651613979794,
      "mi_matrix": [
        [
          0.0,
          -1.4428232973175175e-12,
          -1.4428232973175175e-12,
          -1.4428232973175175e-12,
          -1.4428458428028534e-12,
          -1.4428458428028534e-12
        ],
        [
          -1.4428232973175175e-12,
          0.0,
          -1.4428232973175175e-12,
          -1.4428232973175175e-12,
          -1.4428458428028534e-12,
          -1.4428458428028534e-12
        ],
        [
          -1.4428232973175175e-12,
          -1.4428232973175175e-12,
          0.0,
          -1.4428232973175175e-12,
          -1.4428458428028534e-12,
          -1.4428458428028534e-12
        ],
        [
          -1.4428232973175175e-12,
          -1.4428232973175175e-12,
          -1.4428232973175175e-12,
          0.0,
          -1.4428458428028534e-12,
          -1.4428458428028534e-12
        ],
        [
          -1.4428458428028534e-12,
          -1.4428458428028534e-12,
          -1.4428458428028534e-12,
          -1.4428458428028534e-12,
          0.0,
          0.9998651613979794
        ],
        [
          -1.4428458428028534e-12,
          -1.4428458428028534e-12,
          -1.4428458428028534e-12,
          -1.4428458428028534e-12,
          0.9998651613979794,
          0.0
        ]
      ],
      "avg_mi": 0.055548064520987754,
      "valid": true
    },
    {
      "num_cnots": 2,
      "entropy": 0.9973539766854365,
      "mi_matrix": [
        [
          0.0,
          -1.4428232973175175e-12,
          -1.4428232973175175e-12,
          -1.4428458428028534e-12,
          -1.4428458428028534e-12,
          -1.4428458428028534e-12
        ],
        [
          -1.4428232973175175e-12,
          0.0,
          -1.4428232973175175e-12,
          -1.4428458428028534e-12,
          -1.4428458428028534e-12,
          -1.4428458428028534e-12
        ],
        [
          -1.4428232973175175e-12,
          -1.4428232973175175e-12,
          0.0,
          -1.4428458428028534e-12,
          -1.4428458428028534e-12,
          -1.4428458428028534e-12
        ],
        [
          -1.4428458428028534e-12,
          -1.4428458428028534e-12,
          -1.4428458428028534e-12,
          0.0,
          0.9973539766854365,
          0.9973539766854365
        ],
        [
          -1.4428458428028534e-12,
          -1.4428458428028534e-12,
          -1.4428458428028534e-12,
          0.9973539766854365,
          0.0,
          0.9973539766854365
        ],
        [
          -1.4428458428028534e-12,
          -1.4428458428028534e-12,
          -1.4428458428028534e-12,
          0.9973539766854365,
          0.9973539766854365,
          0.0
        ]
      ],
      "avg_mi": 0.16622566277994422,
      "valid": true
    },
    {
      "num_cnots": 3,
      "entropy": 0.998667756215461,
      "mi_matrix": [
        [
          0.0,
          -1.4428232973175175e-12,
          -1.4428458428028534e-12,
          -1.4428458428028534e-12,
          -1.4428458428028534e-12,
          -1.4428458428028534e-12
        ],
        [
          -1.4428232973175175e-12,
          0.0,
          -1.4428458428028534e-12,
          -1.4428458428028534e-12,
          -1.4428458428028534e-12,
          -1.4428458428028534e-12
        ],
        [
          -1.4428458428028534e-12,
          -1.4428458428028534e-12,
          0.0,
          0.998667756215461,
          0.998667756215461,
          0.998667756215461
        ],
        [
          -1.4428458428028534e-12,
          -1.4428458428028534e-12,
          0.998667756215461,
          0.0,
          0.998667756215461,
          0.998667756215461
        ],
        [
          -1.4428458428028534e-12,
          -1.4428458428028534e-12,
          0.998667756215461,
          0.998667756215461,
          0.0,
          0.998667756215461
        ],
        [
          -1.4428458428028534e-12,
          -1.4428458428028534e-12,
          0.998667756215461,
          0.998667756215461,
          0.998667756215461,
          0.0
        ]
      ],
      "avg_mi": 0.33288925207109893,
      "valid": true
    },
    {
      "num_cnots": 4,
      "entropy": 0.9975220307816461,
      "mi_matrix": [
        [
          0.0,
          -1.4428458428028534e-12,
          -1.4428458428028534e-12,
          -1.4428458428028534e-12,
          -1.4428458428028534e-12,
          -1.4428458428028534e-12
        ],
        [
          -1.4428458428028534e-12,
          0.0,
          0.9975220307816461,
          0.9975220307816461,
          0.9975220307816461,
          0.9975220307816461
        ],
        [
          -1.4428458428028534e-12,
          0.9975220307816461,
          0.0,
          0.9975220307816461,
          0.9975220307816461,
          0.9975220307816461
        ],
        [
          -1.4428458428028534e-12,
          0.9975220307816461,
          0.9975220307816461,
          0.0,
          0.9975220307816461,
          0.9975220307816461
        ],
        [
          -1.4428458428028534e-12,
          0.9975220307816461,
          0.9975220307816461,
          0.9975220307816461,
          0.0,
          0.9975220307816461
        ],
        [
          -1.4428458428028534e-12,
          0.9975220307816461,
          0.9975220307816461,
          0.9975220307816461,
          0.9975220307816461,
          0.0
        ]
      ],
      "avg_mi": 0.5541789059894026,
      "valid": true
    },
    {
      "num_cnots": 5,
      "entropy": 0.9996670159659137,