{
  "success": true,
  "target_entropies": [
    0.1,
    0.4,
    0.9,
    1.5,
    2.0,
    2.3,
    2.5,
    2.6,
    2.7
  ],
  "achieved_entropies": [
    0.5014547578602637,
    0.942750894291922,
    1.4620775766822094,
    1.7379356123220828,
    2.150983255810301,
    2.5673319843409668,
    2.5290816909629985,
    2.6475806249894376,
    2.6338759769993376
  ],
  "parameters": {
    "entanglement_strength": -1.0106589241918926,
    "weight": 0.2833604938666353,
    "gamma": 0.10855225977302546,
    "sigma": -0.41434088325314256,
    "init_angle": 1.7615369527324596,
    "timesteps": 0,
    "asymmetry_strength": -0.8175221720859785
  },
  "loss": 0.12190710504784047,
  "iterations": 2,
  "optimization_result": {
    "fun": 0.12190710504784047,
    "direc": [
      [
        1.0,
        0.0,
        0.0,
        0.0,
        0.0,
        0.0,
        0.0
      ],
      [
        0.0,
        1.0,
        0.0,
        0.0,
        0.0,
        0.0,
        0.0
      ],
      [
        0.0,
        0.0,
        1.0,
        0.0,
        0.0,
        0.0,
        0.0
      ],
      [
        0.0,
        0.0,
        0.0,
        1.0,
        0.0,
        0.0,
        0.0
      ],
      [
        0.0,
        0.0,
        0.0,
        0.0,
        1.0,
        0.0,
        0.0
      ],
      [
        0.0,
        0.0,
        0.0,
        0.0,
        0.0,
        1.0,
        0.0
      ],
      [
        0.0,
        0.0,
        0.0,
        0.0,
        0.0,
        0.0,
        1.0
      ]
    ],
    "nit": 2,
    "nfev": 276,
    "status": 0,
    "success": true,
    "message": "Optimization terminated successfully.",
    "x": [
      -1.0106589241918926,
      0.2833604938666353,
      0.10855225977302546,
      -0.41434088325314256,
      1.7615369527324596,
      0.9442719098511569,
      -0.8175221720859785
    ]
  }
}