{
  "device": "simulator",
  "shots": 100,
  "timesteps": [
    0.0,
    0.6731984257692414,
    1.3463968515384828,
    2.019595277307724,
    2.6927937030769655,
    3.365992128846207,
    4.039190554615448,
    4.71238898038469,
    5.385587406153931,
    6.058785831923172,
    6.731984257692414,
    7.405182683461655,
    8.078381109230897,
    8.751579535000138,
    9.42477796076938
  ],
  "entropies": [
    0.9999999999971146,
    0.41795926279082846,
    0.015511063157402102,
    0.08148622111655879,
    0.606722535107924,
    0.9511327443365265,
    0.24807820194514485,
    0.0019253578053266551,
    0.21790779271223681,
    0.7967996603522578,
    0.8338386052886632,
    0.1766781295322927,
    0.023950153023987914,
    0.289404056530103,
    0.9999999999971146
  ],
  "curvatures": [
    1.742854028850393,
    1.499632182657976,
    1.423297368717864,
    1.1970303174819952,
    1.705407229748084,
    1.7026179124078942,
    1.1867924104853045,
    1.529302388626237,
    1.214501756596217,
    1.7850756655672453,
    1.7037942535880342,
    1.6822518266590532,
    1.2742521940685239,
    1.8873478929798577,
    1.4165509678226378
  ],
  "distances": [
    500001.22142346227,
    500002.092890338,
    500076.50420102006,
    500672.9784798015,
    500001.56229212973,
    500001.2477584276,
    500003.25535658025,
    500312.10750788194,
    500003.9171319181,
    500001.356976388,
    500001.32509571355,
    500005.08763262787,
    500154.51216732356,
    500002.733054873,
    500001.22142346227
  ],
  "geometries": [
    [
      [
        -197938.41407029418,
        139834.8517331806,
        -61374.08933901101
      ],
      [
        593752.8643200335,
        -419530.3097457314,
        184264.6558485887
      ],
      [
        -197920.54820109703,
        139829.79002291584,
        -61443.20016718793
      ],
      [
        -197893.90204864228,
        139865.667989635,
        -61447.36634238975
      ]
    ],
    [
      [
        -101501.510258246,
        -206501.94241401245,
        -97747.48929850494
      ],
      [
        304411.57430165604,
        619497.2360373983,
        293357.0733338922
      ],
      [
        -101455.25814361217,
        -206481.16070152205,
        -97839.3647323845
      ],
      [
        -101454.8058997979,
        -206514.13292186393,
        -97770.21930300283
      ]
    ],
    [
      [
        -189522.77506029396,
        -19167.633774603673,
        161907.1227259873
      ],
      [
        568701.3806286,
        57023.18968924269,
        -485621.9523985733
      ],
      [
        -189644.77769453352,
        -18874.12431846499,
        161798.7506307901
      ],
      [
        -189533.8278737725,
        -18981.431596174025,
        161916.0790417958
      ]
    ],
    [
      [
        -249051.1007625585,
        -18785.023631180058,
        -11090.660554830956
      ],
      [
        747400.9742669817,
        55053.2967273788,
        29354.5626136246
      ],
      [
        -249218.36996358028,
        -17882.654716856985,
        -8484.142820089595
      ],
      [
        -249131.50354084297,
        -18385.618379341755,
        -9779.759238704048
      ]
    ],
    [
      [
        216815.64722444024,
        80599.59807185287,
        94841.23778364707
      ],
      [
        -650460.4860384396,
        -241841.9037113429,
        -284456.0727987152
      ],
      [
        216812.9803524693,
        80663.87635846183,
        94792.67358466513
      ],
      [
        216831.85846152983,
        80578.42928102819,
        94822.16143040302
      ]
    ],
    [
      [
        -15334.988712605335,
        2942.547272179169,
        -249512.24411834838
      ],
      [
        46068.67101564158,
        -8779.259029901224,
        748533.3724640118
      ],
      [
        -15411.937543427322,
        2908.8878853341143,
        -249507.8974910999
      ],
      [
        -15321.744759608922,
        2927.8238723879394,
        -249513.23085456327
      ]
    ],
    [
      [
        126099.57211103928,
        -90560.51164353818,
        -195953.750324398
      ],
      [
        -378183.0749824313,
        271612.77969441307,
        587967.3956951944
      ],
      [
        126011.78368999102,
        -90507.46053693254,
        -196034.71736893427
      ],
      [
        126071.71918140104,
        -90544.80751394233,
        -195978.92800186202
      ]
    ],
    [
      [
        197680.6433096802,
        -19488.582961581138,
        151800.15655142078
      ],
      [
        -593802.4760948982,
        58706.9922601758,
        -454371.5766019221
      ],
      [
        198166.28979250413,
        -19921.52458878901,
        151107.27702415004
      ],
      [
        197955.54299271392,
        -19296.884709805654,
        151464.1430263513
      ]
    ],
    [
      [
        138223.31484432248,
        -16424.38965821455,
        207664.95956846335
      ],
      [
        -414588.2750478832,
        49464.75081502676,
        -623034.0209786923
      ],
      [
        138167.0033747321,
        -16564.692591619536,
        207691.28709898362
      ],
      [
        138197.9568288286,
        -16475.668565192675,
        207677.77431124527
      ]
    ],
    [
      [
        138339.49564922618,
        204272.08806372585,
        -40438.576600602224
      ],
      [
        -414949.7494225008,
        -612877.4896128394,
        121241.38535932374
      ],
      [
        138345.19888146373,
        204287.10532626967,
        -40343.09026586271
      ],
      [
        138265.0548918108,
        204318.29622284393,
        -40459.7184928588
      ]
    ],
    [
      [
        152123.4427485746,
        -24389.287979863064,
        -196885.24878480844
      ],
      [
        -456350.1397308365,
        73317.75853424094,
        590652.7418609388
      ],
      [
        152087.5261458543,
        -24456.614304516686,
        -196904.6439906467
      ],
      [
        152139.17083640757,
        -24471.856249861183,
        -196862.84908548364
      ]
    ],
    [
      [
        -82880.8650639121,
        169517.46181876212,
        163996.2627303372
      ],
      [
        248581.1185204656,
        -508648.59073857195,
        -491920.34352037613
      ],
      [
        -82792.68248774896,
        169609.0141005573,
        163946.13245388982
      ],
      [
        -82907.57096880453,
        169522.11481925249,
        163977.9483361492
      ]
    ],
    [
      [
        239955.142470604,
        -69510.57170045248,
        -9493.697694514021
      ],
      [
        -719954.1778133627,
        208351.56361179656,
        27516.41327540804
      ],
      [
        240003.24694289686,
        -69430.4667856217,
        -8836.766283671386
      ],
      [
        239995.78839986166,
        -69410.52512572237,
        -9185.949297222629
      ]
    ],
    [
      [
        220853.26632543604,
        107794.05136548543,
        45874.37208734215
      ],
      [
        -662552.989727066,
        -323372.08962970175,
        -137679.4669898969
      ],
      [
        220837.18748947376,
        107827.00734251879,
        45874.32175023091
      ],
      [
        220862.53591215625,
        107751.0309216975,
        45930.773152323825
      ]
    ],
    [
      [
        -168911.1847908136,
        52997.523491224245,
        176523.2407611088
      ],
      [
        506815.36879187427,
        -158976.6678047331,
        -529496.1829741319
      ],
      [
        -168982.20274774375,
        52972.22328744757,
        176462.85465150923
      ],
      [
        -168921.98125331692,
        53006.92102606128,
        176510.0875615138
      ]
    ]
  ]
}