{
  "success": true,
  "target_entropies": [
    0.1,
    0.4,
    0.9,
    1.5,
    2.0
  ],
  "achieved_entropies": [
    6.406853007629834e-16,
    1.2813706015259663e-15,
    1.6017132519074581e-15,
    1.6017132519074586e-16,
    9.61027951144475e-16
  ],
  "parameters": {
    "entanglement_strength": 1.3675618139108083,
    "weight": -2.7818795065127196e-11,
    "gamma": 3.164645723580946e-11,
    "sigma": -3.027690585039885e-08,
    "init_angle": -4.901196306669397e-08,
    "timesteps": 0,
    "asymmetry_strength": -9.861048677469724e-08
  },
  "loss": 1.0843308860218166,
  "iterations": 3,
  "optimization_result": {
    "fun": 1.0843308860218166,
    "direc": [
      [
        1.0,
        0.0,
        0.0,
        0.0,
        0.0,
        0.0,
        0.0
      ],
      [
        0.0,
        1.0,
        0.0,
        0.0,
        0.0,
        0.0,
        0.0
      ],
      [
        0.0,
        0.0,
        1.0,
        0.0,
        0.0,
        0.0,
        0.0
      ],
      [
        0.0,
        0.0,
        0.0,
        1.0,
        0.0,
        0.0,
        0.0
      ],
      [
        0.0,
        0.0,
        0.0,
        0.0,
        1.0,
        0.0,
        0.0
      ],
      [
        0.0,
        0.0,
        0.0,
        0.0,
        0.0,
        1.0,
        0.0
      ],
      [
        0.0,
        0.0,
        0.0,
        0.0,
        0.0,
        0.0,
        1.0
      ]
    ],
    "nit": 3,
    "nfev": 444,
    "status": 0,
    "success": true,
    "message": "Optimization terminated successfully.",
    "x": [
      1.3675618139108083,
      -2.7818795065127196e-11,
      3.164645723580946e-11,
      -3.027690585039885e-08,
      -4.901196306669397e-08,
      1.3655543307213513e-09,
      -9.861048677469724e-08
    ]
  }
}