{
  "success": true,
  "target_entropies": [
    0.1,
    0.4,
    0.9,
    1.5
  ],
  "achieved_entropies": [
    4.0042831297686473e-16,
    5.072091964373618e-16,
    6.807281320606698e-16,
    0.0
  ],
  "parameters": {
    "entanglement_strength": -7.070455124608313e-09,
    "weight": 1.7173309650675044,
    "gamma": -7.056841166554151e-08,
    "sigma": 5.44763160852569e-08,
    "init_angle": 0.638810498058405,
    "timesteps": 3,
    "asymmetry_strength": -1.7937725504031766e-08
  },
  "loss": 0.7799635415392996,
  "iterations": 3,
  "optimization_result": {
    "fun": 0.7799635415392996,
    "direc": [
      [
        1.0,
        0.0,
        0.0,
        0.0,
        0.0,
        0.0,
        0.0
      ],
      [
        0.0,
        0.0,
        0.0,
        0.0,
        0.0,
        0.0,
        1.0
      ],
      [
        0.0,
        0.0,
        1.0,
        0.0,
        0.0,
        0.0,
        0.0
      ],
      [
        0.0,
        0.0,
        0.0,
        1.0,
        0.0,
        0.0,
        0.0
      ],
      [
        0.0,
        0.0,
        0.0,
        0.0,
        1.0,
        0.0,
        0.0
      ],
      [
        0.0,
        0.0,
        0.0,
        0.0,
        0.0,
        1.0,
        0.0
      ],
      [
        -4.7446498894349267e-08,
        -0.03504322459744486,
        -2.932638887119393e-08,
        2.2641952020742444e-08,
        0.048373558759525086,
        0.0,
        3.663087573445694e-08
      ]
    ],
    "nit": 3,
    "nfev": 474,
    "status": 0,
    "success": true,
    "message": "Optimization terminated successfully.",
    "x": [
      -7.070455124608313e-09,
      1.7173309650675044,
      -7.056841166554151e-08,
      5.44763160852569e-08,
      0.638810498058405,
      3.0,
      -1.7937725504031766e-08
    ]
  }
}