{
  "success": true,
  "target_entropies": [
    0.1,
    0.4,
    0.9,
    1.5
  ],
  "achieved_entropies": [
    0.38642350057535957,
    0.5404684221084709,
    0.38642350057535974,
    6.406853007629834e-16
  ],
  "parameters": {
    "entanglement_strength": 0.5813548007805539,
    "weight": 0.5972415058729432,
    "gamma": 0.06558086200009107,
    "sigma": -0.0010630045673469405,
    "init_angle": 0.6139450028993219,
    "timesteps": 3,
    "asymmetry_strength": -0.0037730655243647677
  },
  "loss": 0.7546418100409468,
  "iterations": 4,
  "optimization_result": {
    "fun": 0.7546418100409468,
    "direc": [
      [
        0.0,
        0.0,
        0.0,
        0.0,
        0.0,
        0.0,
        1.0
      ],
      [
        0.0,
        1.0,
        0.0,
        0.0,
        0.0,
        0.0,
        0.0
      ],
      [
        0.0,
        0.0,
        1.0,
        0.0,
        0.0,
        0.0,
        0.0
      ],
      [
        0.0,
        0.0,
        0.0,
        1.0,
        0.0,
        0.0,
        0.0
      ],
      [
        0.00415088348511597,
        -1.3593087369165788e-06,
        0.0020040559555986634,
        0.001155283011183311,
        0.005947363892460507,
        -0.0,
        0.004100601854686007
      ],
      [
        0.0,
        0.0,
        0.0,
        0.0,
        0.0,
        1.0,
        0.0
      ],
      [
        0.07585565162245977,
        0.045350020724815816,
        0.00549425110406297,
        0.009967500016863215,
        -0.1673215275858375,
        0.0,
        0.03537899255844895
      ]
    ],
    "nit": 4,
    "nfev": 486,
    "status": 0,
    "success": true,
    "message": "Optimization terminated successfully.",
    "x": [
      0.5813548007805539,
      0.5972415058729432,
      0.06558086200009107,
      -0.0010630045673469405,
      0.6139450028993219,
      3.0,
      -0.0037730655243647677
    ]
  }
}