{
  "success": true,
  "target_entropies": [
    0.1,
    0.4,
    0.9,
    1.5
  ],
  "achieved_entropies": [
    0.0014634607857851687,
    0.0019711652837655397,
    0.0014634607857849015,
    2.0822272274796947e-15
  ],
  "parameters": {
    "entanglement_strength": 0.0038046863842526616,
    "weight": 1.7186023524951395,
    "gamma": 0.00018081112627104057,
    "sigma": 9.398956411375335e-05,
    "init_angle": 0.6370380548517132,
    "timesteps": 3,
    "asymmetry_strength": 0.0003137586154951473
  },
  "loss": 0.7799638323335661,
  "iterations": 2,
  "optimization_result": {
    "fun": 0.7799638323335661,
    "direc": [
      [
        0.0,
        0.0,
        0.0,
        0.0,
        0.0,
        0.0,
        1.0
      ],
      [
        0.0,
        1.0,
        0.0,
        0.0,
        0.0,
        0.0,
        0.0
      ],
      [
        0.0,
        0.0,
        1.0,
        0.0,
        0.0,
        0.0,
        0.0
      ],
      [
        0.0,
        0.0,
        0.0,
        1.0,
        0.0,
        0.0,
        0.0
      ],
      [
        0.0,
        0.0,
        0.0,
        0.0,
        1.0,
        0.0,
        0.0
      ],
      [
        0.0,
        0.0,
        0.0,
        0.0,
        0.0,
        1.0,
        0.0
      ],
      [
        0.003543052610044042,
        -0.0022341981026668335,
        0.002448549827624295,
        0.001272809565475697,
        0.008492091741953062,
        -0.0,
        0.004248928812469361
      ]
    ],
    "nit": 2,
    "nfev": 206,
    "status": 0,
    "success": true,
    "message": "Optimization terminated successfully.",
    "x": [
      0.0038046863842526616,
      1.7186023524951395,
      0.00018081112627104057,
      9.398956411375335e-05,
      0.6370380548517132,
      3.0,
      0.0003137586154951473
    ]
  }
}