{
  "condition_1_lorentzian_metric": {
    "condition_met": "False",
    "overall_score": 0.19047619047619047,
    "lorentzian_signature": "False",
    "positive_eigenvalues": 6,
    "negative_eigenvalues": 1,
    "null_directions": 12,
    "chi2_statistic": 0.0,
    "p_value": 1.0,
    "signature_consistency": 0.0,
    "null_consistency": 0.5714285714285714,
    "statistical_significance": 0.0,
    "eigenvalues": [
      -0.23218139663386061,
      2.0795925617898776,
      0.8847052889168004,
      1.1403905244224108,
      1.0904515372488137,
      1.0380473002633126,
      0.9989941839926462
    ]
  },
  "condition_2_page_curve": {
    "condition_met": false,
    "overall_score": 0.5,
    "page_curve_detected": false,
    "best_fit": "area_law",
    "page_curve_r2": 0.8607465249100316,
    "area_law_r2": 0.907519202395868,
    "volume_law_r2": 0.907519202395868,
    "peak_at_middle": "False",
    "non_linearity": 0.30410655633203965,
    "statistical_significance": 0.9999982669726382,
    "fits": {
      "area_law": 0.907519202395868,
      "volume_law": 0.907519202395868,
      "page_curve": 0.8607465249100316
    }
  },
  "condition_3_entanglement_curvature": {
    "condition_met": "False",
    "overall_score": 0.03701448507511653,
    "strong_correlation": "False",
    "pearson_correlation": -0.0011639984369434496,
    "pearson_r2": 1.3548923612067938e-06,
    "pearson_p_value": 0.9936667435864152,
    "spearman_correlation": -0.2483763444020536,
    "spearman_r2": 0.06169080845852755,
    "spearman_p_value": 0.08528131978835024,
    "max_r2": 0.06169080845852755,
    "statistically_significant": "False"
  },
  "condition_4_causal_violations": {
    "condition_met": false,
    "overall_score": 0.0,
    "causal_violations": [],
    "non_local_correlations": [],
    "violation_ratio": 0.0,
    "total_pairs": 21,
    "chi2_statistic": 0.0,
    "p_value": 1.0,
    "statistically_significant": false
  },
  "condition_5_cross_system_consistency": {
    "condition_met": "False",
    "overall_score": 0.584086042926766,
    "power_law_r2": 0.7102151073169152,
    "power_law_slope": -2.9375450276595814,
    "p_value": 0.01727340270920923,
    "coefficient_of_variation": 1.6198341757898829,
    "fractal_dimension": 0.5507777176645691,
    "statistically_significant": "True"
  },
  "condition_6_reproducibility": {
    "condition_met": "True",
    "overall_score": 7.2911163743696505,
    "robustness_tests": {
      "curvature_sensitivity": {
        "robustness_score": 0.938661354315181,
        "variation_coefficient": 0.06133864568481891,
        "mi_variations": [
          0.0015040348441702964,
          0.0015831945728108383,
          0.0017415140300919229
        ]
      },
      "geometry_sensitivity": {
        "robustness_score": 0.8367006838144548,
        "variation_coefficient": 0.1632993161855451,
        "mi_variations": [
          0.0015831945728108383,
          0.0018998334873730057,
          0.0012665556582486708
        ]
      },
      "noise_robustness": {
        "robustness_score": 26.420026247669412,
        "degradation": -25.420026247669412,
        "mi_variations": [
          0.0015831945728108383,
          -0.01921854550017509,
          0.0031440420010874067,
          0.041828042168830105
        ]
      },
      "depth_sensitivity": {
        "robustness_score": 0.9690772116795542,
        "variation_coefficient": 0.030922788320445864,
        "mi_variations": [
          0.0015436147084905672,
          0.0015831945728108383,
          0.0016623543014513804
        ]
      }
    },
    "curvature_robustness": 0.938661354315181,
    "geometry_robustness": 0.8367006838144548,
    "noise_robustness": 26.420026247669412,
    "depth_robustness": 0.9690772116795542
  },
  "overall_assessment": {
    "extraordinary_evidence_score": 1.433782182141287,
    "conditions_met": 1,
    "total_conditions": 6,
    "extraordinary_evidence_level": "INSUFFICIENT EVIDENCE - Claims not supported"
  }
}