{
  "causal_analysis": {
    "wedge_entropies": {
      "0": 1.0,
      "1": 1.0,
      "2": 1.0,
      "3": 1.0,
      "4": 1.0,
      "5": 1.0,
      "6": 1.0
    },
    "boundary_qubits": [
      0,
      1
    ],
    "bulk_qubits": [
      2,
      3,
      4,
      5,
      6
    ],
    "bulk_boundary_correlations": [
      0.003129593414879577,
      0.00915388531371422,
      0.0039511208814058865,
      0.0026616613922965686,
      0.004292062214030515,
      0.0068870339537212,
      0.002417793704950091,
      0.002223878775389483,
      0.003704017238522401,
      0.004624236392860615
    ],
    "avg_bulk_boundary_correlation": 0.004304528328177055,
    "causal_horizons": [
      [
        0,
        1
      ],
      [
        2,
        4
      ],
      [
        4,
        6
      ]
    ],
    "causal_horizon_density": 0.14285714285714285,
    "boundary_size": 2
  },
  "charge_analysis": {
    "charge_injection_results": [
      {
        "injection_point": 0,
        "base_entropies": {
          "0": 0.4908342346717637,
          "1": 0.7221095775033556,
          "2": 0.9534372696499658,
          "3": 0.9895778845655516,
          "4": 0.9610895486196661,
          "5": 0.9013988303976994,
          "6": 0.8003556743589169
        },
        "charged_entropies": {
          "0": 0.4908342346717637,
          "1": 0.7221095775033556,
          "2": 0.9534372696499658,
          "3": 0.9895778845655516,
          "4": 0.9610895486196661,
          "5": 0.9013988303976994,
          "6": 0.8003556743589169
        },
        "entanglement_response": {
          "0": 0.0,
          "1": 0.0,
          "2": 0.0,
          "3": 0.0,
          "4": 0.0,
          "5": 0.0,
          "6": 0.0
        },
        "target_entropy": 0.5,
        "measured_entropy": 0.4908342346717637
      },
      {
        "injection_point": 3,
        "base_entropies": {
          "0": 0.5098009049771366,
          "1": 0.5316576295440562,
          "2": 0.8649820103233494,
          "3": 0.9660272669345404,
          "4": 0.9992355165997594,
          "5": 0.9995835627860588,
          "6": 0.8943215499673536
        },
        "charged_entropies": {
          "0": 0.5098009049771366,
          "1": 0.5316576295440562,
          "2": 0.8649820103233494,
          "3": 0.9660272669345404,
          "4": 0.9992355165997594,
          "5": 0.9995835627860588,
          "6": 0.8943215499673536
        },
        "entanglement_response": {
          "0": 0.0,
          "1": 0.0,
          "2": 0.0,
          "3": 0.0,
          "4": 0.0,
          "5": 0.0,
          "6": 0.0
        },
        "target_entropy": 0.5,
        "measured_entropy": 0.5098009049771366
      },
      {
        "injection_point": 6,
        "base_entropies": {
          "0": 0.5296919306663047,
          "1": 0.9111382399824355,
          "2": 0.9917823913478943,
          "3": 0.9917893123085911,
          "4": 0.9370084461130215,
          "5": 0.9914880658474071,
          "6": 0.9654124780312192
        },
        "charged_entropies": {
          "0": 0.5296919306663047,
          "1": 0.9111382399824355,
          "2": 0.9917823913478943,
          "3": 0.9917893123085911,
          "4": 0.9370084461130215,
          "5": 0.9914880658474071,
          "6": 0.9654124780312192
        },
        "entanglement_response": {
          "0": 0.0,
          "1": 0.0,
          "2": 0.0,
          "3": 0.0,
          "4": 0.0,
          "5": 0.0,
          "6": 0.0
        },
        "target_entropy": 0.5,
        "measured_entropy": 0.5296919306663047
      }
    ],
    "teleportation_results": [
      {
        "target_entropy": 0.3,
        "achieved_entropy": 0.2951166351100978,
        "subsystem_entropies": {
          "0": 0.2951166351100978,
          "1": 0.6957752574584875,
          "2": 0.7131369797206121,
          "3": 0.6637877759651682,
          "4": 0.8131211497508022,
          "5": 0.9660450161778587,
          "6": 0.9558564894076974
        },
        "injection_point": 0
      },
      {
        "target_entropy": 0.7,
        "achieved_entropy": 0.7174937730526076,
        "subsystem_entropies": {
          "0": 0.7174937730526076,
          "1": 0.7231131619574684,
          "2": 0.7652939119025843,
          "3": 0.999987526202929,
          "4": 0.999988693359052,
          "5": 0.9872884940672537,
          "6": 0.7060263804474062
        },
        "injection_point": 0
      },
      {
        "target_entropy": 0.3,
        "achieved_entropy": 0.31598754470241125,
        "subsystem_entropies": {
          "0": 0.31598754470241125,
          "1": 0.7474983968955826,
          "2": 0.7675924440240212,
          "3": 0.911522305689144,
          "4": 0.9889029481244709,
          "5": 0.9904548420208412,
          "6": 0.8967996185975188
        },
        "injection_point": 3
      },
      {
        "target_entropy": 0.7,
        "achieved_entropy": 0.5930593333115733,
        "subsystem_entropies": {
          "0": 0.5930593333115733,
          "1": 0.662236062031685,
          "2": 0.9656660688050398,
          "3": 0.9980981962282054,
          "4": 0.9972283825056399,
          "5": 0.9995664182666901,
          "6": 0.9966412975847081
        },
        "injection_point": 3
      },
      {
        "target_entropy": 0.3,
        "achieved_entropy": 0.40915462045079304,
        "subsystem_entropies": {
          "0": 0.40915462045079304,
          "1": 0.6873836168124189,
          "2": 0.7747598546826427,
          "3": 0.7865756274910668,
          "4": 0.6785560879540268,
          "5": 0.9034584162663089,
          "6": 0.8764872090915478
        },
        "injection_point": 6
      },
      {
        "target_entropy": 0.7,
        "achieved_entropy": 0.7398516602524824,
        "subsystem_entropies": {
          "0": 0.7398516602524824,
          "1": 0.9651683890105813,
          "2": 0.9924171653651969,
          "3": 0.9936056363006289,
          "4": 0.9953856547954408,
          "5": 0.9987059559714824,
          "6": 0.9948350608181823
        },
        "injection_point": 6
      }
    ],
    "entanglement_evolution": [
      {
        "injection_point": 0,
        "base_entropies": {
          "0": 0.4908342346717637,
          "1": 0.7221095775033556,
          "2": 0.9534372696499658,
          "3": 0.9895778845655516,
          "4": 0.9610895486196661,
          "5": 0.9013988303976994,
          "6": 0.8003556743589169
        },
        "charged_entropies": {
          "0": 0.4908342346717637,
          "1": 0.7221095775033556,
          "2": 0.9534372696499658,
          "3": 0.9895778845655516,
          "4": 0.9610895486196661,
          "5": 0.9013988303976994,
          "6": 0.8003556743589169
        },
        "evolution_strength": 0.0
      },
      {
        "injection_point": 3,
        "base_entropies": {
          "0": 0.5098009049771366,
          "1": 0.5316576295440562,
          "2": 0.8649820103233494,
          "3": 0.9660272669345404,
          "4": 0.9992355165997594,
          "5": 0.9995835627860588,
          "6": 0.8943215499673536
        },
        "charged_entropies": {
          "0": 0.5098009049771366,
          "1": 0.5316576295440562,
          "2": 0.8649820103233494,
          "3": 0.9660272669345404,
          "4": 0.9992355165997594,
          "5": 0.9995835627860588,
          "6": 0.8943215499673536
        },
        "evolution_strength": 0.0
      },
      {
        "injection_point": 6,
        "base_entropies": {
          "0": 0.5296919306663047,
          "1": 0.9111382399824355,
          "2": 0.9917823913478943,
          "3": 0.9917893123085911,
          "4": 0.9370084461130215,
          "5": 0.9914880658474071,
          "6": 0.9654124780312192
        },
        "charged_entropies": {
          "0": 0.5296919306663047,
          "1": 0.9111382399824355,
          "2": 0.9917823913478943,
          "3": 0.9917893123085911,
          "4": 0.9370084461130215,