{
  "success": true,
  "target_entropies": [
    0.2,
    0.7,
    1.3
  ],
  "achieved_entropies": [
    0.5969273093155548,
    0.5969273093155548,
    3.2034265038149176e-16
  ],
  "parameters": {
    "entanglement_strength": 1.1924564665101849,
    "weight": 1.3483742808856427,
    "gamma": 0.01,
    "sigma": 0.16151085903681725,
    "init_angle": 1.8992509803548714,
    "timesteps": 2,
    "asymmetry_strength": 0.8550621419755975
  },
  "loss": 0.7689564119595548,
  "iterations": 5,
  "optimization_result": {
    "fun": 0.7689564119595548,
    "jac": [
      -0.0836533292169224,
      -0.16103561915228876,
      0.010507950065692617,
      0.0032302160963076287,
      0.0430237625920386,
      0.05422887727408094,
      0.017101242558272247
    ],
    "nfev": 56,
    "njev": 7,
    "nit": 5,
    "status": 1,
    "message": "STOP: TOTAL NO. OF ITERATIONS REACHED LIMIT",
    "x": [
      1.1924564665101849,
      1.3483742808856427,
      0.01,
      0.16151085903681725,
      1.8992509803548714,
      2.711444014658383,
      0.8550621419755975
    ],
    "success": false,
    "hess_inv": "<7x7 LbfgsInvHessProduct with dtype=float64>"
  },
  "warning": "Used fallback parameters due to: STOP: TOTAL NO. OF ITERATIONS REACHED LIMIT"
}