{
  "success": true,
  "target_entropies": [
    0.1,
    0.4,
    0.9,
    1.5
  ],
  "achieved_entropies": [
    -6.406853007629837e-16,
    -6.940757424932324e-16,
    -7.207709633583567e-16,
    1.6017132519074586e-16
  ],
  "parameters": {
    "entanglement_strength": -3.767870503127151e-11,
    "weight": 1.712177769321039,
    "gamma": 0.02952452840201664,
    "sigma": 3.1640212231295945e-11,
    "init_angle": 0.6411468419835278,
    "timesteps": 3,
    "asymmetry_strength": 4.901203253997778e-08
  },
  "loss": 0.7799465284233584,
  "iterations": 2,
  "optimization_result": {
    "fun": 0.7799465284233584,
    "direc": [
      [
        1.0,
        0.0,
        0.0,
        0.0,
        0.0,
        0.0,
        0.0
      ],
      [
        0.0,
        1.0,
        0.0,
        0.0,
        0.0,
        0.0,
        0.0
      ],
      [
        0.0,
        0.0,
        1.0,
        0.0,
        0.0,
        0.0,
        0.0
      ],
      [
        0.0,
        0.0,
        0.0,
        1.0,
        0.0,
        0.0,
        0.0
      ],
      [
        0.0,
        0.0,
        0.0,
        0.0,
        1.0,
        0.0,
        0.0
      ],
      [
        0.0,
        0.0,
        0.0,
        0.0,
        0.0,
        1.0,
        0.0
      ],
      [
        0.0,
        0.0,
        0.0,
        0.0,
        0.0,
        0.0,
        1.0
      ]
    ],
    "nit": 2,
    "nfev": 322,
    "status": 0,
    "success": true,
    "message": "Optimization terminated successfully.",
    "x": [
      -3.767870503127151e-11,
      1.712177769321039,
      0.02952452840201664,
      3.1640212231295945e-11,
      0.6411468419835278,
      3.0,
      4.901203253997778e-08
    ]
  }
}