{
  "success": true,
  "target_entropies": [
    0.2,
    0.8,
    1.4
  ],
  "achieved_entropies": [
    6.406853007629834e-16,
    6.406853007629834e-16,
    1.2813706015259665e-15
  ],
  "parameters": {
    "entanglement_strength": 1.3832396561919384,
    "weight": -6.017571019557982e-08,
    "gamma": -8.818206581606702e-14,
    "sigma": 1.5571705827211037e-10,
    "init_angle": 2.9459362612712594e-08,
    "timesteps": 0,
    "asymmetry_strength": 4.4702983954805784e-10
  },
  "loss": 0.7341181250567353,
  "iterations": 4,
  "optimization_result": {
    "fun": 0.7341181250567353,
    "direc": [
      [
        1.0,
        0.0,
        0.0,
        0.0,
        0.0,
        0.0,
        0.0
      ],
      [
        0.0,
        1.0,
        0.0,
        0.0,
        0.0,
        0.0,
        0.0
      ],
      [
        0.0,
        0.0,
        1.0,
        0.0,
        0.0,
        0.0,
        0.0
      ],
      [
        0.0,
        0.0,
        0.0,
        1.0,
        0.0,
        0.0,
        0.0
      ],
      [
        0.0,
        0.0,
        0.0,
        0.0,
        1.0,
        0.0,
        0.0
      ],
      [
        0.0,
        0.0,
        0.0,
        0.0,
        0.0,
        1.0,
        0.0
      ],
      [
        0.0,
        0.0,
        0.0,
        0.0,
        0.0,
        0.0,
        1.0
      ]
    ],
    "nit": 4,
    "nfev": 523,
    "status": 0,
    "success": true,
    "message": "Optimization terminated successfully.",
    "x": [
      1.3832396561919384,
      -6.017571019557982e-08,
      -8.818206581606702e-14,
      1.5571705827211037e-10,
      2.9459362612712594e-08,
      2.1639060149869342e-11,
      4.4702983954805784e-10
    ]
  }
}