{
  "success": true,
  "target_entropies": [
    0.2,
    0.8,
    1.4
  ],
  "achieved_entropies": [
    6.406853007629834e-16,
    6.406853007629834e-16,
    1.2813706015259665e-15
  ],
  "parameters": {
    "entanglement_strength": 1.3832395743066064,
    "weight": -2.7477383348260105e-11,
    "gamma": -4.90019763427882e-08,
    "sigma": 3.424610821567609e-11,
    "init_angle": -8.615033400233356e-08,
    "timesteps": 0,
    "asymmetry_strength": 2.0000701782321877e-11
  },
  "loss": 0.7341181250567373,
  "iterations": 4,
  "optimization_result": {
    "fun": 0.7341181250567373,
    "direc": [
      [
        1.0,
        0.0,
        0.0,
        0.0,
        0.0,
        0.0,
        0.0
      ],
      [
        0.0,
        1.0,
        0.0,
        0.0,
        0.0,
        0.0,
        0.0
      ],
      [
        0.0,
        0.0,
        1.0,
        0.0,
        0.0,
        0.0,
        0.0
      ],
      [
        0.0,
        0.0,
        0.0,
        1.0,
        0.0,
        0.0,
        0.0
      ],
      [
        0.0,
        0.0,
        0.0,
        0.0,
        1.0,
        0.0,
        0.0
      ],
      [
        0.0,
        0.0,
        0.0,
        0.0,
        0.0,
        1.0,
        0.0
      ],
      [
        0.0,
        0.0,
        0.0,
        0.0,
        0.0,
        0.0,
        1.0
      ]
    ],
    "nit": 4,
    "nfev": 575,
    "status": 0,
    "success": true,
    "message": "Optimization terminated successfully.",
    "x": [
      1.3832395743066064,
      -2.7477383348260105e-11,
      -4.90019763427882e-08,
      3.424610821567609e-11,
      -8.615033400233356e-08,
      8.440344025271974e-10,
      2.0000701782321877e-11
    ]
  }
}