{
  "success": true,
  "target_entropies": [
    0.1,
    0.6,
    1.3
  ],
  "achieved_entropies": [
    6.406853007629834e-16,
    6.406853007629834e-16,
    1.2813706015259665e-15
  ],
  "parameters": {
    "entanglement_strength": 1.0541461134708252,
    "weight": -1.9105946044253854e-08,
    "gamma": -3.766982592320781e-08,
    "sigma": 2.1631992553404548e-11,
    "init_angle": 2.5208023905315948e-08,
    "timesteps": 0,
    "asymmetry_strength": -2.1636493336495452e-11
  },
  "loss": 0.6170700620378575,
  "iterations": 3,
  "optimization_result": {
    "fun": 0.6170700620378575,
    "direc": [
      [
        1.0,
        0.0,
        0.0,
        0.0,
        0.0,
        0.0,
        0.0
      ],
      [
        0.0,
        1.0,
        0.0,
        0.0,
        0.0,
        0.0,
        0.0
      ],
      [
        0.0,
        0.0,
        1.0,
        0.0,
        0.0,
        0.0,
        0.0
      ],
      [
        0.0,
        0.0,
        0.0,
        1.0,
        0.0,
        0.0,
        0.0
      ],
      [
        0.0,
        0.0,
        0.0,
        0.0,
        1.0,
        0.0,
        0.0
      ],
      [
        0.0,
        0.0,
        0.0,
        0.0,
        0.0,
        1.0,
        0.0
      ],
      [
        0.0,
        0.0,
        0.0,
        0.0,
        0.0,
        0.0,
        1.0
      ]
    ],
    "nit": 3,
    "nfev": 479,
    "status": 0,
    "success": true,
    "message": "Optimization terminated successfully.",
    "x": [
      1.0541461134708252,
      -1.9105946044253854e-08,
      -3.766982592320781e-08,
      2.1631992553404548e-11,
      2.5208023905315948e-08,
      -2.16437727978887e-11,
      -2.1636493336495452e-11
    ]
  }
}