{
  "success": true,
  "target_entropies": [
    0.2,
    0.6,
    1.2
  ],
  "achieved_entropies": [
    6.406853007629834e-16,
    6.406853007629834e-16,
    1.2813706015259665e-15
  ],
  "parameters": {
    "entanglement_strength": 1.1647616595714176,
    "weight": 4.900204475036529e-08,
    "gamma": -3.767227149850499e-08,
    "sigma": 3.2542080764078865e-11,
    "init_angle": 3.1751893402365354e-08,
    "timesteps": 0,
    "asymmetry_strength": 2.3222667625622256e-11
  },
  "loss": 0.5213827772539876,
  "iterations": 4,
  "optimization_result": {
    "fun": 0.5213827772539876,
    "direc": [
      [
        1.0,
        0.0,
        0.0,
        0.0,
        0.0,
        0.0,
        0.0
      ],
      [
        0.0,
        1.0,
        0.0,
        0.0,
        0.0,
        0.0,
        0.0
      ],
      [
        0.0,
        0.0,
        1.0,
        0.0,
        0.0,
        0.0,
        0.0
      ],
      [
        0.0,
        0.0,
        0.0,
        1.0,
        0.0,
        0.0,
        0.0
      ],
      [
        0.0,
        0.0,
        0.0,
        0.0,
        1.0,
        0.0,
        0.0
      ],
      [
        0.0,
        0.0,
        0.0,
        0.0,
        0.0,
        1.0,
        0.0
      ],
      [
        0.0,
        0.0,
        0.0,
        0.0,
        0.0,
        0.0,
        1.0
      ]
    ],
    "nit": 4,
    "nfev": 573,
    "status": 0,
    "success": true,
    "message": "Optimization terminated successfully.",
    "x": [
      1.1647616595714176,
      4.900204475036529e-08,
      -3.767227149850499e-08,
      3.2542080764078865e-11,
      3.1751893402365354e-08,
      -7.928702563130022e-08,
      2.3222667625622256e-11
    ]
  }
}