{
  "name": "emergent_geometry",
  "timestamp": "20250616_162015",
  "data": {
    "mutual_information_matrix": [
      [
        0.0,
        1.0,
        2.220446049250313e-16,
        1.0,
        2.220446049250313e-16,
        1.0
      ],
      [
        1.0,
        0.0,
        2.220446049250313e-16,
        1.0,
        2.220446049250313e-16,
        1.0
      ],
      [
        2.220446049250313e-16,
        2.220446049250313e-16,
        0.0,
        2.220446049250313e-16,
        3.203426503814918e-16,
        2.220446049250313e-16
      ],
      [
        1.0,
        1.0,
        2.220446049250313e-16,
        0.0,
        2.220446049250313e-16,
        1.0
      ],
      [
        2.220446049250313e-16,
        2.220446049250313e-16,
        3.203426503814918e-16,
        2.220446049250313e-16,
        0.0,
        2.220446049250313e-16
      ],
      [
        1.0,
        1.0,
        2.220446049250313e-16,
        1.0,
        2.220446049250313e-16,
        0.0
      ]
    ],
    "geometric_distances": [
      [
        10000000000.0,
        0.9999999999,
        9999977795.58881,
        0.9999999999,
        9999977795.58881,
        0.9999999999
      ],
      [
        0.9999999999,
        10000000000.0,
        9999977795.58881,
        0.9999999999,
        9999977795.58881,
        0.9999999999
      ],
      [
        9999977795.58881,
        9999977795.58881,
        10000000000.0,
        9999977795.58881,
        9999967965.83758,
        9999977795.58881
      ],
      [
        0.9999999999,
        0.9999999999,
        9999977795.58881,
        10000000000.0,
        9999977795.58881,
        0.9999999999
      ],
      [
        9999977795.58881,
        9999977795.58881,
        9999967965.83758,
        9999977795.58881,
        10000000000.0,
        9999977795.58881
      ],
      [
        0.9999999999,
        0.9999999999,
        9999977795.58881,
        0.9999999999,
        9999977795.58881,
        10000000000.0
      ]
    ],
    "geometric_dimension": 15.350566121795303,
    "individual_entropies": [
      1.0,
      1.0,
      1.4415419267167124e-15,
      1.0,
      1.4415419267167124e-15,
      1.0
    ]
  },
  "metadata": {
    "circuit_depth": 7,
    "num_qubits": 6,
    "gates_used": {
      "cx": 9,
      "h": 1
    },
    "theoretical_expectation": {
      "expected_dimension": 1.0,
      "expected_geometry": "Linear chain",
      "bulk_boundary_correspondence": true
    }
  },
  "conclusions": {
    "geometric_structure": {
      "dimension_detected": 