{
  "success": true,
  "target_entropies": [
    0.1,
    0.4,
    0.9
  ],
  "achieved_entropies": [
    6.406853007629834e-16,
    6.406853007629834e-16,
    1.2813706015259665e-15
  ],
  "parameters": {
    "entanglement_strength": 0.01846318213037966,
    "weight": 0.0005384236024039717,
    "gamma": -0.001019740050175836,
    "sigma": -0.0006928079040329571,
    "init_angle": 0.0005601803039730054,
    "timesteps": 0,
    "asymmetry_strength": -0.0014562297269612454
  },
  "loss": 0.3245254328670797,
  "iterations": 3,
  "optimization_result": {
    "fun": 0.3245254328670797,
    "direc": [
      [
        0.0,
        0.0,
        0.0,
        0.0,
        0.0,
        0.0,
        1.0
      ],
      [
        0.0,
        1.0,
        0.0,
        0.0,
        0.0,
        0.0,
        0.0
      ],
      [
        0.0,
        0.0,
        1.0,
        0.0,
        0.0,
        0.0,
        0.0
      ],
      [
        0.0,
        0.0,
        0.0,
        1.0,
        0.0,
        0.0,
        0.0
      ],
      [
        0.0,
        0.0,
        0.0,
        0.0,
        1.0,
        0.0,
        0.0
      ],
      [
        0.0,
        0.0,
        0.0,
        0.0,
        0.0,
        1.0,
        0.0
      ],
      [
        0.025894479083341065,
        -0.004098007491849062,
        0.007761365487571879,
        0.005273045179121313,
        -0.00426360039170707,
        0.05824924538989979,
        0.011083541479161508
      ]
    ],
    "nit": 3,
    "nfev": 195,
    "status": 0,
    "success": true,
    "message": "Optimization terminated successfully.",
    "x": [
      0.01846318213037966,
      0.0005384236024039717,
      -0.001019740050175836,
      -0.0006928079040329571,
      0.0005601803039730054,
      -0.007653175013539388,
      -0.0014562297269612454
    ]
  }
}