{
  "success": true,
  "target_entropies": [
    0.1,
    0.4,
    0.9,
    1.5,
    2.0,
    2.3,
    2.5,
    2.6,
    2.7
  ],
  "achieved_entropies": [
    0.6944969740241898,
    0.8861345017264157,
    1.2992453397643762,
    1.6355901147231453,
    2.167649488707827,
    2.4550044969788924,
    2.6925158321660696,
    2.5868564541923362,
    2.5514246508313154
  ],
  "parameters": {
    "entanglement_strength": 0.8028061446557802,
    "weight": -0.0025430124068335225,
    "gamma": 1.7238244849479667,
    "sigma": 2.091961437577736,
    "init_angle": 1.2083512285158116,
    "timesteps": 2,
    "asymmetry_strength": 1.2224056193463904
  },
  "loss": 0.23744845737831186,
  "iterations": 1,
  "optimization_result": {
    "fun": 0.23744845737831186,
    "direc": [
      [
        1.0,
        0.0,
        0.0,
        0.0,
        0.0,
        0.0,
        0.0
      ],
      [
        0.0,
        1.0,
        0.0,
        0.0,
        0.0,
        0.0,
        0.0
      ],
      [
        0.0,
        0.0,
        1.0,
        0.0,
        0.0,
        0.0,
        0.0
      ],
      [
        0.0,
        0.0,
        0.0,
        1.0,
        0.0,
        0.0,
        0.0
      ],
      [
        0.0,
        0.0,
        0.0,
        0.0,
        1.0,
        0.0,
        0.0
      ],
      [
        0.0,
        0.0,
        0.0,
        0.0,
        0.0,
        1.0,
        0.0
      ],
      [
        0.0,
        0.0,
        0.0,
        0.0,
        0.0,
        0.0,
        1.0
      ]
    ],
    "nit": 1,
    "nfev": 94,
    "status": 0,
    "success": true,
    "message": "Optimization terminated successfully.",
    "x": [
      0.8028061446557802,
      -0.0025430124068335225,
      1.7238244849479667,
      2.091961437577736,
      1.2083512285158116,
      2.381966025156,
      1.2224056193463904
    ]
  }
}