{
  "success": true,
  "target_entropies": [
    0.1,
    0.4,
    0.9,
    1.5,
    2.0,
    2.3
  ],
  "achieved_entropies": [
    0.36174313597638463,
    0.8570380115930761,
    1.2406181970420012,
    1.6970749122834732,
    2.0136043497975273,
    2.5124404058701217
  ],
  "parameters": {
    "entanglement_strength": -0.09155248197785032,
    "weight": 1.0692673372636752,
    "gamma": 0.4054299833278459,
    "sigma": 1.0982591376905144,
    "init_angle": -0.4374154705105475,
    "timesteps": 1,
    "asymmetry_strength": 0.6651724916465298
  },
  "loss": 0.15083649290053308,
  "iterations": 3,
  "optimization_result": {
    "fun": 0.15083649290053308,
    "direc": [
      [
        1.0,
        0.0,
        0.0,
        0.0,
        0.0,
        0.0,
        0.0
      ],
      [
        0.0,
        1.0,
        0.0,
        0.0,
        0.0,
        0.0,
        0.0
      ],
      [
        0.0,
        0.0,
        1.0,
        0.0,
        0.0,
        0.0,
        0.0
      ],
      [
        0.0,
        0.0,
        0.0,
        1.0,
        0.0,
        0.0,
        0.0
      ],
      [
        0.0,
        0.0,
        0.0,
        0.0,
        1.0,
        0.0,
        0.0
      ],
      [
        0.0,
        0.0,
        0.0,
        0.0,
        0.0,
        1.0,
        0.0
      ],
      [
        0.0,
        0.0,
        0.0,
        0.0,
        0.0,
        0.0,
        1.0
      ]
    ],
    "nit": 3,
    "nfev": 316,
    "status": 0,
    "success": true,
    "message": "Optimization terminated successfully.",
    "x": [
      -0.09155248197785032,
      1.0692673372636752,
      0.4054299833278459,
      1.0982591376905144,
      -0.4374154705105475,
      1.5474165653128276,
      0.6651724916465298
    ]
  }
}