{
  "success": true,
  "target_entropies": [
    0.1,
    0.4,
    0.9,
    1.5,
    2.0,
    2.3
  ],
  "achieved_entropies": [
    0.5804977491105668,
    0.8229536475036283,
    1.4819293414166048,
    1.6465811789508347,
    2.174102875320459,
    2.5529826520989136
  ],
  "parameters": {
    "entanglement_strength": 1.1965785303918275,
    "weight": 0.046080377907357306,
    "gamma": -0.5106478548486564,
    "sigma": 0.48740843850610605,
    "init_angle": 0.5070329310053381,
    "timesteps": -1,
    "asymmetry_strength": -0.47246539628304784
  },
  "loss": 0.14090015849013182,
  "iterations": 2,
  "optimization_result": {
    "fun": 0.14090015849013182,
    "direc": [
      [
        1.0,
        0.0,
        0.0,
        0.0,
        0.0,
        0.0,
        0.0
      ],
      [
        0.0,
        1.0,
        0.0,
        0.0,
        0.0,
        0.0,
        0.0
      ],
      [
        0.0,
        0.0,
        1.0,
        0.0,
        0.0,
        0.0,
        0.0
      ],
      [
        0.0,
        0.0,
        0.0,
        1.0,
        0.0,
        0.0,
        0.0
      ],
      [
        0.0,
        0.0,
        0.0,
        0.0,
        1.0,
        0.0,
        0.0
      ],
      [
        0.0,
        0.0,
        0.0,
        0.0,
        0.0,
        1.0,
        0.0
      ],
      [
        0.0,
        0.0,
        0.0,
        0.0,
        0.0,
        0.0,
        1.0
      ]
    ],
    "nit": 2,
    "nfev": 245,
    "status": 0,
    "success": true,
    "message": "Optimization terminated successfully.",
    "x": [
      1.1965785303918275,
      0.046080377907357306,
      -0.5106478548486564,
      0.48740843850610605,
      0.5070329310053381,
      -1.3755511983411315,
      -0.47246539628304784
    ]
  }
}