{
  "success": true,
  "target_entropies": [
    0.2,
    0.8,
    1.4
  ],
  "achieved_entropies": [
    0.7542162543196712,
    0.7542162543196714,
    -1.9220559022889516e-15
  ],
  "parameters": {
    "entanglement_strength": 1.1982702420286038,
    "weight": 1.3514232028414526,
    "gamma": 0.2601732750326609,
    "sigma": 0.21148753134669712,
    "init_angle": 0.15971929803433538,
    "timesteps": 3,
    "asymmetry_strength": 0.9845552250961879
  },
  "loss": 0.8901119953118304,
  "iterations": 0,
  "optimization_result": {
    "fun": 0.8901119953118304,
    "jac": [
      -0.38260824741169264,
      -0.22305314397843004,
      0.30244436970793115,
      0.0042297498859037675,
      -0.1601014766049502,
      0.06000000532907055,
      0.019691115305953095
    ],
    "nfev": 136,
    "njev": 17,
    "nit": 0,
    "status": 2,
    "message": "ABNORMAL: ",
    "x": [
      1.1982702420286038,
      1.3514232028414526,
      0.2601732750326609,
      0.21148753134669712,
      0.15971929803433538,
      3.0,
      0.9845552250961879
    ],
    "success": false,
    "hess_inv": "<7x7 LbfgsInvHessProduct with dtype=float64>"
  },
  "warning": "Used fallback parameters due to: ABNORMAL: "
}