{
  "success": true,
  "target_entropies": [
    0.1,
    0.4,
    0.9,
    1.5,
    2.0,
    2.3,
    2.5,
    2.6
  ],
  "achieved_entropies": [
    0.876681813863676,
    1.329523448828575,
    1.553669907196951,
    1.6259230987835744,
    1.553669907196951,
    1.329523448828575,
    0.876681813863676,
    -3.5237691541964136e-15
  ],
  "parameters": {
    "entanglement_strength": 0.40910321771853214,
    "weight": 1.0162380562320776,
    "gamma": 0.01,
    "sigma": 0.01,
    "init_angle": 0.0,
    "timesteps": 3,
    "asymmetry_strength": 0.4725826279686945
  },
  "loss": 1.6600597304302696,
  "iterations": 25,
  "optimization_result": {
    "fun": 1.6600597304302696,
    "jac": [
      -4.5075054823506875e-06,
      1.9761969958430587e-06,
      0.00019999557565716344,
      0.00019999557565716344,
      0.0,
      0.06000000532907055,
      -9.61453139831452e-06
    ],
    "nfev": 312,
    "njev": 39,
    "nit": 25,
    "status": 0,
    "message": "CONVERGENCE: NORM OF PROJECTED GRADIENT <= PGTOL",
    "x": [
      0.40910321771853214,
      1.0162380562320776,
      0.01,
      0.01,
      0.0,
      3.0,
      0.4725826279686945
    ],
    "success": true,
    "hess_inv": "<7x7 LbfgsInvHessProduct with dtype=float64>"
  }
}