{
  "success": true,
  "target_entropies": [
    0.2,
    0.8,
    1.4
  ],
  "achieved_entropies": [
    6.406853007629834e-16,
    6.406853007629834e-16,
    1.2813706015259665e-15
  ],
  "parameters": {
    "entanglement_strength": 1.3832397230820188,
    "weight": -6.2164422381926e-08,
    "gamma": -4.899307401146848e-08,
    "sigma": 1.0497582566175733e-09,
    "init_angle": -3.163707496678737e-11,
    "timesteps": 0,
    "asymmetry_strength": -2.1635475136108273e-11
  },
  "loss": 0.7341181250567362,
  "iterations": 3,
  "optimization_result": {
    "fun": 0.7341181250567362,
    "direc": [
      [
        1.0,
        0.0,
        0.0,
        0.0,
        0.0,
        0.0,
        0.0
      ],
      [
        0.0,
        1.0,
        0.0,
        0.0,
        0.0,
        0.0,
        0.0
      ],
      [
        0.0,
        0.0,
        1.0,
        0.0,
        0.0,
        0.0,
        0.0
      ],
      [
        0.0,
        0.0,
        0.0,
        1.0,
        0.0,
        0.0,
        0.0
      ],
      [
        0.0,
        0.0,
        0.0,
        0.0,
        1.0,
        0.0,
        0.0
      ],
      [
        0.0,
        0.0,
        0.0,
        0.0,
        0.0,
        1.0,
        0.0
      ],
      [
        0.0,
        0.0,
        0.0,
        0.0,
        0.0,
        0.0,
        1.0
      ]
    ],
    "nit": 3,
    "nfev": 470,
    "status": 0,
    "success": true,
    "message": "Optimization terminated successfully.",
    "x": [
      1.3832397230820188,
      -6.2164422381926e-08,
      -4.899307401146848e-08,
      1.0497582566175733e-09,
      -3.163707496678737e-11,
      -2.1637160902109997e-11,
      -2.1635475136108273e-11
    ]
  }
}