{
  "phi": [
    0.0,
    0.6731984257692414,
    1.3463968515384828,
    2.019595277307724,
    2.6927937030769655,
    3.365992128846207,
    4.039190554615448,
    4.71238898038469,
    5.385587406153931,
    6.058785831923172,
    6.731984257692414,
    7.405182683461655,
    8.078381109230897,
    8.751579535000138,
    9.42477796076938
  ],
  "entropies": [
    0.9995349089288796,
    1.925146396521729,
    2.910380762017807,
    2.728092704245776,
    1.5363682115157884,
    1.189512358431581,
    2.4178610604155093,
    2.997085094398125,
    2.3733296884329187,
    1.2235983790605833,
    1.5727093164737775,
    2.7711121602893938,
    2.904328807220115,
    2.0130659261322754,
    0.9999312058432916
  ],
  "curvatures": [
    0.0,
    50.078596380676444,
    -31.721394981580964,
    -13.28827490437821,
    -14.263401734285996,
    28.040352553625603,
    58860.95779764712,
    -6.21791798571741,
    -58863.72271085279,
    10.401045457764658,
    -18.479904798441577,
    9.852762770585652,
    1.7866407433408442,
    -23.459598797734973,
    0.0
  ],
  "distances": [
    0.9995349089288795,
    0.4696975393591136,
    0.030087798254101683,
    0.09228968565320916,
    0.6800052003637173,
    0.8810877540492296,
    0.22816025764558065,
    0.00021967813182510731,
    0.2523076203027566,
    0.8598491612298759,
    0.6570770951842378,
    0.08008421692704178,
    0.03438853093304236,
    0.4101658143680162,
    0.9999312058432918
  ],
  "mi_matrices": [
    [
      [
        0.0,
        -1.4428458428028534e-12,
        0.9995349089288796,
        0.9995349089288796
      ],
      [
        -1.4428458428028534e-12,
        0.0,
        -1.4428458428028534e-12,
        -1.4428458428028534e-12
      ],
      [
        0.9995349089288796,
        -1.4428458428028534e-12,
        0.0,
        0.9995349089288796
      ],
      [
        0.9995349089288796,
        -1.4428458428028534e-12,
        0.9995349089288796,
        0.0
      ]
    ],
    [
      [
        0.0,
        -1.4428458428028534e-12,
        0.3380116625509624,
        0.5320294638135776
      ],
      [
        -1.4428458428028534e-12,
        0.0,
        -1.4428458428028534e-12,
        -1.4428458428028534e-12
      ],
      [
        0.3380116625509624,
        -1.4428458428028534e-12,
        0.0,
        0.5390514917128009
      ],
      [
        0.5320294638135776,
        -1.4428458428028534e-12,
        0.5390514917128009,
        0.0
      ]
    ],
    [
      [
        0.0,
        -1.4428458428028534e-12,
        0.009569505750337326,
        0.03757989245246063
      ],
      [
        -1.4428458428028534e-12,
        0.0,
        -1.4428458428028534e-12,
        -1.4428458428028534e-12
      ],
      [
        0.009569505750337326,
        -1.4428458428028534e-12,
        0.0,
        0.043113996559507095
      ],
      [
        0.03757989245246063,
        -1.4428458428028534e-12,
        0.043113996559507095,
        0.0
      ]
    ],
    [
      [
        0.0,
        -1.4428458428028534e-12,
        0.010790416396034619,
        0.1236498592164954
      ],
      [
        -1.4428458428028534e-12,
        0.0,
        -1.4428458428028534e-12,
        -1.4428458428028534e-12
      ],
      [
        0.010790416396034619,
        -1.4428458428028534e-12,
        0.0,
        0.14242878134709747
      ],
      [
        0.1236498592164954,
        -1.4428458428028534e-12,
        0.14242878134709747,
        0.0
      ]
    ],
    [
      [
        0.0,
        -1.4428458428028534e-12,
        0.577174424765615,
        0.7227287721701352
      ],
      [
        -1.4428458428028534e-12,
        0.0,
        -1.4428458428028534e-12,
        -1.4428458428028534e-12
      ],
      [
        0.577174424765615,
        -1.4428458428028534e-12,
        0.0,
        0.7401124041554017
      ],
      [
        0.7227287721701352,
        -1.4428458428028534e-12,
        0.7401124041554017,
        0.0
      ]
    ],
    [
      [
        0.0,
        -1.4428458428028534e-12,
        0.8341181943844569,
        0.9076250636326022
      ],
      [
        -1.4428458428028534e-12,
        0.0,
        -1.4428458428028534e-12,
        -1.4428458428028534e-12
      ],
      [
        0.8341181943844569,
        -1.4428458428028534e-12,
        0.0,
        0.9015200041306299
      ],
      [
        0.9076250636326022,
        -1.4428458428028534e-12,
        0.9015200041306299,
        0.0
      ]
    ],
    [
      [
        0.0,
        -1.4428458428028534e-12,
        0.10292294006980485,
        0.30385835155268026
      ],
      [
        -1.4428458428028534e-12,
        0.0,
        -1.4428458428028534e-12,
        -1.4428458428028534e-12
      ],
      [
        0.10292294006980485,
        -1.4428458428028534e-12,
        0.0,
        0.2776994813142568
      ],
      [
        0.30385835155268026,
        -1.4428458428028534e-12,
        0.2776994813142568,
        0.0
      ]
    ],
    [
      [
        0.0,
        -1.4428458428028534e-12,
        5.9543252709071126e-05,
        8.137800824536967e-06
      ],
      [
        -1.4428458428028534e-12,
        0.0,
        -1.4428458428028534e-12,
        -1.4428458428028534e-12
      ],
      [
        5.9543252709071126e-05,
        -1.4428458428028534e-12,
        0.0,
        0.0005913533419417139
      ],
      [
        8.137800824536967e-06,
        -1.4428458428028534e-12,
        0.0005913533419417139,
        0.0
      ]
    ],
    [
      [
        0.0,
        -1.4428458428028534e-12,
        0.1324903499916661,
        0.3206609972049632
      ],
      [
        -1.4428458428028534e-12,
        0.0,
        -1.4428458428028534e-12,
        -1.4428458428028534e-12
      ],
      [
        0.1324903499916661,
        -1.4428458428028534e-12,
        0.0,
        0.3037715137116406
      ],
      [
        0.3206609972049632,
        -1.4428458428028534e-12,
        0.3037715137116406,
        0.0
      ]
    ],
    [
      [
        0.0,
        -1.4428458428028534e-12,
        0.8044223052404742,
        0.9016830054324245
      ],
      [
        -1.4428458428028534e-12,
        0.0,
        -1.4428458428028534e-12,
        -1.4428458428028534e-12
      ],
      [
        0.8044223052404742,
        -1.4428458428028534e-12,
        0.0,
        0.8734421730167292
      ],
      [
        0.9016830054324245,
        -1.4428458428028534e-12,
        0.8734421730167292,
        0.0
      ]
    ],
    [
      [
        0.0,
        -1.4428458428028534e-12,
        0.5470808722311673,
        0.7182117473862031
      ],
      [
        -1.4428458428028534e-12,
        0.0,
        -1.4428458428028534e-12,
        -1.4428458428028534e-12
      ],
      [
        0.5470808722311673,
        -1.4428458428028534e-12,
        0.0,
        0.7059386659353435
      ],
      [
        0.7182117473862031,
        -1.4428458428028534e-12,
        0.7059386659353435,
        0.0
      ]
    ],
    [
      [
        0.0,
        -1.4428458428028534e-12,
        0.015928554036875653,
        0.10298185430737417
      ],
      [
        -1.4428458428028534e-12,
        0.0,
        -1.4428458428028534e-12,
        -1.4428458428028534e-12
      ],
      [
        0.015928554036875653,
        -1.4428458428028534e-12,
        0.0,
        0.12134224243687552
      ],
      [
        0.10298185430737417,
        -1.4428458428028534e-12,
        0.12134224243687552,
        0.0
      ]
    ],
    [
      [
        0.0,
        -1.4428458428028534e-12,
        0.012405311519734674,
        0.050763848782718446
      ],
      [
        -1.4428458428028534e-12,
        0.0,
        -1.4428458428028534e-12,
        -1.4428458428028534e-12
      ],
      [
        0.012405311519734674,
        -1.4428458428028534e-12,
        0.0,
        0.03999643249667395
      ],
      [
        0.050763848782718446,
        -1.4428458428028534e-12,
        0.03999643249667395,
        0.0
      ]
    ],
    [
      [
        0.0,
