{
  "success": true,
  "target_entropies": [
    0.2,
    0.7,
    1.3,
    1.8
  ],
  "achieved_entropies": [
    9.61027951144475e-16,
    9.61027951144475e-16,
    1.121199276335221e-15,
    3.2034265038149176e-16
  ],
  "parameters": {
    "entanglement_strength": 1.0063543741621659,
    "weight": 1.1537183691871238,
    "gamma": -2.1611682936814748e-11,
    "sigma": -2.1639473370796804e-11,
    "init_angle": 5.99266895720647e-08,
    "timesteps": 0,
    "asymmetry_strength": -3.02769194914049e-08
  },
  "loss": 1.0049397476845798,
  "iterations": 3,
  "optimization_result": {
    "fun": 1.0049397476845798,
    "direc": [
      [
        1.0,
        0.0,
        0.0,
        0.0,
        0.0,
        0.0,
        0.0
      ],
      [
        0.0,
        1.0,
        0.0,
        0.0,
        0.0,
        0.0,
        0.0
      ],
      [
        0.0,
        0.0,
        1.0,
        0.0,
        0.0,
        0.0,
        0.0
      ],
      [
        0.0,
        0.0,
        0.0,
        1.0,
        0.0,
        0.0,
        0.0
      ],
      [
        0.0,
        0.0,
        0.0,
        0.0,
        1.0,
        0.0,
        0.0
      ],
      [
        0.0,
        0.0,
        0.0,
        0.0,
        0.0,
        1.0,
        0.0
      ],
      [
        0.0,
        0.0,
        0.0,
        0.0,
        0.0,
        0.0,
        1.0
      ]
    ],
    "nit": 3,
    "nfev": 473,
    "status": 0,
    "success": true,
    "message": "Optimization terminated successfully.",
    "x": [
      1.0063543741621659,
      1.1537183691871238,
      -2.1611682936814748e-11,
      -2.1639473370796804e-11,
      5.99266895720647e-08,
      -2.164061939672868e-11,
      -3.02769194914049e-08
    ]
  }
}