{
  "circuit_type": [
    0,
    1,
    2
  ],
  "entropies": [
    0.999380773855251,
    0.999975234353679,
    0.9995349089288796
  ],
  "curvatures": [
    1.3322676295501878e-16,
    1.3322676295501878e-16,
    8.881784197001253e-17
  ],
  "distances": [
    0.36810731228412547,
    1.0000000000014428,
    0.3680505784088956
  ],
  "mi_matrices": [
    [
      [
        0.0,
        0.999380773855251,
        0.999380773855251,
        0.999380773855251,
        0.999380773855251,
        0.999380773855251
      ],
      [
        0.999380773855251,
        0.0,
        0.999380773855251,
        0.999380773855251,
        0.999380773855251,
        0.999380773855251
      ],
      [
        0.999380773855251,
        0.999380773855251,
        0.0,
        0.999380773855251,
        0.999380773855251,
        0.999380773855251
      ],
      [
        0.999380773855251,
        0.999380773855251,
        0.999380773855251,
        0.0,
        0.999380773855251,
        0.999380773855251
      ],
      [
        0.999380773855251,
        0.999380773855251,
        0.999380773855251,
        0.999380773855251,
        0.0,
        0.999380773855251
      ],
      [
        0.999380773855251,
        0.999380773855251,
        0.999380773855251,
        0.999380773855251,
        0.999380773855251,
        0.0
      ]
    ],
    [
      [
        0.0,
        -1.4428458428028534e-12,
        -1.4428458428028534e-12,
        -1.4428458428028534e-12,
        -1.4428458428028534e-12,
        -1.4428458428028534e-12
      ],
      [
        -1.4428458428028534e-12,
        0.0,
        -1.4428232973175175e-12,
        -1.4428232973175175e-12,
        -1.4428232973175175e-12,
        -1.4428232973175175e-12
      ],
      [
        -1.4428458428028534e-12,
        -1.4428232973175175e-12,
        0.0,
        -1.4428232973175175e-12,
        -1.4428232973175175e-12,
        -1.4428232973175175e-12
      ],
      [
        -1.4428458428028534e-12,
        -1.4428232973175175e-12,
        -1.4428232973175175e-12,
        0.0,
        -1.4428232973175175e-12,
        -1.4428232973175175e-12
      ],
      [
        -1.4428458428028534e-12,
        -1.4428232973175175e-12,
        -1.4428232973175175e-12,
        -1.4428232973175175e-12,
        0.0,
        -1.4428232973175175e-12
      ],
      [
        -1.4428458428028534e-12,
        -1.4428232973175175e-12,
        -1.4428232973175175e-12,
        -1.4428232973175175e-12,
        -1.4428232973175175e-12,
        0.0
      ]
    ],
    [
      [
        0.0,
        0.9995349089288796,
        0.9995349089288796,
        0.9995349089288796,
        0.9995349089288796,
        0.9995349089288796
      ],
      [
        0.9995349089288796,
        0.0,
        0.9995349089288796,
        0.9995349089288796,
        0.9995349089288796,
        0.9995349089288796
      ],
      [
        0.9995349089288796,
        0.9995349089288796,
        0.0,
        0.9995349089288796,
        0.9995349089288796,
        0.9995349089288796
      ],
      [
        0.9995349089288796,
        0.9995349089288796,
        0.9995349089288796,
        0.0,
        0.9995349089288796,
        0.9995349089288796
      ],
      [
        0.9995349089288796,
        0.9995349089288796,
        0.9995349089288796,
        0.9995349089288796,
        0.0,
        0.9995349089288796
      ],
      [
        0.9995349089288796,
        0.9995349089288796,
        0.9995349089288796,
        0.9995349089288796,
        0.9995349089288796,
        0.0
      ]
    ]
  ]
}