{
  "topology": [
    0,
    1,
    2,
    3,
    4
  ],
  "entropies": [
    0.9999312058432916,
    0.9996037156839629,
    0.9987861499393461,
    0.9999009357227437,
    0.999380773855251
  ],
  "curvatures": [
    1.3322676295501878e-16,
    2.2204460492503132e-17,
    1.3322676295501878e-16,
    1.554312234475219e-16,
    -2.2204460492503132e-17
  ],
  "distances": [
    0.36790474999790784,
    0.5786835032765559,
    0.3683262627857801,
    0.9578610591138528,
    0.8736214624579792
  ],
  "mi_matrices": [
    [
      [
        0.0,
        0.9999312058432916,
        0.9999312058432916,
        0.9999312058432916,
        0.9999312058432916,
        0.9999312058432916
      ],
      [
        0.9999312058432916,
        0.0,
        0.9999312058432916,
        0.9999312058432916,
        0.9999312058432916,
        0.9999312058432916
      ],
      [
        0.9999312058432916,
        0.9999312058432916,
        0.0,
        0.9999312058432916,
        0.9999312058432916,
        0.9999312058432916
      ],
      [
        0.9999312058432916,
        0.9999312058432916,
        0.9999312058432916,
        0.0,
        0.9999312058432916,
        0.9999312058432916
      ],
      [
        0.9999312058432916,
        0.9999312058432916,
        0.9999312058432916,
        0.9999312058432916,
        0.0,
        0.9999312058432916
      ],
      [
        0.9999312058432916,
        0.9999312058432916,
        0.9999312058432916,
        0.9999312058432916,
        0.9999312058432916,
        0.0
      ]
    ],
    [
      [
        0.0,
        -1.4428458428028534e-12,
        -1.4428458428028534e-12,
        -1.4428458428028534e-12,
        -1.4428458428028534e-12,
        -1.4428458428028534e-12
      ],
      [
        -1.4428458428028534e-12,
        0.0,
        0.9996037156839629,
        0.9996037156839629,
        0.9996037156839629,
        0.9996037156839629
      ],
      [
        -1.4428458428028534e-12,
        0.9996037156839629,
        0.0,
        0.9996037156839629,
        0.9996037156839629,
        0.9996037156839629
      ],
      [
        -1.4428458428028534e-12,
        0.9996037156839629,
        0.9996037156839629,
        0.0,
        0.9996037156839629,
        0.9996037156839629
      ],
      [
        -1.4428458428028534e-12,
        0.9996037156839629,
        0.9996037156839629,
        0.9996037156839629,
        0.0,
        0.9996037156839629
      ],
      [
        -1.4428458428028534e-12,
        0.9996037156839629,
        0.9996037156839629,
        0.9996037156839629,
        0.9996037156839629,
        0.0
      ]
    ],
    [
      [
        0.0,
        0.9987861499393461,
        0.9987861499393461,
        0.9987861499393461,
        0.9987861499393461,
        0.9987861499393461
      ],
      [
        0.9987861499393461,
        0.0,
        0.9987861499393461,
        0.9987861499393461,
        0.9987861499393461,
        0.9987861499393461
      ],
      [
        0.9987861499393461,
        0.9987861499393461,
        0.0,
        0.9987861499393461,
        0.9987861499393461,
        0.9987861499393461
      ],
      [
        0.9987861499393461,
        0.9987861499393461,
        0.9987861499393461,
        0.0,
        0.9987861499393461,
        0.9987861499393461
      ],
      [
        0.9987861499393461,
        0.9987861499393461,
        0.9987861499393461,
        0.9987861499393461,
        0.0,
        0.9987861499393461
      ],
      [
        0.9987861499393461,
        0.9987861499393461,
        0.9987861499393461,
        0.9987861499393461,
        0.9987861499393461,
        0.0
      ]
    ],
    [
      [
        0.0,
        0.9999009357227437,
        -1.4428458428028534e-12,
        -1.4428458428028534e-12,
        -1.4428458428028534e-12,
        -1.4428458428028534e-12
      ],
      [
        0.9999009357227437,
        0.0,
        -1.4428458428028534e-12,
        -1.4428458428028534e-12,
        -1.4428458428028534e-12,
        -1.4428458428028534e-12
      ],
      [
        -1.4428458428028534e-12,
        -1.4428458428028534e-12,
        0.0,
        -1.4428232973175175e-12,
        -1.4428232973175175e-12,
        -1.4428232973175175e-12
      ],
      [
        -1.4428458428028534e-12,
        -1.4428458428028534e-12,
        -1.4428232973175175e-12,
        0.0,
        -1.4428232973175175e-12,
        -1.4428232973175175e-12
      ],
      [
        -1.4428458428028534e-12,
        -1.4428458428028534e-12,
        -1.4428232973175175e-12,
        -1.4428232973175175e-12,
        0.0,
        -1.4428232973175175e-12
      ],
      [
        -1.4428458428028534e-12,
        -1.4428458428028534e-12,
        -1.4428232973175175e-12,
        -1.4428232973175175e-12,
        -1.4428232973175175e-12,
        0.0
      ]
    ],
    [
      [
        0.0,
        0.999380773855251,
        0.999380773855251,
        -1.4428458428028534e-12,
        -1.4428458428028534e-12,
        -1.4428458428028534e-12
      ],
      [
        0.999380773855251,
        0.0,
        0.999380773855251,
        -1.4428458428028534e-12,
        -1.4428458428028534e-12,
        -1.4428458428028534e-12
      ],
      [
        0.999380773855251,
        0.999380773855251,
        0.0,
        -1.4428458428028534e-12,
        -1.4428458428028534e-12,
        -1.4428458428028534e-12
      ],
      [
        -1.4428458428028534e-12,
        -1.4428458428028534e-12,
        -1.4428458428028534e-12,
        0.0,
        -1.4428232973175175e-12,
        -1.4428232973175175e-12
      ],
      [
        -1.4428458428028534e-12,
        -1.4428458428028534e-12,
        -1.4428458428028534e-12,
        -1.4428232973175175e-12,
        0.0,
        -1.4428232973175175e-12
      ],
      [
        -1.4428458428028534e-12,
        -1.4428458428028534e-12,
        -1.4428458428028534e-12,
        -1.4428232973175175e-12,
        -1.4428232973175175e-12,
        0.0
      ]
    ]
  ]
}