{
  "mi_analysis": {
    "timesteps": [
      0,
      1,
      2,
      3
    ],
    "mi_means": [
      0.0013042994156983814,
      0.00029329945383433514,
      0.0002610618579241447,
      0.0002738088346441667
    ],
    "mi_errors": [
      0.0033752938982911313,
      0.0004067259638758535,
      0.00032956936584727987,
      0.00034655346270068505
    ],
    "mi_ci_lower": [
      -0.005311155062190037,
      -0.0005038687869396768,
      -0.00038488222954422875,
      -0.00040542347096682096
    ],
    "mi_ci_upper": [
      0.0079197538935868,
      0.001090467694608347,
      0.0009070059453925182,
      0.0009530411402551545
    ],
    "confidence_level": 0.95
  },
  "entropy_analysis": {
    "timesteps": [
      0,
      1,
      2,
      3
    ],
    "entropy_means": [
      9.528786644117645,
      9.627507854737733,
      9.637327584760456,
      9.617930589040883
    ],
    "entropy_errors": [
      0.024493328531813036,
      0.021651924645731603,
      0.02214960470707846,
      0.023078219223085575
    ],
    "entropy_ci_lower": [
      9.482130898347652,
      9.585704169697978,
      9.594654512080155,
      9.572628157186395
    ],
    "entropy_ci_upper": [
      9.578610484405619,
      9.669443821015541,
      9.679911533056432,
      9.664324851368937
    ],
    "truncation_warnings": []
  },
  "distance_analysis": {},
  "experiment_spec": {
    "num_qubits": 11,
    "topology": "triangulated",
    "custom_edges": "0-1:1.0000,0-2:0.7235,0-3:1.0000,0-4:1.0000,0-5:0.5317,0-6:0.5317,0-7:1.0000,0-8:1.0000,0-9:0.0611,0-10:1.0000,1-2:0.0732,1-3:0.0685,1-4:1.0000,1-5:0.0500,1-6:0.0500,1-7:0.0500,1-8:0.0500,1-9:1.0000,1-10:0.0500,2-3:0.0500,2-4:1.0000,2-5:0.5484,2-6:1.0000,2-7:0.0500,2-8:0.0500,2-9:1.0000,2-10:0.0500,3-4:1.0000,3-5:0.0500,3-6:0.4166,3-7:0.0500,3-8:1.0000,3-9:0.9730,3-10:0.0500,4-5:1.0000,4-6:0.0500,4-7:1.0000,4-8:0.0500,4-9:0.0500,4-10:1.0000,5-6:1.0000,5-7:1.0000,5-8:0.7687,5-9:0.3978,5-10:0.0500,6-7:0.0500,6-8:0.0787,6-9:1.0000,6-10:1.0000,7-8:0.0500,7-9:1.0000,7-10:0.2298,8-9:0.0500,8-10:1.0000,9-10:1.0000",
    "alpha": 0.8,
    "weight": 1.0,
    "gamma": 0.3,
    "sigma": null,
    "init_angle": 0.0,
    "init_angles": null,
    "shots": 2000,
    "device": "ibm_brisbane",
    "geometry": "spherical",
    "curvature": 20.0,
    "timesteps": 4,
    "dimension": 2,
    "mass_hinge": "0,1",
    "mass_value": 10.0,
    "solve_regge": true,
    "lorentzian": true,
    "excite": false,
    "fast": false,
    "strong_curvature": false,
    "charge_injection": false,
    "charge_strength": 1.0,
    "charge_location": 3,
    "spin_injection": false,
    "spin_strength": 1.0,
    "spin_location": 3,
    "edge_floor": 0.001,
    "compute_entropies": false,
    "hyperbolic_triangulation": false,
    "trotter_steps": 4,
    "dt": 0.1,
    "analyze_curvature": true,
    "einstein_solver": true
  }
}