{
  "success": true,
  "target_entropies": [
    0.1,
    0.4,
    0.9,
    1.5
  ],
  "achieved_entropies": [
    0.5236556894258578,
    0.7494496876448159,
    0.5236556894258578,
    6.0865103572483304e-15
  ],
  "parameters": {
    "entanglement_strength": 0.7623666772101896,
    "weight": 1.4854027691563356,
    "gamma": 0.34069725012906193,
    "sigma": 0.2778699037178898,
    "init_angle": 1.427485249942633,
    "timesteps": 3,
    "asymmetry_strength": 0.7987134496403778
  },
  "loss": 0.819874246372024,
  "iterations": 0,
  "optimization_result": {
    "fun": 0.819874246372024,
    "jac": [
      0.1633811633323135,
      0.05291606074394358,
      0.10175661429938945,
      0.005557387886140078,
      -0.013691925454474238,
      0.059999994226840235,
      0.015974266273868283
    ],
    "nfev": 128,
    "njev": 16,
    "nit": 0,
    "status": 2,
    "message": "ABNORMAL: ",
    "x": [
      0.7623666772101896,
      1.4854027691563356,
      0.34069725012906193,
      0.2778699037178898,
      1.427485249942633,
      3.0,
      0.7987134496403778
    ],
    "success": false,
    "hess_inv": "<7x7 LbfgsInvHessProduct with dtype=float64>"
  },
  "warning": "Used fallback parameters due to: ABNORMAL: "
}