{
  "success": true,
  "target_entropies": [
    0.2,
    0.8,
    1.4
  ],
  "achieved_entropies": [
    0.48792324075068966,
    0.48792324075068977,
    2.5627412030519317e-15
  ],
  "parameters": {
    "entanglement_strength": 0.5090733576854839,
    "weight": 0.8347584831183492,
    "gamma": 2.1675310878837076e-12,
    "sigma": -3.1634632476133197e-11,
    "init_angle": 0.40822904541584976,
    "timesteps": 3,
    "asymmetry_strength": 3.029488839447801e-08
  },
  "loss": 0.8146312573757163,
  "iterations": 2,
  "optimization_result": {
    "fun": 0.8146312573757163,
    "direc": [
      [
        1.0,
        0.0,
        0.0,
        0.0,
        0.0,
        0.0,
        0.0
      ],
      [
        0.0,
        1.0,
        0.0,
        0.0,
        0.0,
        0.0,
        0.0
      ],
      [
        0.0,
        0.0,
        1.0,
        0.0,
        0.0,
        0.0,
        0.0
      ],
      [
        0.0,
        0.0,
        0.0,
        1.0,
        0.0,
        0.0,
        0.0
      ],
      [
        0.0,
        0.0,
        0.0,
        0.0,
        1.0,
        0.0,
        0.0
      ],
      [
        0.0,
        0.0,
        0.0,
        0.0,
        0.0,
        1.0,
        0.0
      ],
      [
        0.0,
        0.0,
        0.0,
        0.0,
        0.0,
        0.0,
        1.0
      ]
    ],
    "nit": 2,
    "nfev": 301,
    "status": 0,
    "success": true,
    "message": "Optimization terminated successfully.",
    "x": [
      0.5090733576854839,
      0.8347584831183492,
      2.1675310878837076e-12,
      -3.1634632476133197e-11,
      0.40822904541584976,
      3.0,
      3.029488839447801e-08
    ]
  }
}