{
    "entropies": [
        0.6767141454176675,
        0.9552197700100346,
        0.9422220167614783
    ],
    "mutual_information_matrix": [
        [
            0.0,
            0.6897118986662225,
            0.6637163921691059
        ],
        [
            0.6897118986662225,
            0.0,
            1.2207276413538406
        ],
        [
            0.6637163921691059,
            1.2207276413538406,
            0.0
        ]
    ],
    "statevector": [
        [
            0.5367859782689882,
            -0.19704416932791224
        ],
        [
            0.09990512076080263,
            -0.15799583212278187
        ],
        [
            0.16711037831105086,
            -0.1522534790480663
        ],
        [
            0.40347231749654017,
            -0.09639038363935189
        ],
        [
            0.4616197091081261,
            -0.14352130358296883
        ],
        [
            0.09243597136950658,
            -0.07758139819404068
        ],
        [
            -0.1731976107714782,
            0.045368849036518846
        ],
        [
            -0.3645289168433213,
            0.04136661282725899
        ]
    ]
}