{
  "success": true,
  "target_entropies": [
    0.1,
    0.4,
    0.9,
    1.5,
    2.0
  ],
  "achieved_entropies": [
    0.5086051439670741,
    0.8227021908407386,
    0.8227021908407384,
    0.5086051439670741,
    -2.2423985526704442e-15
  ],
  "parameters": {
    "entanglement_strength": 0.26528928936602325,
    "weight": 1.1952123945348938,
    "gamma": 1.718370535792614e-08,
    "sigma": 4.8769540053252344e-08,
    "init_angle": 0.25126821104245045,
    "timesteps": 3,
    "asymmetry_strength": -7.826602658540179e-11
  },
  "loss": 1.172500102669127,
  "iterations": 3,
  "optimization_result": {
    "fun": 1.172500102669127,
    "direc": [
      [
        1.0,
        0.0,
        0.0,
        0.0,
        0.0,
        0.0,
        0.0
      ],
      [
        0.0,
        0.0,
        0.0,
        0.0,
        0.0,
        0.0,
        1.0
      ],
      [
        0.0,
        0.0,
        1.0,
        0.0,
        0.0,
        0.0,
        0.0
      ],
      [
        0.0,
        0.0,
        0.0,
        1.0,
        0.0,
        0.0,
        0.0
      ],
      [
        0.0,
        0.0,
        0.0,
        0.0,
        1.0,
        0.0,
        0.0
      ],
      [
        0.0,
        0.0,
        0.0,
        0.0,
        0.0,
        1.0,
        0.0
      ],
      [
        0.0008498326941780872,
        -0.010350382664424257,
        1.0195457938464561e-07,
        1.0195457938464561e-07,
        0.08481271927664263,
        0.0,
        -4.067959621887781e-11
      ]
    ],
    "nit": 3,
    "nfev": 455,
    "status": 0,
    "success": true,
    "message": "Optimization terminated successfully.",
    "x": [
      0.26528928936602325,
      1.1952123945348938,
      1.718370535792614e-08,
      4.8769540053252344e-08,
      0.25126821104245045,
      3.0,
      -7.826602658540179e-11
    ]
  }
}