{
  "success": true,
  "target_entropies": [
    0.1,
    0.4,
    0.9,
    1.5,
    2.0
  ],
  "achieved_entropies": [
    0.5047348495917046,
    0.8195433530373848,
    0.8195433530373848,
    0.5047348495917043,
    1.4415419267167124e-15
  ],
  "parameters": {
    "entanglement_strength": 0.35559294286203674,
    "weight": 1.0082637917645,
    "gamma": 0.09498025232532678,
    "sigma": -3.5803873213163554e-08,
    "init_angle": 0.2870927006550909,
    "timesteps": 3,
    "asymmetry_strength": 7.587908018484544e-11
  },
  "loss": 1.1697154398608942,
  "iterations": 3,
  "optimization_result": {
    "fun": 1.1697154398608942,
    "direc": [
      [
        1.0,
        0.0,
        0.0,
        0.0,
        0.0,
        0.0,
        0.0
      ],
      [
        0.0,
        1.0,
        0.0,
        0.0,
        0.0,
        0.0,
        0.0
      ],
      [
        0.0,
        0.0,
        0.0,
        0.0,
        0.0,
        0.0,
        1.0
      ],
      [
        0.0,
        0.0,
        0.0,
        1.0,
        0.0,
        0.0,
        0.0
      ],
      [
        0.0,
        0.0,
        0.0,
        0.0,
        1.0,
        0.0,
        0.0
      ],
      [
        0.0,
        0.0,
        0.0,
        0.0,
        0.0,
        1.0,
        0.0
      ],
      [
        0.001662699636988725,
        -0.007344953056512623,
        -0.13261401849397972,
        -1.0298835889099395e-07,
        -0.015506541383165463,
        0.0,
        6.648324222500465e-11
      ]
    ],
    "nit": 3,
    "nfev": 436,
    "status": 0,
    "success": true,
    "message": "Optimization terminated successfully.",
    "x": [
      0.35559294286203674,
      1.0082637917645,
      0.09498025232532678,
      -3.5803873213163554e-08,
      0.2870927006550909,
      3.0,
      7.587908018484544e-11
    ]
  }
}