{
  "success": true,
  "target_entropies": [
    0.1,
    0.4,
    0.9,
    1.5
  ],
  "achieved_entropies": [
    1.4415419267167124e-15,
    1.414846705851588e-15,
    1.601713251907458e-15,
    2.2423985526704407e-15
  ],
  "parameters": {
    "entanglement_strength": -6.613989532692316e-11,
    "weight": 1.7193959947057547,
    "gamma": 0.03189845494884652,
    "sigma": 2.3184654981539726e-11,
    "init_angle": 0.6411007537843121,
    "timesteps": 3,
    "asymmetry_strength": 2.3177833293494503e-11
  },
  "loss": 0.7799470833319824,
  "iterations": 3,
  "optimization_result": {
    "fun": 0.7799470833319824,
    "direc": [
      [
        1.0,
        0.0,
        0.0,
        0.0,
        0.0,
        0.0,
        0.0
      ],
      [
        0.0,
        0.0,
        0.0,
        0.0,
        0.0,
        0.0,
        1.0
      ],
      [
        0.0,
        0.0,
        1.0,
        0.0,
        0.0,
        0.0,
        0.0
      ],
      [
        0.0,
        0.0,
        0.0,
        1.0,
        0.0,
        0.0,
        0.0
      ],
      [
        0.0,
        0.0,
        0.0,
        0.0,
        1.0,
        0.0,
        0.0
      ],
      [
        0.0,
        0.0,
        0.0,
        0.0,
        0.0,
        1.0,
        0.0
      ],
      [
        -3.6548890772580163e-11,
        -0.08917583635059971,
        0.02388149468745887,
        3.072112264744592e-11,
        0.1388089577887257,
        0.0,
        3.072112264744592e-11
      ]
    ],
    "nit": 3,
    "nfev": 451,
    "status": 0,
    "success": true,
    "message": "Optimization terminated successfully.",
    "x": [
      -6.613989532692316e-11,
      1.7193959947057547,
      0.03189845494884652,
      2.3184654981539726e-11,
      0.6411007537843121,
      3.0,
      2.3177833293494503e-11
    ]
  }
}