{
  "mi_analysis": {
    "timesteps": [
      0,
      1,
      2,
      3
    ],
    "mi_means": [
      0.10000000000000002,
      0.10000000000000002,
      0.10000000000000002,
      0.10000000000000002
    ],
    "mi_errors": [
      1.3877787807814457e-17,
      1.3877787807814457e-17,
      1.3877787807814457e-17,
      1.3877787807814457e-17
    ],
    "mi_ci_lower": [
      0.09999999999999999,
      0.09999999999999999,
      0.09999999999999999,
      0.09999999999999999
    ],
    "mi_ci_upper": [
      0.10000000000000005,
      0.10000000000000005,
      0.10000000000000005,
      0.10000000000000005
    ],
    "confidence_level": 0.95
  },
  "entropy_analysis": {
    "timesteps": [
      0,
      1,
      2,
      3,
      4,
      5,
      6,
      7
    ],
    "entropy_means": [
      0.527,
      0.0,
      0.525,
      0.0,
      0.506,
      0.0,
      0.493,
      0.0
    ],
    "entropy_errors": [
      0.499270467782744,
      0.0,
      0.4993746088859544,
      0.0,
      0.4999639987039066,
      0.0,
      0.49995099759876466,
      0.0
    ],
    "entropy_ci_lower": [
      0.0,
      0.0,
      0.0,
      0.0,
      0.0,
      0.0,
      0.0,
      0.0
    ],
    "entropy_ci_upper": [
      1.0,
      0.0,
      1.0,
      0.0,
      1.0,
      0.0,
      1.0,
      0.0
    ],
    "truncation_warnings": []
  },
  "distance_analysis": {},
  "experiment_spec": {
    "num_qubits": 7,
    "topology": "triangulated",
    "custom_edges": "0-1:1.0000,0-2:0.9309,0-3:1.0000,0-4:1.0000,0-5:0.8829,0-6:0.8829,1-2:1.0000,1-3:1.0000,1-4:0.7653,1-5:1.0000,1-6:0.7683,2-3:0.7671,2-4:1.0000,2-5:0.0500,2-6:0.1375,3-4:0.7189,3-5:0.4936,3-6:1.0000,4-5:0.5460,4-6:0.2938,5-6:1.0000",
    "alpha": 0.8,
    "weight": 1.0,
    "gamma": 0.3,
    "sigma": null,
    "init_angle": 0.0,
    "init_angles": null,
    "shots": 2000,
    "device": "ibm_brisbane",
    "geometry": "hyperbolic",
    "curvature": 5.0,
    "timesteps": 4,
    "dimension": 2,
    "mass_hinge": null,
    "mass_value": 0.0,
    "solve_regge": true,
    "lorentzian": true,
    "excite": true,
    "fast": false,
    "strong_curvature": false,
    "charge_injection": true,
    "charge_strength": 1.0,
    "charge_location": 3,
    "spin_injection": false,
    "spin_strength": 1.0,
    "spin_location": 3,
    "edge_floor": 0.001,
    "compute_entropies": true,
    "hyperbolic_triangulation": false,
    "trotter_steps": 4,
    "dt": 0.1,
    "analyze_curvature": false,
    "einstein_solver": true
  }
}