{
  "success": true,
  "target_entropies": [
    0.2,
    0.6,
    1.2
  ],
  "achieved_entropies": [
    0.299969192154274,
    0.2999691921542739,
    -1.6017132519074597e-15
  ],
  "parameters": {
    "entanglement_strength": 0.37140341274446,
    "weight": 0.8671253417571032,
    "gamma": 0.4212275505773808,
    "sigma": 0.2936583109913349,
    "init_angle": 1.1280100770896344,
    "timesteps": 2,
    "asymmetry_strength": 0.3365101414434515
  },
  "loss": 0.5806022418522415,
  "iterations": 5,
  "optimization_result": {
    "fun": 0.5806022418522415,
    "jac": [
      -0.1434490749163787,
      -0.08000376987328348,
      0.01585905851921728,
      0.005873168621200425,
      0.0026125657351954647,
      0.040925885151957116,
      0.006730205285510921
    ],
    "nfev": 64,
    "njev": 8,
    "nit": 5,
    "status": 1,
    "message": "STOP: TOTAL NO. OF ITERATIONS REACHED LIMIT",
    "x": [
      0.37140341274446,
      0.8671253417571032,
      0.4212275505773808,
      0.2936583109913349,
      1.1280100770896344,
      2.0462940897471436,
      0.3365101414434515
    ],
    "success": false,
    "hess_inv": "<7x7 LbfgsInvHessProduct with dtype=float64>"
  },
  "warning": "Used fallback parameters due to: STOP: TOTAL NO. OF ITERATIONS REACHED LIMIT"
}