{
  "logical_state": 0,
  "phi": 1.3962634015954636,
  "shannon_entropy": 3.981959785570086,
  "renyi_entropies": {
    "S_1": 3.981959785570086,
    "S_2": 3.9636975811169792,
    "S_3": 3.945141093921283
  },
  "von_neumann_entropy": 0.9997248102580842,
  "entanglement_spectrum": [
    0.2451171875,
    0.2548828125
  ],
  "fisher_info": 0.0005637461103858022
}