{
  "logical_state": 1,
  "phi": 2.0943951023931953,
  "shannon_entropy": 3.9935976571033702,
  "renyi_entropies": {
    "S_1": 3.9935976571033702,
    "S_2": 3.987157257768952,
    "S_3": 3.9807129531062593
  },
  "von_neumann_entropy": 0.9999889930794672,
  "entanglement_spectrum": [
    0.2490234375,
    0.2509765625
  ],
  "fisher_info": 6.261551747155364e-05
}