{
  "logical_state": 0,
  "phi": 0.6981317007977318,
  "shannon_entropy": 3.9836755837744535,
  "renyi_entropies": {
    "S_1": 3.9836755837744535,
    "S_2": 3.9687295682059096,
    "S_3": 3.9549864454774415
  },
  "von_neumann_entropy": 0.9999889930794672,
  "entanglement_spectrum": [
    0.2509765625,
    0.2490234375
  ],
  "fisher_info": 0.001894119403514497
}