{
  "logical_state": 1,
  "phi": 0.6981317007977318,
  "shannon_entropy": 3.9837854790538625,
  "renyi_entropies": {
    "S_1": 3.9837854790538625,
    "S_2": 3.9689019126142933,
    "S_3": 3.9553345697211504
  },
  "von_neumann_entropy": 0.9992046060352292,
  "entanglement_spectrum": [
    0.24169921875,
    0.25830078125
  ],
  "fisher_info": 0.0003917729217981545
}