{
  "logical_state": 1,
  "phi": 1.3962634015954636,
  "shannon_entropy": 4.47425315591704,
  "renyi_entropies": {
    "S_1": 4.47425315591704,
    "S_2": 4.200699403736252,
    "S_3": 4.145696918098165
  },
  "von_neumann_entropy": 0.9998925081706442,
  "entanglement_spectrum": [
    1.01220703125,
    0.98779296875
  ],
  "fisher_info": 0.0
}