{
  "logical_state": 1,
  "phi": 0.0,
  "shannon_entropy": 4.433381265896755,
  "renyi_entropies": {
    "S_1": 4.433381265896755,
    "S_2": 4.181046537065641,
    "S_3": 4.132306174459793
  },
  "von_neumann_entropy": 0.9999860693575566,
  "entanglement_spectrum": [
    0.99560546875,
    1.00439453125
  ],
  "fisher_info": 0
}