{
  "logical_state": 0,
  "phi": 3.490658503988659,
  "shannon_entropy": 3.9830103021582652,
  "renyi_entropies": {
    "S_1": 3.9830103021582652,
    "S_2": 3.969117372081064,
    "S_3": 3.957602941180271
  },
  "von_neumann_entropy": 0.9998238825959875,
  "entanglement_spectrum": [
    0.25390625,
    0.24609375
  ],
  "fisher_info": 0.0018945530389090702
}