{
  "logical_state": 1,
  "phi": 4.1887902047863905,
  "shannon_entropy": 4.512582463049424,
  "renyi_entropies": {
    "S_1": 4.512582463049424,
    "S_2": 4.225775959643438,
    "S_3": 4.167620840058015
  },
  "von_neumann_entropy": 0.9997108778467334,
  "entanglement_spectrum": [
    1.02001953125,
    0.97998046875
  ],
  "fisher_info": 0.0
}