{
  "logical_state": 1,
  "phi": 0.0,
  "shannon_entropy": 3.9923641758882855,
  "renyi_entropies": {
    "S_1": 3.9923641758882855,
    "S_2": 3.9846285078809673,
    "S_3": 3.976842311703822
  },
  "von_neumann_entropy": 0.9998651613979794,
  "entanglement_spectrum": [
    0.24658203125,
    0.25341796875
  ],
  "fisher_info": 0
}