{
  "logical_state": 0,
  "phi": 4.1887902047863905,
  "shannon_entropy": 4.4384783696591015,
  "renyi_entropies": {
    "S_1": 4.4384783696591015,
    "S_2": 4.183003881146134,
    "S_3": 4.1332037018828744
  },
  "von_neumann_entropy": 0.9997770990017212,
  "entanglement_spectrum": [
    1.017578125,
    0.982421875
  ],
  "fisher_info": 6359291.651954648
}