{
  "logical_state": 1,
  "phi": 3.490658503988659,
  "shannon_entropy": 4.494169832851,
  "renyi_entropies": {
    "S_1": 4.494169832851,
    "S_2": 4.208897538768755,
    "S_3": 4.14848183531952
  },
  "von_neumann_entropy": 0.9981390353409885,
  "entanglement_spectrum": [
    1.05078125,
    0.94921875
  ],
  "fisher_info": 0.0
}