{
  "logical_state": 0,
  "phi": 0.6981317007977318,
  "shannon_entropy": 4.48155530035076,
  "renyi_entropies": {
    "S_1": 4.48155530035076,
    "S_2": 4.208112180562191,
    "S_3": 4.153881938200662
  },
  "von_neumann_entropy": 0.9995349089288796,
  "entanglement_spectrum": [
    1.025390625,
    0.974609375
  ],
  "fisher_info": 3424234.031093984
}