{
  "logical_state": 0,
  "phi": 0.0,
  "shannon_entropy": 4.4961621541054875,
  "renyi_entropies": {
    "S_1": 4.4961621541054875,
    "S_2": 4.217347256344957,
    "S_3": 4.161006966222693
  },
  "von_neumann_entropy": 0.9987861499393461,
  "entanglement_spectrum": [
    1.041015625,
    0.958984375
  ],
  "fisher_info": 0
}