{
  "logical_state": 0,
  "phi": 5.585053606381854,
  "shannon_entropy": 3.986846238057078,
  "renyi_entropies": {
    "S_1": 3.986846238057078,
    "S_2": 3.9749037053534018,
    "S_3": 3.964107456770701
  },
  "von_neumann_entropy": 0.9990064000837202,
  "entanglement_spectrum": [
    0.24072265625,
    0.25927734375
  ],
  "fisher_info": 0.00019202153017710546
}