{
  "logical_state": 0,
  "phi": 5.585053606381854,
  "shannon_entropy": 4.445509756958443,
  "renyi_entropies": {
    "S_1": 4.445509756958443,
    "S_2": 4.1841726854221735,
    "S_3": 4.132835167498959
  },
  "von_neumann_entropy": 0.9998651613979794,
  "entanglement_spectrum": [
    0.986328125,
    1.013671875
  ],
  "fisher_info": 0.0
}