{
  "logical_state": 1,
  "phi": 0.6981317007977318,
  "shannon_entropy": 4.463719737831709,
  "renyi_entropies": {
    "S_1": 4.463719737831709,
    "S_2": 4.190071762096346,
    "S_3": 4.132985482283965
  },
  "von_neumann_entropy": 0.9999167587931233,
  "entanglement_spectrum": [
    1.0107421875,
    0.9892578125
  ],
  "fisher_info": 0.0
}