{
  "logical_state": 0,
  "phi": 3.490658503988659,
  "shannon_entropy": 4.424946598250616,
  "renyi_entropies": {
    "S_1": 4.424946598250616,
    "S_2": 4.174705776420524,
    "S_3": 4.125557241884981
  },
  "von_neumann_entropy": 0.9995870302468547,
  "entanglement_spectrum": [
    1.02392578125,
    0.97607421875
  ],
  "fisher_info": 0.0
}