{
  "logical_state": 0,
  "phi": 1.3962634015954636,
  "shannon_entropy": 4.509969748712372,
  "renyi_entropies": {
    "S_1": 4.509969748712372,
    "S_2": 4.21864989249325,
    "S_3": 4.157136844407773
  },
  "von_neumann_entropy": 0.9999828016636879,
  "entanglement_spectrum": [
    0.9951171875,
    1.0048828125
  ],
  "fisher_info": 2935057.7860423657
}