{
  "logical_state": 0,
  "phi": 0.6981317007977318,
  "shannon_entropy": 4.452056335493367,
  "renyi_entropies": {
    "S_1": 4.452056335493367,
    "S_2": 4.189390711865302,
    "S_3": 4.138108155869608
  },
  "von_neumann_entropy": 0.9996670159659137,
  "entanglement_spectrum": [
    1.021484375,
    0.978515625
  ],
  "fisher_info": 0.0
}