{
  "logical_state": 1,
  "phi": 1.3962634015954636,
  "shannon_entropy": 3.9880566495798755,
  "renyi_entropies": {
    "S_1": 3.9880566495798755,
    "S_2": 3.9767221196063973,
    "S_3": 3.966032402322553
  },
  "von_neumann_entropy": 0.9999889930794672,
  "entanglement_spectrum": [
    0.2509765625,
    0.2490234375
  ],
  "fisher_info": 0.0014127626129519285
}