{
  "logical_state": 0,
  "phi": 1.3962634015954636,
  "shannon_entropy": 4.537430882855785,
  "renyi_entropies": {
    "S_1": 4.537430882855785,
    "S_2": 4.240527878769895,
    "S_3": 4.179742220290505
  },
  "von_neumann_entropy": 0.9996360541028833,
  "entanglement_spectrum": [
    1.0224609375,
    0.9775390625
  ],
  "fisher_info": 0.0
}