{
  "logical_state": 0,
  "phi": 2.792526803190927,
  "shannon_entropy": 3.9911715831890326,
  "renyi_entropies": {
    "S_1": 3.9911715831890326,
    "S_2": 3.9823651149857335,
    "S_3": 3.973594929518763
  },
  "von_neumann_entropy": 0.9994605951751857,
  "entanglement_spectrum": [
    0.2431640625,
    0.2568359375
  ],
  "fisher_info": 0.0037636011039746528
}