{
  "logical_state": 0,
  "phi": 0.0,
  "shannon_entropy": 3.985179515159044,
  "renyi_entropies": {
    "S_1": 3.985179515159044,
    "S_2": 3.970281409561202,
    "S_3": 3.955437390629818
  },
  "von_neumann_entropy": 0.9988990309409242,
  "entanglement_spectrum": [
    0.240234375,
    0.259765625
  ],
  "fisher_info": 0
}