{
  "logical_state": 1,
  "phi": 4.1887902047863905,
  "shannon_entropy": 3.986395463042704,
  "renyi_entropies": {
    "S_1": 3.986395463042704,
    "S_2": 3.972871527026869,
    "S_3": 3.9593496330804174
  },
  "von_neumann_entropy": 0.9971803988913788,
  "entanglement_spectrum": [
    0.234375,
    0.265625
  ],
  "fisher_info": 1.5715027334168736e-05
}