{
  "logical_state": 1,
  "phi": 5.585053606381854,
  "shannon_entropy": 3.9936570959252435,
  "renyi_entropies": {
    "S_1": 3.9936570959252435,
    "S_2": 3.9876373486946974,
    "S_3": 3.9819306370534826
  },
  "von_neumann_entropy": 0.999380773855251,
  "entanglement_spectrum": [
    0.24267578125,
    0.25732421875
  ],
  "fisher_info": 0.0037640178146066206
}