{
  "logical_state": 0,
  "phi": 4.886921905584122,
  "shannon_entropy": 4.494291786747434,
  "renyi_entropies": {
    "S_1": 4.494291786747434,
    "S_2": 4.2136761242124425,
    "S_3": 4.155277025307791
  },
  "von_neumann_entropy": 0.9999241543189497,
  "entanglement_spectrum": [
    0.98974609375,
    1.01025390625
  ],
  "fisher_info": 0.0
}