{
  "logical_state": 0,
  "phi": 2.0943951023931953,
  "shannon_entropy": 4.472335803036311,
  "renyi_entropies": {
    "S_1": 4.472335803036311,
    "S_2": 4.197606700332091,
    "S_3": 4.140190150240477
  },
  "von_neumann_entropy": 0.9998837366019668,
  "entanglement_spectrum": [
    1.0126953125,
    0.9873046875
  ],
  "fisher_info": 37666572.69585063
}