{
  "logical_state": 1,
  "phi": 2.0943951023931953,
  "shannon_entropy": 4.4975968084466995,
  "renyi_entropies": {
    "S_1": 4.4975968084466995,
    "S_2": 4.217104142515384,
    "S_3": 4.1585162323363685
  },
  "von_neumann_entropy": 0.9999889930794672,
  "entanglement_spectrum": [
    1.00390625,
    0.99609375
  ],
  "fisher_info": 0.0
}