{
  "logical_state": 1,
  "phi": 4.886921905584122,
  "shannon_entropy": 4.503216187122004,
  "renyi_entropies": {
    "S_1": 4.503216187122004,
    "S_2": 4.217552015560915,
    "S_3": 4.160113928875163
  },
  "von_neumann_entropy": 0.9998238825959875,
  "entanglement_spectrum": [
    1.015625,
    0.984375
  ],
  "fisher_info": 0.0
}