{
  "logical_state": 0,
  "phi": 5.585053606381854,
  "shannon_entropy": 4.443498699273212,
  "renyi_entropies": {
    "S_1": 4.443498699273212,
    "S_2": 4.184003869084566,
    "S_3": 4.133190883001303
  },
  "von_neumann_entropy": 0.9998011789192214,
  "entanglement_spectrum": [
    1.0166015625,
    0.9833984375
  ],
  "fisher_info": 1467528.9978077514
}