{
  "logical_state": 0,
  "phi": 2.0943951023931953,
  "shannon_entropy": 3.994047121557904,
  "renyi_entropies": {
    "S_1": 3.994047121557904,
    "S_2": 3.988335948086529,
    "S_3": 3.9828742212436574
  },
  "von_neumann_entropy": 0.9992046060352292,
  "entanglement_spectrum": [
    0.25830078125,
    0.24169921875
  ],
  "fisher_info": 0.002856024599908547
}