{
  "logical_state": 0,
  "phi": 2.792526803190927,
  "shannon_entropy": 4.478952042357951,
  "renyi_entropies": {
    "S_1": 4.478952042357951,
    "S_2": 4.207864261502082,
    "S_3": 4.155514536283891
  },
  "von_neumann_entropy": 0.9999972482729513,
  "entanglement_spectrum": [
    1.001953125,
    0.998046875
  ],
  "fisher_info": 4402586.54789882
}