{
  "logical_state": 1,
  "phi": 2.792526803190927,
  "shannon_entropy": 4.465660347289405,
  "renyi_entropies": {
    "S_1": 4.465660347289405,
    "S_2": 4.20013976187651,
    "S_3": 4.14831599808159
  },
  "von_neumann_entropy": 0.9999167587931233,
  "entanglement_spectrum": [
    0.9892578125,
    1.0107421875
  ],
  "fisher_info": 0.0
}