{
  "logical_state": 1,
  "phi": 3.490658503988659,
  "shannon_entropy": 3.9939388537563474,
  "renyi_entropies": {
    "S_1": 3.9939388537563474,
    "S_2": 3.98781196683106,
    "S_3": 3.9816046473203697
  },
  "von_neumann_entropy": 0.9975220307816461,
  "entanglement_spectrum": [
    0.2353515625,
    0.2646484375
  ],
  "fisher_info": 0.0026545790197561965
}