{
  "logical_state": 1,
  "phi": 6.283185307179586,
  "shannon_entropy": 4.4835591312654595,
  "renyi_entropies": {
    "S_1": 4.4835591312654595,
    "S_2": 4.20530175025434,
    "S_3": 4.148725481001436
  },
  "von_neumann_entropy": 0.9989800744891516,
  "entanglement_spectrum": [
    0.96240234375,
    1.03759765625
  ],
  "fisher_info": 0.0
}