{
  "logical_state": 0,
  "phi": 4.1887902047863905,
  "shannon_entropy": 4.491189762064673,
  "renyi_entropies": {
    "S_1": 4.491189762064673,
    "S_2": 4.217193706002095,
    "S_3": 4.163366303257891
  },
  "von_neumann_entropy": 0.9998925081706442,
  "entanglement_spectrum": [
    1.01220703125,
    0.98779296875
  ],
  "fisher_info": 0.0
}