{
  "logical_state": 1,
  "phi": 5.585053606381854,
  "shannon_entropy": 4.499402117643378,
  "renyi_entropies": {
    "S_1": 4.499402117643378,
    "S_2": 4.21701458458849,
    "S_3": 4.1601816308525175
  },
  "von_neumann_entropy": 0.9999998280144571,
  "entanglement_spectrum": [
    1.00048828125,
    0.99951171875
  ],
  "fisher_info": 0.0
}