{
  "logical_state": 1,
  "phi": 4.886921905584122,
  "shannon_entropy": 3.988354863781268,
  "renyi_entropies": {
    "S_1": 3.988354863781268,
    "S_2": 3.9768954215124728,
    "S_3": 3.9657450056794774
  },
  "von_neumann_entropy": 0.9992954443592694,
  "entanglement_spectrum": [
    0.2578125,
    0.2421875
  ],
  "fisher_info": 0.009025310712972655
}