{
  "logical_state": 0,
  "phi": 2.792526803190927,
  "shannon_entropy": 4.5230101835247,
  "renyi_entropies": {
    "S_1": 4.5230101835247,
    "S_2": 4.221897196281189,
    "S_3": 4.155878694290429
  },
  "von_neumann_entropy": 0.9999442769008096,
  "entanglement_spectrum": [
    1.0087890625,
    0.9912109375
  ],
  "fisher_info": 0.0
}