{
  "logical_state": 0,
  "phi": 6.283185307179586,
  "shannon_entropy": 3.9891955325598065,
  "renyi_entropies": {
    "S_1": 3.9891955325598065,
    "S_2": 3.9785428287337585,
    "S_3": 3.968105637584147
  },
  "von_neumann_entropy": 0.9992046060352292,
  "entanglement_spectrum": [
    0.24169921875,
    0.25830078125
  ],
  "fisher_info": 1.5670916871926175e-05
}