{
  "logical_state": 1,
  "phi": 6.283185307179586,
  "shannon_entropy": 3.9777727553223166,
  "renyi_entropies": {
    "S_1": 3.9777727553223166,
    "S_2": 3.953984443296291,
    "S_3": 3.928759164084305
  },
  "von_neumann_entropy": 0.9996670159659137,
  "entanglement_spectrum": [
    0.25537109375,
    0.24462890625
  ],
  "fisher_info": 0.0026466868993836584
}