{
  "logical_state": 0,
  "phi": 4.886921905584122,
  "shannon_entropy": 3.970207438303097,
  "renyi_entropies": {
    "S_1": 3.970207438303097,
    "S_2": 3.9457772632512063,
    "S_3": 3.925120549093892
  },
  "von_neumann_entropy": 0.9996037156839629,
  "entanglement_spectrum": [
    0.244140625,
    0.255859375
  ],
  "fisher_info": 0.0003171604417341203
}