{
  "logical_state": 0,
  "phi": 3.490658503988659,
  "shannon_entropy": 4.472801483680122,
  "renyi_entropies": {
    "S_1": 4.472801483680122,
    "S_2": 4.201154865796317,
    "S_3": 4.1497425767004925
  },
  "von_neumann_entropy": 0.9998651613979794,
  "entanglement_spectrum": [
    1.013671875,
    0.986328125
  ],
  "fisher_info": 2445881.484783314
}