{
  "logical_state": 0,
  "phi": 6.283185307179586,
  "shannon_entropy": 4.436943914257368,
  "renyi_entropies": {
    "S_1": 4.436943914257368,
    "S_2": 4.184726166394124,
    "S_3": 4.1346210591187695
  },
  "von_neumann_entropy": 0.9998238825959875,
  "entanglement_spectrum": [
    1.015625,
    0.984375
  ],
  "fisher_info": 0.0
}