{
  "logical_state": 0,
  "phi": 2.0943951023931953,
  "shannon_entropy": 4.461273920774143,
  "renyi_entropies": {
    "S_1": 4.461273920774143,
    "S_2": 4.190304083172163,
    "S_3": 4.135089743179521
  },
  "von_neumann_entropy": 0.9995700006474175,
  "entanglement_spectrum": [
    1.0244140625,
    0.9755859375
  ],
  "fisher_info": 0.0
}