{
  "logical_state": 1,
  "phi": 2.792526803190927,
  "shannon_entropy": 3.993919929714271,
  "renyi_entropies": {
    "S_1": 3.993919929714271,
    "S_2": 3.9879429443046357,
    "S_3": 3.982096706976311
  },
  "von_neumann_entropy": 0.9999559719906115,
  "entanglement_spectrum": [
    0.248046875,
    0.251953125
  ],
  "fisher_info": 1.565459598935735e-05
}