{
  "logical_state": 0,
  "phi": 4.1887902047863905,
  "shannon_entropy": 3.9926152961685646,
  "renyi_entropies": {
    "S_1": 3.9926152961685646,
    "S_2": 3.985325651461742,
    "S_3": 3.9781655915607206
  },
  "von_neumann_entropy": 0.999975234353679,
  "entanglement_spectrum": [
    0.24853515625,
    0.25146484375
  ],
  "fisher_info": 0.0004735388830538564
}