{
  "logical_state": 0,
  "phi": 4.886921905584122,
  "shannon_entropy": 4.458732975350648,
  "renyi_entropies": {
    "S_1": 4.458732975350648,
    "S_2": 4.195273400008956,
    "S_3": 4.141459950937888
  },
  "von_neumann_entropy": 0.9995168467930284,
  "entanglement_spectrum": [
    1.02587890625,
    0.97412109375
  ],
  "fisher_info": 1956705.2279003842
}