{
  "success": true,
  "target_entropies": [
    0.1,
    0.4,
    0.9,
    1.5,
    2.0
  ],
  "achieved_entropies": [
    0.5147441685943103,
    0.8060589617011974,
    0.8060589617011974,
    0.5147441685943103,
    -2.2423985526704442e-15
  ],
  "parameters": {
    "entanglement_strength": 0.645333418640095,
    "weight": 0.5689008697620204,
    "gamma": 0.09002740346893001,
    "sigma": 1.365558358603864e-09,
    "init_angle": 0.7725180199834336,
    "timesteps": 3,
    "asymmetry_strength": -2.1621494535159007e-11
  },
  "loss": 1.1667400400053265,
  "iterations": 3,
  "optimization_result": {
    "fun": 1.1667400400053265,
    "direc": [
      [
        1.0,
        0.0,
        0.0,
        0.0,
        0.0,
        0.0,
        0.0
      ],
      [
        0.0,
        1.0,
        0.0,
        0.0,
        0.0,
        0.0,
        0.0
      ],
      [
        0.0,
        0.0,
        1.0,
        0.0,
        0.0,
        0.0,
        0.0
      ],
      [
        0.0,
        0.0,
        0.0,
        1.0,
        0.0,
        0.0,
        0.0
      ],
      [
        0.0,
        0.0,
        0.0,
        0.0,
        1.0,
        0.0,
        0.0
      ],
      [
        0.0,
        0.0,
        0.0,
        0.0,
        0.0,
        1.0,
        0.0
      ],
      [
        0.0,
        0.0,
        0.0,
        0.0,
        0.0,
        0.0,
        1.0
      ]
    ],
    "nit": 3,
    "nfev": 471,
    "status": 0,
    "success": true,
    "message": "Optimization terminated successfully.",
    "x": [
      0.645333418640095,
      0.5689008697620204,
      0.09002740346893001,
      1.365558358603864e-09,
      0.7725180199834336,
      3.0,
      -2.1621494535159007e-11
    ]
  }
}