{
  "success": true,
  "target_entropies": [
    0.1,
    0.4,
    0.9,
    1.5
  ],
  "achieved_entropies": [
    0.372941090745933,
    0.5333541807671897,
    0.37294109074593296,
    1.2813706015259665e-15
  ],
  "parameters": {
    "entanglement_strength": 0.38909463112620774,
    "weight": 1.096130189495845,
    "gamma": -1.836470263149411e-09,
    "sigma": -2.7033513110515145e-09,
    "init_angle": -1.1230133919838865e-08,
    "timesteps": 2,
    "asymmetry_strength": -1.0160325712597128e-08
  },
  "loss": 0.708547163506981,
  "iterations": 3,
  "optimization_result": {
    "fun": 0.708547163506981,
    "direc": [
      [
        0.0,
        0.0,
        0.0,
        0.0,
        0.0,
        0.0,
        1.0
      ],
      [
        0.0,
        1.0,
        0.0,
        0.0,
        0.0,
        0.0,
        0.0
      ],
      [
        0.0,
        0.0,
        1.0,
        0.0,
        0.0,
        0.0,
        0.0
      ],
      [
        0.0,
        0.0,
        0.0,
        1.0,
        0.0,
        0.0,
        0.0
      ],
      [
        0.0,
        0.0,
        0.0,
        0.0,
        1.0,
        0.0,
        0.0
      ],
      [
        0.0,
        0.0,
        0.0,
        0.0,
        0.0,
        1.0,
        0.0
      ],
      [
        0.1230664145196343,
        0.0009483880473166317,
        0.012492699050288282,
        0.018389800258679603,
        0.005855931440096138,
        0.11302257300720313,
        0.06911654798434269
      ]
    ],
    "nit": 3,
    "nfev": 314,
    "status": 0,
    "success": true,
    "message": "Optimization terminated successfully.",
    "x": [
      0.38909463112620774,
      1.096130189495845,
      -1.836470263149411e-09,
      -2.7033513110515145e-09,
      -1.1230133919838865e-08,
      2.0000000001371414,
      -1.0160325712597128e-08
    ]
  }
}