{
  "alpha_final": 0.5028607740179197,
  "alpha_std_final": 0.34248124103213845,
  "alpha_median": 0.27080492359303177,
  "alpha_ci_lower": 0.16722915780642406,
  "alpha_ci_upper": 0.8384923902294155,
  "n_estimates": 4,
  "p_values": {
    "alpha_vs_zero": 0.08444679677362645,
    "alpha_vs_theoretical": 0.3776025026736397,
    "distance_exponential": 0.041088503979639056,
    "internal_consistency": 0.142378489932647,
    "curvature_significance": 2.0262934693930648e-35,
    "measurement_sufficiency": 1.0
  },
  "experiment_params": {
    "num_qubits": 7,
    "geometry": "hyperbolic",
    "curvature": 0.5,
    "device": "ibm_brisbane"
  },
  "alpha_estimates": {
    "from_curvature": 0.7071067811865476,
    "from_distance": 0.08478157615556388,
    "from_variance": 0.27080492359303177,
    "from_angles": 0.9487498151365357
  },
  "raw_data": {
    "distances": [
      10.081066574164874,
      9.81900978692374,
      7.885251842782488,
      9.054721035180908,
      17.24664010404357,
      10.179608086024293,
      17.456198536734536,
      17.96631841694736,
      12.61431291892675,
      9.24274385090268,
      12.157788325722466,
      14.28594650015583,
      9.719383819630153,
      8.448600285853814,
      11.15466748563528,
      14.6541094952939,
      20.364592897630825,
      10.454466043572932,
      8.191919068862665,
      6.807852364848658,
      9.910126854057893
    ],
    "characteristic_distance": 11.795015442566456,
    "distance_variance": 13.635996708632868
  }
}