{
  "success": true,
  "target_entropies": [
    0.1,
    0.4,
    0.9,
    1.5
  ],
  "achieved_entropies": [
    0.5,
    1.0,
    1.5,
    1.6
  ],
  "parameters": {
    "entanglement_strength": 3.1638406687081094e-11,
    "weight": -3.0294882912355555e-08,
    "gamma": 1.1704781276883155e-08,
    "sigma": 3.163704523207619e-11,
    "init_angle": 3.1634852541602556e-11,
    "timesteps": 1,
    "asymmetry_strength": -1.0872790146951122e-09
  },
  "loss": 0.2225,
  "iterations": 2,
  "optimization_result": {
    "fun": 0.2225,
    "direc": [
      [
        1.0,
        0.0,
        0.0,
        0.0,
        0.0,
        0.0,
        0.0
      ],
      [
        0.0,
        1.0,
        0.0,
        0.0,
        0.0,
        0.0,
        0.0
      ],
      [
        0.0,
        0.0,
        1.0,
        0.0,
        0.0,
        0.0,
        0.0
      ],
      [
        0.0,
        0.0,
        0.0,
        1.0,
        0.0,
        0.0,
        0.0
      ],
      [
        0.0,
        0.0,
        0.0,
        0.0,
        1.0,
        0.0,
        0.0
      ],
      [
        0.0,
        0.0,
        0.0,
        0.0,
        0.0,
        1.0,
        0.0
      ],
      [
        0.0,
        0.0,
        0.0,
        0.0,
        0.0,
        0.0,
        1.0
      ]
    ],
    "nit": 2,
    "nfev": 319,
    "status": 0,
    "success": true,
    "message": "Optimization terminated successfully.",
    "x": [
      3.1638406687081094e-11,
      -3.0294882912355555e-08,
      1.1704781276883155e-08,
      3.163704523207619e-11,
      3.1634852541602556e-11,
      -1.8138201822789168e-08,
      -1.0872790146951122e-09
    ]
  }
}