{
  "success": true,
  "target_entropies": [
    0.1,
    0.4,
    0.9,
    1.5,
    2.0,
    2.3,
    2.5
  ],
  "achieved_entropies": [
    0.5748487996157735,
    1.3555549297183143,
    1.8013633963296092,
    1.9604239323307504,
    2.2703831807430626,
    2.8743588223878622,
    2.9608934740007173
  ],
  "parameters": {
    "entanglement_strength": 1.29410573730379,
    "weight": 1.0310578300927848,
    "gamma": 0.19320540629062402,
    "sigma": 0.45451537290198507,
    "init_angle": 2.006892939259702,
    "timesteps": 3,
    "asymmetry_strength": 0.9515438999529426
  },
  "loss": 0.0,
  "iterations": 0,
  "optimization_result": null,
  "message": "Skipped for large system"
}