{
  "success": true,
  "target_entropies": [
    0.1,
    0.4,
    0.9,
    1.5
  ],
  "achieved_entropies": [
    1.4335333604571676e-14,
    1.9647682556731337e-14,
    1.449550492976242e-14,
    -6.406853007629837e-16
  ],
  "parameters": {
    "entanglement_strength": -3.926222896681923e-08,
    "weight": 1.7265321394761861,
    "gamma": 0.030972192189992778,
    "sigma": 3.029489017083485e-08,
    "init_angle": 0.6275270762097722,
    "timesteps": 3,
    "asymmetry_strength": 3.162797202244945e-11
  },
  "loss": 0.7799520392279297,
  "iterations": 2,
  "optimization_result": {
    "fun": 0.7799520392279297,
    "direc": [
      [
        1.0,
        0.0,
        0.0,
        0.0,
        0.0,
        0.0,
        0.0
      ],
      [
        0.0,
        1.0,
        0.0,
        0.0,
        0.0,
        0.0,
        0.0
      ],
      [
        0.0,
        0.0,
        1.0,
        0.0,
        0.0,
        0.0,
        0.0
      ],
      [
        0.0,
        0.0,
        0.0,
        1.0,
        0.0,
        0.0,
        0.0
      ],
      [
        0.0,
        0.0,
        0.0,
        0.0,
        1.0,
        0.0,
        0.0
      ],
      [
        0.0,
        0.0,
        0.0,
        0.0,
        0.0,
        1.0,
        0.0
      ],
      [
        0.0,
        0.0,
        0.0,
        0.0,
        0.0,
        0.0,
        1.0
      ]
    ],
    "nit": 2,
    "nfev": 314,
    "status": 0,
    "success": true,
    "message": "Optimization terminated successfully.",
    "x": [
      -3.926222896681923e-08,
      1.7265321394761861,
      0.030972192189992778,
      3.029489017083485e-08,
      0.6275270762097722,
      3.0,
      3.162797202244945e-11
    ]
  }
}