{
  "causal_analysis": {
    "wedge_entropies": {
      "0": 1.0,
      "1": 1.0,
      "2": 1.0,
      "3": 1.0
    },
    "boundary_qubits": [
      0
    ],
    "bulk_qubits": [
      1,
      2,
      3
    ],
    "bulk_boundary_correlations": [
      0.0052157690788151145,
      0.005063308463343415,
      0.005726347697045544
    ],
    "avg_bulk_boundary_correlation": 0.005335141746401358,
    "causal_horizons": [],
    "causal_horizon_density": 0.0,
    "boundary_size": 1
  },
  "charge_analysis": {
    "charge_injection_results": [
      {
        "injection_point": 0,
        "base_entropies": {
          "0": 0.5240012997163428,
          "1": 0.9143734092122224,
          "2": 0.920557860633936,
          "3": 0.5917996975189337
        },
        "charged_entropies": {
          "0": 0.5240012997163428,
          "1": 0.9143734092122224,
          "2": 0.920557860633936,
          "3": 0.5917996975189337
        },
        "entanglement_response": {
          "0": 0.0,
          "1": 0.0,
          "2": 0.0,
          "3": 0.0
        },
        "target_entropy": 0.5,
        "measured_entropy": 0.5240012997163428
      },
      {
        "injection_point": 2,
        "base_entropies": {
          "0": 0.49781944576758275,
          "1": 0.5027866717658325,
          "2": 0.9916828968331342,
          "3": 0.9916300173478191
        },
        "charged_entropies": {
          "0": 0.49781944576758275,
          "1": 0.5027866717658325,
          "2": 0.9916828968331342,
          "3": 0.9916300173478191
        },
        "entanglement_response": {
          "0": 0.0,
          "1": 0.0,
          "2": 0.0,
          "3": 0.0
        },
        "target_entropy": 0.5,
        "measured_entropy": 0.49781944576758275
      },
      {
        "injection_point": 3,
        "base_entropies": {
          "0": 0.47081873491557075,
          "1": 0.5888691886327692,
          "2": 0.5925115210019178,
          "3": 0.42668827573020507
        },
        "charged_entropies": {
          "0": 0.47081873491557075,
          "1": 0.5888691886327692,
          "2": 0.5925115210019178,
          "3": 0.42668827573020507
        },
        "entanglement_response": {
          "0": 0.0,
          "1": 0.0,
          "2": 0.0,
          "3": 0.0
        },
        "target_entropy": 0.5,
        "measured_entropy": 0.47081873491557075
      }
    ],
    "teleportation_results": [
      {
        "target_entropy": 0.3,
        "achieved_entropy": 0.2956061406893133,
        "subsystem_entropies": {
          "0": 0.2956061406893133,
          "1": 0.4260294213346012,
          "2": 0.9993223287820359,
          "3": 0.9992304472534325
        },
        "injection_point": 0
      },
      {
        "target_entropy": 0.7,
        "achieved_entropy": 0.7281550021741968,
        "subsystem_entropies": {
          "0": 0.7281550021741968,
          "1": 0.9086598824977169,
          "2": 0.8252655409619059,
          "3": 0.31179212236179643
        },
        "injection_point": 0
      },
      {
        "target_entropy": 0.3,
        "achieved_entropy": 0.2984989736837347,
        "subsystem_entropies": {
          "0": 0.2984989736837347,
          "1": 0.6777729715338447,
          "2": 0.935297266050632,
          "3": 0.9308079931627427
        },
        "injection_point": 2
      },
      {
        "target_entropy": 0.7,
        "achieved_entropy": 0.665985180020394,
        "subsystem_entropies": {
          "0": 0.665985180020394,
          "1": 0.6746921847196355,
          "2": 0.8750516720905935,
          "3": 0.8743141335692379
        },
        "injection_point": 2
      },
      {
        "target_entropy": 0.3,
        "achieved_entropy": 0.29187758451061896,
        "subsystem_entropies": {
          "0": 0.29187758451061896,
          "1": 0.29602817589000835,
          "2": 0.5242873447367258,
          "3": 0.47639602080311666
        },
        "injection_point": 3
      },
      {
        "target_entropy": 0.7,
        "achieved_entropy": 0.6949194667313712,
        "subsystem_entropies": {
          "0": 0.6949194667313712,
          "1": 0.9762631710904514,
          "2": 0.9940761275799728,
          "3": 0.9822148116381798
        },
        "injection_point": 3
      }
    ],
    "entanglement_evolution": [
      {
        "injection_point": 0,
        "base_entropies": {
          "0": 0.5240012997163428,
          "1": 0.9143734092122224,
          "2": 0.920557860633936,
          "3": 0.5917996975189337
        },
        "charged_entropies": {
          "0": 0.5240012997163428,
          "1": 0.9143734092122224,
          "2": 0.920557860633936,
          "3": 0.5917996975189337
        },
        "evolution_strength": 0.0
      },
      {
        "injection_point": 2,
        "base_entropies": {
          "0": 0.49781944576758275,
          "1": 0.5027866717658325,
          "2": 0.9916828968331342,
          "3": 0.9916300173478191
        },
        "charged_entropies": {
          "0": 0.49781944576758275,
          "1": 0.5027866717658325,
          "2": 0.9916828968331342,
          "3": 0.9916300173478191
        },
        "evolution_strength": 0.0
      },
      {
        "injection_point": 3,
        "base_entropies": {
          "0": 0.47081873491557075,
          "1": 0.5888691886327692,
          "2": 0.5925115210019178,
          "3": 0.42668827573020507
        },
        "charged_entropies": {
          "0": 0.47081873491557075,
          "1": 0.5888691886327692,
          "2": 0.5925115210019178,
          "3": 0.42668827573020507
        },
        "evolution_strength": 0.0
      }
    ],
    "asymmetry_analysis": {
      "base_eigenvalues": "[3.00000000e+00 4.93038066e-32 2.03293877e-16]",
      "asymmetric_eigenvalues": "[-4.44089210e-16  3.00000000e+00  1.23259516e-32]",
      "reversed_eigenvalues": "[3.00000000e+00 4.93038066e-32 2.03293877e-16]",
      "asymmetry_measure": 1.9999999999999993,
      "reversal_measure": 0.0,
      "significant_asymmetry": "True",
      "significant_reversal": "False"
    },
    "time_asymmetry": {
      "forward_entropies": [
        1.0,
        1.0,
        1.0,
        1.4415419267167124e-15,
        1.0
      ],
      "backward_entropies": [
        1.4415419267167124e-15,
        1.4415419267167124e-15,
        1.4415419267167124e-15,
        1.4415419267167124e-15,
        1.4415419267167124e-15
      ],
      "time_asymmetry_measures": [
        0,
        0.0,
        0.0,
        0.9999999999999986,
        0.0
      ],
      "total_asymmetry": 0.1999999999999997,
      "max_asymmetry": 0.9999999999999986,
      "significant_time_asymmetry": "True",
      "time_steps": 5
    }
  },
  "rt_analysis": {
    "cut_off_sizes": [
      1,
      2,
      3
    ],
    "cut_off_entropies": [
      0.0,
      0.0026078845394075572,
      0.003920897342290323
    ],
    "entropy_slopes": [
      {
        "slope": 0.001960448671145162,
        "intercept": -0.0017446367150576953,
        "r_squared": 0.964920543365067,
        "area_law_consistent": "True"
      }
    ],
    "targeting_results": [
      {
        "target_entropy": 0.3,
        "achieved_entropy": 0.31085063641244054,
        "subsystem_entropies": {
          "0": 0.31085063641244054,
          "1": 0.32965978698173104,
          "2": 0.5691631590094832,
          "3": 0.5346178363803473
        },
        "entropy_error": 0.01085063641244055
      },
      {
        "target_entropy": 0.5,
        "achieved_entropy": 0.5171796635752021,
        "subsystem_entropies": {
          "0": 0.5171796635752021,
          "1": 0.5183619865934597,
          "2": 0.5541629633684609,
          "3": 0.5287896753092924
        },
        "entropy_error": 0.017179663575202064
      },
      {
        "target_entropy": 0.7,
        "achieved_entropy": 0.6956216459201539,
        "subsystem_entropies": {
          "0": 0.6956216459201539,
          "1": 0.8579378193323348,
          "2": 0.8579543903501239,