{
  "curved": [
    {
      "phi": 0.0,
      "S_rad": -1.6719924378571425,
      "d_Q34": 3057.605771482908,
      "mi_matrix": [
        [
          0.0,
          -7.999983111057917,
          -7.989069463736652,
          -7.967644731522362,
          -7.999752122891293,
          -7.963735475663408
        ],
        [
          -7.999983111057917,
          0.0,
          -7.9999112172871465,
          -7.998651432405001,
          -7.8910501605420835,
          -7.999869968099369
        ],
        [
          -7.989069463736652,
          -7.9999112172871465,
          0.0,
          -7.912848546956985,
          -7.999369536604696,
          -7.99977695253582
        ],
        [
          -7.967644731522362,
          -7.998651432405001,
          -7.912848546956985,
          0.0,
          -7.992679420937039,
          -7.991402965392574
        ],
        [
          -7.999752122891293,
          -7.8910501605420835,
          -7.999369536604696,
          -7.992679420937039,
          0.0,
          -7.998703861799589
        ],
        [
          -7.963735475663408,
          -7.999869968099369,
          -7.99977695253582,
          -7.991402965392574,
          -7.998703861799589,
          0.0
        ]
      ]
    },
    {
      "phi": 1.8849555921538759,
      "S_rad": -1.095963421291235,
      "d_Q34": 3223.7607975383476,
      "mi_matrix": [
        [
          0.0,
          -7.991841123398922,
          -7.967726273776515,
          -7.999931580812156,
          -7.999435320472182,
          -7.999016424998319
        ],
        [
          -7.991841123398922,
          0.0,
          -7.996603596645121,
          -7.9951923820394475,
          -7.958810946494976,
          -7.974649551530156
        ],
        [
          -7.967726273776515,
          -7.996603596645121,
          0.0,
          -7.998989313476493,
          -7.9978828883051865,
          -7.998562872806184
        ],
        [
          -7.999931580812156,
          -7.9951923820394475,
          -7.998989313476493,
          0.0,
          -7.992547060307429,
          -7.994272087943758
        ],
        [
          -7.999435320472182,
          -7.958810946494976,
          -7.9978828883051865,
          -7.992547060307429,
          0.0,
          -7.989804255763235
        ],
        [
          -7.999016424998319,
          -7.974649551530156,
          -7.998562872806184,
          -7.994272087943758,
          -7.989804255763235,
          0.0
        ]
      ]
    },
    {
      "phi": 3.7699111843077517,
      "S_rad": -0.8359115074735454,
      "d_Q34": 1909.9040114605853,
      "mi_matrix": [
        [
          0.0,
          -7.999999729735613,
          -7.995122307551103,
          -7.996890321726798,
          -7.999367202569699,
          -7.903879430179974
        ],
        [
          -7.999999729735613,
          0.0,
          -7.99621982107506,
          -7.999879322153909,
          -7.999904406179763,
          -7.9873942217792875
        ],
        [
          -7.995122307551103,
          -7.99621982107506,
          0.0,
          -7.855215496855532,
          -7.999623041687746,
          -7.996702087008556
        ],
        [
          -7.996890321726798,
          -7.999879322153909,
          -7.855215496855532,
          0.0,
          -7.979443762729268,
          -7.9987937577596595
        ],
        [
          -7.999367202569699,
          -7.999904406179763,
          -7.999623041687746,
          -7.979443762729268,
          0.0,
          -7.98575865450124
        ],
        [
          -7.903879430179974,
          -7.9873942217792875,
          -7.996702087008556,
          -7.9987937577596595,
          -7.98575865450124,
          0.0
        ]
      ]
    },
    {
      "phi": 5.654866776461628,
      "S_rad": -2.6685620177292333,
      "d_Q34": 1987.0226156685785,
      "mi_matrix": [
        [
          0.0,
          -7.999483643280461,
          -7.7662093144295845,
          -7.939968795857094,
          -7.999410714629322,
          -7.618633067908216
        ],
        [
          -7.999483643280461,
          0.0,
          -7.999655348690162,
          -7.97140484268754,
          -7.919241555850181,
          -7.998398497241507
        ],
        [
          -7.7662093144295845,
          -7.999655348690162,
          0.0,
          -7.9601617571426,
          -7.988725769207138,
          -7.900129074257374
        ],
        [
          -7.939968795857094,
          -7.97140484268754,
          -7.9601617571426,
          0.0,
          -7.998798385123365,
          -7.968036406443058
        ],
        [
          -7.999410714629322,
          -7.919241555850181,
          -7.988725769207138,
          -7.998798385123365,
          0.0,
          -7.999607114312084
        ],
        [
          -7.618633067908216,
          -7.998398497241507,
          -7.900129074257374,
          -7.968036406443058,
          -7.999607114312084,
          0.0
        ]
      ]
    },
    {
      "phi": 7.5398223686155035,
      "S_rad": -0.6545937839464322,
      "d_Q34": 3689.3168891939945,
      "mi_matrix": [
        [
          0.0,
          -7.999284397753066,
          -7.999999519200051,
          -7.999171891295078,
          -7.99971648538302,
          -7.9993669692688245
        ],
        [
          -7.999284397753066,
          0.0,
          -7.999319362514656,
          -7.998326162567101,
          -7.971757308440408,
          -7.999987045757576
        ],
        [
          -7.999999519200051,
          -7.999319362514656,
          0.0,
          -7.999051795206989,
          -7.999372281751607,
          -7.999999425923104
        ],
        [
          -7.999171891295078,
          -7.998326162567101,
          -7.999051795206989,
          0.0,
          -7.999169487348516,
          -7.997178005169095
        ],
        [
          -7.99971648538302,
          -7.971757308440408,
          -7.999372281751607,
          -7.999169487348516,
          0.0,
          -7.99993784035613
        ],
        [
          -7.9993669692688245,
          -7.999987045757576,
          -7.999999425923104,
          -7.997178005169095,
          -7.99993784035613,
          0.0
        ]
      ]
    },
    {
      "phi": 9.42477796076938,
      "S_rad": -0.5301703010307715,
      "d_Q34": 3206.377664718666,
      "mi_matrix": [
        [
          0.0,
          -7.999674698818499,
          -7.9999620886876235,
          -7.9962944510154,
          -7.998754421579047,
          -7.998430003275723
        ],
        [
          -7.999674698818499,
          0.0,
          -7.999363200747537,
          -7.999938987794093,
          -7.996973824656214,
          -7.999971180175519
        ],
        [
          -7.9999620886876235,
          -7.999363200747537,
          0.0,
          -7.993172381268734,
          -7.99633463984581,
          -7.999826463105941
        ],
        [
          -7.9962944510154,
          -7.999938987794093,
          -7.993172381268734,
          0.0,
          -7.999999975276097,
          -7.999308016775387
        ],
        [
          -7.998754421579047,
          -7.996973824656214,
          -7.99633463984581,
          -7.999999975276097,
          0.0,
          -7.991919281069169
        ],
        [
          -7.998430003275723,
          -7.999971180175519,
          -7.999826463105941,
          -7.999308016775387,
          -7.991919281069169,
          0.0
        ]
      ]
    }
  ]
}