{
  "success": true,
  "target_entropies": [
    0.05,
    0.3,
    0.8,
    1.4,
    1.9,
    2.1,
    2.2
  ],
  "achieved_entropies": [
    0.36642111551520246,
    1.2306376975820272,
    1.9598861844272504,
    2.0288594415308054,
    2.1801732964329936,
    2.7886879733129843,
    3.0
  ],
  "parameters": {
    "entanglement_strength": 0.9660526697318268,
    "weight": 0.8659266305980712,
    "gamma": 0.1181224242323665,
    "sigma": 0.464225242348864,
    "init_angle": 2.695453828271453,
    "timesteps": 3,
    "asymmetry_strength": 0.5867897222966436
  },
  "loss": 0.0,
  "iterations": 0,
  "optimization_result": null,
  "message": "Skipped for large system"
}