{
  "success": true,
  "target_entropies": [
    0.1,
    0.4,
    0.9,
    1.5
  ],
  "achieved_entropies": [
    0.3706803655254156,
    0.527726536323475,
    0.3706803655254154,
    3.523769154196405e-15
  ],
  "parameters": {
    "entanglement_strength": 0.33158066488704685,
    "weight": 1.1931118742372173,
    "gamma": -1.3302519678139916e-06,
    "sigma": -3.437483200358086e-06,
    "init_angle": 2.260591176185835e-07,
    "timesteps": 2,
    "asymmetry_strength": -9.838504023961097e-06
  },
  "loss": 0.7102754226661807,
  "iterations": 3,
  "optimization_result": {
    "fun": 0.7102754226661807,
    "direc": [
      [
        0.0,
        0.0,
        0.0,
        0.0,
        0.0,
        0.0,
        1.0
      ],
      [
        0.0,
        1.0,
        0.0,
        0.0,
        0.0,
        0.0,
        0.0
      ],
      [
        0.0,
        0.0,
        1.0,
        0.0,
        0.0,
        0.0,
        0.0
      ],
      [
        0.0,
        0.0,
        0.0,
        1.0,
        0.0,
        0.0,
        0.0
      ],
      [
        0.0,
        0.0,
        0.0,
        0.0,
        1.0,
        0.0,
        0.0
      ],
      [
        0.0,
        0.0,
        0.0,
        0.0,
        0.0,
        1.0,
        0.0
      ],
      [
        0.10604194976771951,
        0.0004486002102868806,
        0.013751659351606957,
        0.035535441832084715,
        -0.002257233673714409,
        0.10499202519843202,
        0.10170684971024653
      ]
    ],
    "nit": 3,
    "nfev": 266,
    "status": 0,
    "success": true,
    "message": "Optimization terminated successfully.",
    "x": [
      0.33158066488704685,
      1.1931118742372173,
      -1.3302519678139916e-06,
      -3.437483200358086e-06,
      2.260591176185835e-07,
      2.0000000088362904,
      -9.838504023961097e-06
    ]
  }
}