{
  "success": true,
  "target_entropies": [
    0.1,
    0.6,
    1.3
  ],
  "achieved_entropies": [
    0.18446172008400816,
    0.1844617200840082,
    1.4415419267167124e-15
  ],
  "parameters": {
    "entanglement_strength": 0.576807228521254,
    "weight": 0.24200299270919778,
    "gamma": 0.07982742868096002,
    "sigma": 0.30838696546706784,
    "init_angle": 0,
    "timesteps": 2,
    "asymmetry_strength": 0.6483808792229043
  },
  "loss": 0.6868199178833556,
  "iterations": 5,
  "optimization_result": {
    "fun": 0.6868199178833556,
    "jac": [
      -0.09441879453028201,
      0.24713023862550837,
      0.004630695829227937,
      0.006167744096479269,
      -5.551115123125783e-08,
      0.046656134794931595,
      0.01296761580483736
    ],
    "nfev": 72,
    "njev": 9,
    "nit": 5,
    "status": 1,
    "message": "STOP: TOTAL NO. OF ITERATIONS REACHED LIMIT",
    "x": [
      0.576807228521254,
      0.24200299270919778,
      0.07982742868096002,
      0.30838696546706784,
      0.0,
      2.3328063749690875,
      0.6483808792229043
    ],
    "success": false,
    "hess_inv": "<7x7 LbfgsInvHessProduct with dtype=float64>"
  },
  "warning": "Used fallback parameters due to: STOP: TOTAL NO. OF ITERATIONS REACHED LIMIT"
}