{
  "success": true,
  "target_entropies": [
    0.1,
    0.6,
    1.3,
    1.8,
    2.0,
    2.1,
    2.1,
    2.1
  ],
  "achieved_entropies": [
    0.2818352435795853,
    1.3361596549140593,
    1.5564002373001031,
    1.941634520844822,
    2.458411106635751,
    2.7635039373414085,
    2.7602365484628377,
    2.6589066750309645
  ],
  "parameters": {
    "entanglement_strength": 0.5622364597265371,
    "weight": 1.1337342166661184,
    "gamma": 0.2478152975113059,
    "sigma": 0.18631385455411628,
    "init_angle": 3.1108290044264124,
    "timesteps": 3,
    "asymmetry_strength": 0.819219086388008
  },
  "loss": 0.0,
  "iterations": 0,
  "optimization_result": null,
  "message": "Skipped for large system"
}