{
  "success": true,
  "target_entropies": [
    0.2,
    0.7,
    1.3,
    1.8
  ],
  "achieved_entropies": [
    0.5910316784005412,
    0.8171861789125221,
    0.5910316784005412,
    1.6017132519074586e-16
  ],
  "parameters": {
    "entanglement_strength": 1.4344515256821633,
    "weight": 1.8721059385867453,
    "gamma": 0.01,
    "sigma": 0.010843901466963318,
    "init_angle": 0.14179297626283685,
    "timesteps": 1,
    "asymmetry_strength": 0.1
  },
  "loss": 1.0432461603995051,
  "iterations": 5,
  "optimization_result": {
    "fun": 1.0432461603995051,
    "jac": [
      0.053508109379883595,
      0.07581544327342067,
      0.00020001778011765608,
      0.00021689317009205867,
      0.002835864877753204,
      0.02000000177635685,
      0.0020000001665334537
    ],
    "nfev": 64,
    "njev": 8,
    "nit": 5,
    "status": 1,
    "message": "STOP: TOTAL NO. OF ITERATIONS REACHED LIMIT",
    "x": [
      1.4344515256821633,
      1.8721059385867453,
      0.01,
      0.010843901466963318,
      0.14179297626283685,
      1.0,
      0.1
    ],
    "success": false,
    "hess_inv": "<7x7 LbfgsInvHessProduct with dtype=float64>"
  },
  "warning": "Used fallback parameters due to: STOP: TOTAL NO. OF ITERATIONS REACHED LIMIT"
}