{
  "success": true,
  "target_entropies": [
    0.1,
    0.4,
    0.9,
    1.5
  ],
  "achieved_entropies": [
    2.402569877861188e-16,
    1.8686654605587018e-16,
    0.0,
    -3.2034265038149176e-16
  ],
  "parameters": {
    "entanglement_strength": 2.072553297378414e-11,
    "weight": 1.7177205531880866,
    "gamma": -1.3186593632852163e-08,
    "sigma": 2.072232750782265e-11,
    "init_angle": 0.6399295831772114,
    "timesteps": 3,
    "asymmetry_strength": 2.0714713410604797e-11
  },
  "loss": 0.7799637849622261,
  "iterations": 3,
  "optimization_result": {
    "fun": 0.7799637849622261,
    "direc": [
      [
        1.0,
        0.0,
        0.0,
        0.0,
        0.0,
        0.0,
        0.0
      ],
      [
        0.0,
        0.0,
        0.0,
        0.0,
        0.0,
        0.0,
        1.0
      ],
      [
        0.0,
        0.0,
        1.0,
        0.0,
        0.0,
        0.0,
        0.0
      ],
      [
        0.0,
        0.0,
        0.0,
        1.0,
        0.0,
        0.0,
        0.0
      ],
      [
        0.0,
        0.0,
        0.0,
        0.0,
        1.0,
        0.0,
        0.0
      ],
      [
        0.0,
        0.0,
        0.0,
        0.0,
        0.0,
        1.0,
        0.0
      ],
      [
        2.887116509870246e-11,
        -0.07661217366247464,
        -9.185212532500111e-08,
        2.8871162485640043e-11,
        0.10989802881807795,
        0.0,
        2.887116509870246e-11
      ]
    ],
    "nit": 3,
    "nfev": 463,
    "status": 0,
    "success": true,
    "message": "Optimization terminated successfully.",
    "x": [
      2.072553297378414e-11,
      1.7177205531880866,
      -1.3186593632852163e-08,
      2.072232750782265e-11,
      0.6399295831772114,
      3.0,
      2.0714713410604797e-11
    ]
  }
}