{
  "success": true,
  "target_entropies": [
    0.1,
    0.4,
    0.9,
    1.5,
    2.0,
    2.3,
    2.5,
    2.6,
    2.7
  ],
  "achieved_entropies": [
    0.31239774982020646,
    0.8102987400457115,
    1.346301359667442,
    1.6595255425520286,
    2.1131436087827495,
    2.4277876129813767,
    2.6743698620297613,
    2.5969132033432643,
    2.5500477282329914
  ],
  "parameters": {
    "entanglement_strength": 0.75664222796563,
    "weight": 0.22563108168482487,
    "gamma": 0.4941004202989564,
    "sigma": -1.2172151419055575,
    "init_angle": -0.16425109129006377,
    "timesteps": 0,
    "asymmetry_strength": 0.8854500391454193
  },
  "loss": 0.10030246598121437,
  "iterations": 2,
  "optimization_result": {
    "fun": 0.10030246598121437,
    "direc": [
      [
        1.0,
        0.0,
        0.0,
        0.0,
        0.0,
        0.0,
        0.0
      ],
      [
        0.0,
        1.0,
        0.0,
        0.0,
        0.0,
        0.0,
        0.0
      ],
      [
        0.0,
        0.0,
        1.0,
        0.0,
        0.0,
        0.0,
        0.0
      ],
      [
        0.0,
        0.0,
        0.0,
        1.0,
        0.0,
        0.0,
        0.0
      ],
      [
        0.0,
        0.0,
        0.0,
        0.0,
        1.0,
        0.0,
        0.0
      ],
      [
        0.0,
        0.0,
        0.0,
        0.0,
        0.0,
        1.0,
        0.0
      ],
      [
        0.0,
        0.0,
        0.0,
        0.0,
        0.0,
        0.0,
        1.0
      ]
    ],
    "nit": 2,
    "nfev": 219,
    "status": 0,
    "success": true,
    "message": "Optimization terminated successfully.",
    "x": [
      0.75664222796563,
      0.22563108168482487,
      0.4941004202989564,
      -1.2172151419055575,
      -0.16425109129006377,
      -0.9900000189559142,
      0.8854500391454193
    ]
  }
}