{
  "success": true,
  "target_entropies": [
    0.1,
    0.4,
    0.9,
    1.5,
    2.0
  ],
  "achieved_entropies": [
    6.406853007629834e-16,
    1.2813706015259663e-15,
    1.6017132519074581e-15,
    1.6017132519074586e-16,
    9.61027951144475e-16
  ],
  "parameters": {
    "entanglement_strength": 1.3675618275450527,
    "weight": 6.094861666904616e-08,
    "gamma": -1.8916667882214053e-08,
    "sigma": -8.440331366180017e-10,
    "init_angle": -4.917897686307349e-14,
    "timesteps": 0,
    "asymmetry_strength": -4.899406706160189e-08
  },
  "loss": 1.084330886021817,
  "iterations": 3,
  "optimization_result": {
    "fun": 1.084330886021817,
    "direc": [
      [
        1.0,
        0.0,
        0.0,
        0.0,
        0.0,
        0.0,
        0.0
      ],
      [
        0.0,
        1.0,
        0.0,
        0.0,
        0.0,
        0.0,
        0.0
      ],
      [
        0.0,
        0.0,
        1.0,
        0.0,
        0.0,
        0.0,
        0.0
      ],
      [
        0.0,
        0.0,
        0.0,
        1.0,
        0.0,
        0.0,
        0.0
      ],
      [
        0.0,
        0.0,
        0.0,
        0.0,
        1.0,
        0.0,
        0.0
      ],
      [
        0.0,
        0.0,
        0.0,
        0.0,
        0.0,
        1.0,
        0.0
      ],
      [
        0.0,
        0.0,
        0.0,
        0.0,
        0.0,
        0.0,
        1.0
      ]
    ],
    "nit": 3,
    "nfev": 411,
    "status": 0,
    "success": true,
    "message": "Optimization terminated successfully.",
    "x": [
      1.3675618275450527,
      6.094861666904616e-08,
      -1.8916667882214053e-08,
      -8.440331366180017e-10,
      -4.917897686307349e-14,
      -8.440310271942549e-10,
      -4.899406706160189e-08
    ]
  }
}