{
  "success": true,
  "target_entropies": [
    0.2,
    0.6,
    1.2,
    1.8,
    2.1,
    2.2,
    2.2
  ],
  "achieved_entropies": [
    0.3630248739517925,
    1.356028883009122,
    1.6416466389310518,
    1.712675218392327,
    2.582624601003798,
    2.678202787913023,
    2.9841649447978966
  ],
  "parameters": {
    "entanglement_strength": 1.114260229657563,
    "weight": 0.5259874385306109,
    "gamma": 0.34821918672024754,
    "sigma": 0.20633618832250297,
    "init_angle": 0.2783206094176597,
    "timesteps": 3,
    "asymmetry_strength": 0.9290480875711767
  },
  "loss": 0.0,
  "iterations": 0,
  "optimization_result": null,
  "message": "Skipped for large system"
}