{
  "success": true,
  "target_entropies": [
    0.2,
    0.8,
    1.4
  ],
  "achieved_entropies": [
    0.3880730849341316,
    0.3880730849341316,
    1.121199276335221e-15
  ],
  "parameters": {
    "entanglement_strength": 0.33569136821656,
    "weight": 1.0337359234363712,
    "gamma": 0.09554572776499326,
    "sigma": 0.22599835808191535,
    "init_angle": 1.9352613487743446,
    "timesteps": 2,
    "asymmetry_strength": 0.44806025102892466
  },
  "loss": 0.813567366462889,
  "iterations": 5,
  "optimization_result": {
    "fun": 0.813567366462889,
    "jac": [
      -0.21581692000429545,
      -0.08087426333371199,
      0.00930767685637686,
      0.00451997328692379,
      0.05855057585492281,
      0.040003656186486915,
      0.00896120955689972
    ],
    "nfev": 184,
    "njev": 23,
    "nit": 5,
    "status": 1,
    "message": "STOP: TOTAL NO. OF ITERATIONS REACHED LIMIT",
    "x": [
      0.33569136821656,
      1.0337359234363712,
      0.09554572776499326,
      0.22599835808191535,
      1.9352613487743446,
      2.0001825709715546,
      0.44806025102892466
    ],
    "success": false,
    "hess_inv": "<7x7 LbfgsInvHessProduct with dtype=float64>"
  },
  "warning": "Used fallback parameters due to: STOP: TOTAL NO. OF ITERATIONS REACHED LIMIT"
}