{
  "success": true,
  "target_entropies": [
    0.1,
    0.6,
    1.3
  ],
  "achieved_entropies": [
    0.5903677587676973,
    0.5903677587676975,
    3.844111804577896e-15
  ],
  "parameters": {
    "entanglement_strength": 1.4448329677835878,
    "weight": 1.1257513989179855,
    "gamma": 0.4696428328405592,
    "sigma": 0.143147479981372,
    "init_angle": 0.5251259926459897,
    "timesteps": 3,
    "asymmetry_strength": 0.7847149403317911
  },
  "loss": 0.8729131008086561,
  "iterations": 0,
  "optimization_result": {
    "fun": 0.8729131008086561,
    "jac": [
      0.08226195330508511,
      0.13604050191318073,
      0.18670430766811338,
      0.0028629432173380644,
      -0.17973651365746954,
      0.059999994226840235,
      0.015694290232925123
    ],
    "nfev": 128,
    "njev": 16,
    "nit": 0,
    "status": 2,
    "message": "ABNORMAL: ",
    "x": [
      1.4448329677835878,
      1.1257513989179855,
      0.4696428328405592,
      0.143147479981372,
      0.5251259926459897,
      3.0,
      0.7847149403317911
    ],
    "success": false,
    "hess_inv": "<7x7 LbfgsInvHessProduct with dtype=float64>"
  },
  "warning": "Used fallback parameters due to: ABNORMAL: "
}