{
  "strengths": [
    0.0,
    0.3306939635357677,
    0.6613879270715354,
    0.992081890607303,
    1.3227758541430708,
    1.6534698176788385,
    1.984163781214606,
    2.3148577447503738,
    2.6455517082861415,
    2.9762456718219092,
    3.306939635357677,
    3.6376335988934447,
    3.968327562429212,
    4.29902152596498,
    4.6297154895007475,
    4.960409453036515,
    5.291103416572283,
    5.621797380108051,
    5.9524913436438185,
    6.283185307179586
  ],
  "entropies": [
    0.9979930635667161,
    0.9964308234375935,
    0.9999972482729513,
    0.9999312058432916,
    0.9992046060352292,
    0.9996037156839629,
    0.9995349089288796,
    0.999975234353679,
    0.9999999999971146,
    0.9996670159659137,
    0.9998238825959875,
    0.9994605951751857,
    0.9999009357227437,
    0.9994605951751857,
    0.9997770990017212,
    0.9999972482729513,
    0.9999009357227437,
    0.9997770990017212,
    0.9998238825959875,
    0.998667756215461
  ],
  "curvatures": [
    1.554312234475219e-16,
    1.554312234475219e-16,
    8.881784197001253e-17,
    1.554312234475219e-16,
    1.554312234475219e-16,
    1.3322676295501878e-16,
    6.661338147750939e-17,
    0.0,
    1.3322676295501878e-16,
    1.1102230246251565e-16,
    1.9984014443252818e-16,
    0.0,
    1.1102230246251565e-16,
    1.1102230246251565e-16,
    1.1102230246251565e-16,
    2.220446049250313e-16,
    1.554312234475219e-16,
    1.1102230246251565e-16,
    1.1102230246251565e-16,
    1.554312234475219e-16
  ],
  "distances": [
    0.3686184931921361,
    0.3691948138529556,
    0.3678804534766441,
    0.36790474999790784,
    0.36817216665932384,
    0.3680252549141124,
    0.3680505784088956,
    0.36788855205638904,
    0.36787944117250365,
    0.3680019595490209,
    0.3679442368492668,
    0.36807793064523736,
    0.36791588668759406,
    0.36807793064523736,
    0.36796145100582295,
    0.3678804534766441,
    0.36791588668759406,
    0.36796145100582295,
    0.3679442368492668,
    0.3683698728851661
  ]
}