{
  "phases": [
    0.0,
    0.3306939635357677,
    0.6613879270715354,
    0.992081890607303,
    1.3227758541430708,
    1.6534698176788385,
    1.984163781214606,
    2.3148577447503738,
    2.6455517082861415,
    2.9762456718219092,
    3.306939635357677,
    3.6376335988934447,
    3.968327562429212,
    4.29902152596498,
    4.6297154895007475,
    4.960409453036515,
    5.291103416572283,
    5.621797380108051,
    5.9524913436438185,
    6.283185307179586
  ],
  "entropies": [
    0.9999559719906115,
    2.197249782083518,
    3.870328974322447,
    4.889713453552213,
    5.154878378059626,
    5.0103091460989315,
    5.111095471929655,
    4.498041372606017,
    3.012394964338597,
    1.417348852190842,
    1.3618175008629152,
    3.0859294357752116,
    4.486771006215976,
    5.1482097571743,
    5.006140628480139,
    5.057849593215819,
    4.94365769118587,
    3.9223397369456916,
    2.2367162581849476,
    0.999975234353679
  ],
  "curvatures": [
    1.554312234475219e-16,
    8.881784197001253e-17,
    2.2204460492503132e-17,
    6.661338147750939e-17,
    2.2204460492503132e-17,
    6.661338147750939e-17,
    4.4408920985006264e-17,
    6.661338147750939e-17,
    1.9984014443252818e-16,
    1.7763568394002506e-16,
    8.881784197001253e-17,
    1.9984014443252818e-16,
    1.554312234475219e-16,
    1.1102230246251565e-16,
    1.3322676295501878e-16,
    1.554312234475219e-16,
    1.9984014443252818e-16,
    1.7763568394002506e-16,
    1.1102230246251565e-16,
    -2.2204460492503132e-17
  ],
  "distances": [
    0.9578597092365132,
    0.9713303221560328,
    0.9970655397398106,
    0.9919895524685282,
    0.9677667041783826,
    0.958976573544157,
    0.979457160289693,
    0.9988541078313802,
    0.9862031715362664,
    0.9610650253359942,
    0.9621688980368236,
    0.9856413578077815,
    0.9991955693500889,
    0.9793405115547716,
    0.9586868704887382,
    0.9668592699032708,
    0.9904060189411065,
    0.9971973566192308,
    0.9729253845689232,
    0.9578592368051059
  ]
}