{
  "linear": {
    "entropy": 0.9999889930794672,
    "avg_curvature": 1.554312234475219e-16,
    "avg_distance": 0.3678834904135016,
    "mi_matrix": [
      [
        0.0,
        0.9999889930794672,
        0.9999889930794672,
        0.9999889930794672,
        0.9999889930794672,
        0.9999889930794672
      ],
      [
        0.9999889930794672,
        0.0,
        0.9999889930794672,
        0.9999889930794672,
        0.9999889930794672,
        0.9999889930794672
      ],
      [
        0.9999889930794672,
        0.9999889930794672,
        0.0,
        0.9999889930794672,
        0.9999889930794672,
        0.9999889930794672
      ],
      [
        0.9999889930794672,
        0.9999889930794672,
        0.9999889930794672,
        0.0,
        0.9999889930794672,
        0.9999889930794672
      ],
      [
        0.9999889930794672,
        0.9999889930794672,
        0.9999889930794672,
        0.9999889930794672,
        0.0,
        0.9999889930794672
      ],
      [
        0.9999889930794672,
        0.9999889930794672,
        0.9999889930794672,
        0.9999889930794672,
        0.9999889930794672,
        0.0
      ]
    ]
  },
  "ring": {
    "entropy": 0.9999999999971146,
    "avg_curvature": 2.220446049250313e-16,
    "avg_distance": 0.5785862941154836,
    "mi_matrix": [
      [
        0.0,
        -1.4428458428028534e-12,
        -1.4428458428028534e-12,
        -1.4428458428028534e-12,
        -1.4428458428028534e-12,
        -1.4428458428028534e-12
      ],
      [
        -1.4428458428028534e-12,
        0.0,
        0.9999999999971146,
        0.9999999999971146,
        0.9999999999971146,
        0.9999999999971146
      ],
      [
        -1.4428458428028534e-12,
        0.9999999999971146,
        0.0,
        0.9999999999971146,
        0.9999999999971146,
        0.9999999999971146
      ],
      [
        -1.4428458428028534e-12,
        0.9999999999971146,
        0.9999999999971146,
        0.0,
        0.9999999999971146,
        0.9999999999971146
      ],
      [
        -1.4428458428028534e-12,
        0.9999999999971146,
        0.9999999999971146,
        0.9999999999971146,
        0.0,
        0.9999999999971146
      ],
      [
        -1.4428458428028534e-12,
        0.9999999999971146,
        0.9999999999971146,
        0.9999999999971146,
        0.9999999999971146,
        0.0
      ]
    ]
  },
  "star": {
    "entropy": 0.9981390353409885,
    "avg_curvature": 8.881784197001253e-17,
    "avg_distance": 0.3685646892236813,
    "mi_matrix": [
      [
        0.0,
        0.9981390353409885,
        0.9981390353409885,
        0.9981390353409885,
        0.9981390353409885,
        0.9981390353409885
      ],
      [
        0.9981390353409885,
        0.0,
        0.9981390353409885,
        0.9981390353409885,
        0.9981390353409885,
        0.9981390353409885
      ],
      [
        0.9981390353409885,
        0.9981390353409885,
        0.0,
        0.9981390353409885,
        0.9981390353409885,
        0.9981390353409885
      ],
      [
        0.9981390353409885,
        0.9981390353409885,
        0.9981390353409885,
        0.0,
        0.9981390353409885,
        0.9981390353409885
      ],
      [
        0.9981390353409885,
        0.9981390353409885,
        0.9981390353409885,
        0.9981390353409885,
        0.0,
        0.9981390353409885
      ],
      [
        0.9981390353409885,
        0.9981390353409885,
        0.9981390353409885,
        0.9981390353409885,
        0.9981390353409885,
        0.0
      ]
    ]
  },
  "complete": {
    "entropy": 0.9998238825959875,
    "avg_curvature": 8.881784197001253e-17,
    "avg_distance": 0.9578629491246311,
    "mi_matrix": [
      [
        0.0,
        0.9998238825959875,
        -1.4428458428028534e-12,
        -1.4428458428028534e-12,
        -1.4428458428028534e-12,
        -1.4428458428028534e-12
      ],
      [
        0.9998238825959875,
        0.0,
        -1.4428458428028534e-12,
        -1.4428458428028534e-12,
        -1.4428458428028534e-12,
        -1.4428458428028534e-12
      ],
      [
        -1.4428458428028534e-12,
        -1.4428458428028534e-12,
        0.0,
        -1.4428232973175175e-12,
        -1.4428232973175175e-12,
        -1.4428232973175175e-12
      ],
      [
        -1.4428458428028534e-12,
        -1.4428458428028534e-12,
        -1.4428232973175175e-12,
        0.0,
        -1.4428232973175175e-12,
        -1.4428232973175175e-12
      ],
      [
        -1.4428458428028534e-12,
        -1.4428458428028534e-12,
        -1.4428232973175175e-12,
        -1.4428232973175175e-12,
        0.0,
        -1.4428232973175175e-12
      ],
      [
        -1.4428458428028534e-12,
        -1.4428458428028534e-12,
        -1.4428232973175175e-12,
        -1.4428232973175175e-12,
        -1.4428232973175175e-12,
        0.0
      ]
    ]
  }
}