{
  "success": true,
  "target_entropies": [
    0.2,
    0.8,
    1.4
  ],
  "achieved_entropies": [
    0.5066776642099091,
    0.5066776642099092,
    4.805139755722375e-16
  ],
  "parameters": {
    "entanglement_strength": 0.6582882521915596,
    "weight": 0.9917753815123421,
    "gamma": 0.21347705824084157,
    "sigma": 0.24169069107894978,
    "init_angle": 0.017568732290464826,
    "timesteps": 2,
    "asymmetry_strength": 0.40408646589801656
  },
  "loss": 0.7705315375675694,
  "iterations": 5,
  "optimization_result": {
    "fun": 0.7705315375675694,
    "jac": [
      0.02038595948465357,
      0.030567670463337034,
      0.00358968410740997,
      0.00483381113169002,
      0.0004308331468638592,
      0.04016118573240836,
      0.008081724183019489
    ],
    "nfev": 216,
    "njev": 27,
    "nit": 5,
    "status": 1,
    "message": "STOP: TOTAL NO. OF ITERATIONS REACHED LIMIT",
    "x": [
      0.6582882521915596,
      0.9917753815123421,
      0.21347705824084157,
      0.24169069107894978,
      0.017568732290464826,
      2.0080598770033316,
      0.40408646589801656
    ],
    "success": false,
    "hess_inv": "<7x7 LbfgsInvHessProduct with dtype=float64>"
  },
  "warning": "Used fallback parameters due to: STOP: TOTAL NO. OF ITERATIONS REACHED LIMIT"
}