{
  "success": true,
  "target_entropies": [
    0.1,
    0.4,
    0.9,
    1.5
  ],
  "achieved_entropies": [
    -1.9220559022889516e-15,
    -2.028836785749449e-15,
    -1.5216275893120867e-15,
    -1.9220559022889516e-15
  ],
  "parameters": {
    "entanglement_strength": -4.095622367406397e-11,
    "weight": 1.719550436004353,
    "gamma": 0.03455525725894836,
    "sigma": 1.5549713265250595e-11,
    "init_angle": 0.6345875791327357,
    "timesteps": 3,
    "asymmetry_strength": 1.5552766378568314e-11
  },
  "loss": 0.7799460536392183,
  "iterations": 3,
  "optimization_result": {
    "fun": 0.7799460536392183,
    "direc": [
      [
        1.0,
        0.0,
        0.0,
        0.0,
        0.0,
        0.0,
        0.0
      ],
      [
        0.0,
        0.0,
        0.0,
        0.0,
        0.0,
        0.0,
        1.0
      ],
      [
        0.0,
        0.0,
        1.0,
        0.0,
        0.0,
        0.0,
        0.0
      ],
      [
        0.0,
        0.0,
        0.0,
        1.0,
        0.0,
        0.0,
        0.0
      ],
      [
        0.0,
        0.0,
        0.0,
        0.0,
        1.0,
        0.0,
        0.0
      ],
      [
        0.0,
        0.0,
        0.0,
        0.0,
        0.0,
        1.0,
        0.0
      ],
      [
        -1.343221023946643e-11,
        -0.011880328886899418,
        0.011195274883073942,
        1.127683497884786e-11,
        0.012111970446993227,
        0.0,
        1.127683497884786e-11
      ]
    ],
    "nit": 3,
    "nfev": 450,
    "status": 0,
    "success": true,
    "message": "Optimization terminated successfully.",
    "x": [
      -4.095622367406397e-11,
      1.719550436004353,
      0.03455525725894836,
      1.5549713265250595e-11,
      0.6345875791327357,
      3.0,
      1.5552766378568314e-11
    ]
  }
}