{
  "phi": [],
  "entropies": [],
  "curvatures": [
    0.0,
    -66.04616452559534,
    218.5789667188598,
    -226.9830375115498,
    317.73130190853965,
    -22.065565315679102,
    165638.26023156176,
    71.11691480086252,
    -165944.63040678608,
    4.6885061952381815,
    168.80505412783182,
    308.2006100948693,
    -97.59473145536636,
    -580.6360424246502,
    0.0
  ],
  "distances": [
    0.9988990309409242,
    0.4513724939293895,
    0.02124217069356075,
    0.0832129430218352,
    0.6755978424565336,
    0.9137116458606972,
    0.22857620327038367,
    0.0007512707420374021,
    0.2417120714738338,
    0.8878336646846061,
    0.6850389131480439,
    0.08372547386162281,
    0.01975173771790521,
    0.44618772062878104,
    0.9944205658146831
  ],
  "mi_matrices": []
}