{
  "success": true,
  "target_entropies": [
    0.2,
    0.7,
    1.3,
    1.8
  ],
  "achieved_entropies": [
    0.602389204115231,
    0.873431744393232,
    0.602389204115231,
    4.805139755722375e-16
  ],
  "parameters": {
    "entanglement_strength": 0.6451116408544902,
    "weight": 0.9343171227944819,
    "gamma": 0.5216548877664584,
    "sigma": 0.3689171344748561,
    "init_angle": 0.8481003110768448,
    "timesteps": 2,
    "asymmetry_strength": 0.7044840585137814
  },
  "loss": 1.0912638447519787,
  "iterations": 5,
  "optimization_result": {
    "fun": 1.0912638447519787,
    "jac": [
      0.0020775381310814338,
      0.006498423988464427,
      0.00927662386686614,
      0.007378342385397992,
      0.009049605463931501,
      0.05743539012660007,
      0.01408968490349714
    ],
    "nfev": 56,
    "njev": 7,
    "nit": 5,
    "status": 1,
    "message": "STOP: TOTAL NO. OF ITERATIONS REACHED LIMIT",
    "x": [
      0.6451116408544902,
      0.9343171227944819,
      0.5216548877664584,
      0.3689171344748561,
      0.8481003110768448,
      2.8717694471401742,
      0.7044840585137814
    ],
    "success": false,
    "hess_inv": "<7x7 LbfgsInvHessProduct with dtype=float64>"
  },
  "warning": "Used fallback parameters due to: STOP: TOTAL NO. OF ITERATIONS REACHED LIMIT"
}