{
  "success": true,
  "target_entropies": [
    0.1,
    0.4,
    0.9,
    1.5
  ],
  "achieved_entropies": [
    0.5,
    1.0,
    1.5,
    1.6
  ],
  "parameters": {
    "entanglement_strength": -3.029488446666779e-08,
    "weight": -3.163929398103686e-11,
    "gamma": -3.163818375801223e-11,
    "sigma": -3.163890540297824e-11,
    "init_angle": -3.1638738869524546e-11,
    "timesteps": 1,
    "asymmetry_strength": -3.163818375801223e-11
  },
  "loss": 0.2225,
  "iterations": 2,
  "optimization_result": {
    "fun": 0.2225,
    "direc": [
      [
        1.0,
        0.0,
        0.0,
        0.0,
        0.0,
        0.0,
        0.0
      ],
      [
        0.0,
        1.0,
        0.0,
        0.0,
        0.0,
        0.0,
        0.0
      ],
      [
        0.0,
        0.0,
        1.0,
        0.0,
        0.0,
        0.0,
        0.0
      ],
      [
        0.0,
        0.0,
        0.0,
        1.0,
        0.0,
        0.0,
        0.0
      ],
      [
        0.0,
        0.0,
        0.0,
        0.0,
        1.0,
        0.0,
        0.0
      ],
      [
        0.0,
        0.0,
        0.0,
        0.0,
        0.0,
        1.0,
        0.0
      ],
      [
        0.0,
        0.0,
        0.0,
        0.0,
        0.0,
        0.0,
        1.0
      ]
    ],
    "nit": 2,
    "nfev": 339,
    "status": 0,
    "success": true,
    "message": "Optimization terminated successfully.",
    "x": [
      -3.029488446666779e-08,
      -3.163929398103686e-11,
      -3.163818375801223e-11,
      -3.163890540297824e-11,
      -3.1638738869524546e-11,
      -3.1639071936431933e-11,
      -3.163818375801223e-11
    ]
  }
}