{
  "phi": [],
  "entropies": [],
  "curvatures": [
    0.0,
    1017.5175270965996,
    -34.727063268080116,
    -982.2716104806362,
    -14.671160072754233,
    37.37603839971084,
    19513.973028976936,
    2.229477961786248,
    -19531.709281337688,
    14.855691118821966,
    -19.535259079733446,
    148.2552639844978,
    14.473783656641656,
    -178.17365668524786,
    0.0
  ],
  "distances": [
    0.9999889930794673,
    0.43730114585318597,
    0.02439308558763568,
    0.0919822279851125,
    0.6561810697572669,
    0.8649756118781817,
    0.21958982500107874,
    0.0005640697436360605,
    0.25380224114937694,
    0.8851095486326718,
    0.6561580660923941,
    0.08561891067603507,
    0.02877310454197531,
    0.42044005991475136,
    0.9985438488633306
  ],
  "mi_matrices": []
}