{
  "success": true,
  "target_entropies": [
    0.1,
    0.4,
    0.9,
    1.5,
    2.0,
    2.3,
    2.5,
    2.6,
    2.7
  ],
  "achieved_entropies": [
    0.4550989798078306,
    1.1745468348797494,
    1.4249368341687974,
    1.7191513687978277,
    2.0504008685296227,
    2.5321019820098427,
    2.6531979109303676,
    2.54498416847155,
    2.5820474478876925
  ],
  "parameters": {
    "entanglement_strength": 0.03239373008706026,
    "weight": 0.007627906872878398,
    "gamma": 0.863660815406849,
    "sigma": 0.67455938600111,
    "init_angle": -1.4435000324413618,
    "timesteps": 0,
    "asymmetry_strength": -0.9659120485697424
  },
  "loss": 0.10152399144776796,
  "iterations": 2,
  "optimization_result": {
    "fun": 0.10152399144776796,
    "direc": [
      [
        1.0,
        0.0,
        0.0,
        0.0,
        0.0,
        0.0,
        0.0
      ],
      [
        0.0,
        1.0,
        0.0,
        0.0,
        0.0,
        0.0,
        0.0
      ],
      [
        0.0,
        0.0,
        1.0,
        0.0,
        0.0,
        0.0,
        0.0
      ],
      [
        0.0,
        0.0,
        0.0,
        1.0,
        0.0,
        0.0,
        0.0
      ],
      [
        0.0,
        0.0,
        0.0,
        0.0,
        1.0,
        0.0,
        0.0
      ],
      [
        0.0,
        0.0,
        0.0,
        0.0,
        0.0,
        1.0,
        0.0
      ],
      [
        0.0,
        0.0,
        0.0,
        0.0,
        0.0,
        0.0,
        1.0
      ]
    ],
    "nit": 2,
    "nfev": 221,
    "status": 0,
    "success": true,
    "message": "Optimization terminated successfully.",
    "x": [
      0.03239373008706026,
      0.007627906872878398,
      0.863660815406849,
      0.67455938600111,
      -1.4435000324413618,
      0.5259848439002793,
      -0.9659120485697424
    ]
  }
}