{
  "success": true,
  "target_entropies": [
    0.1,
    0.4,
    0.9
  ],
  "achieved_entropies": [
    0.7236902013089153,
    0.7236902013089156,
    0.0
  ],
  "parameters": {
    "entanglement_strength": 0.6040673850562611,
    "weight": 1.469088404651522,
    "gamma": 0.21168576852557974,
    "sigma": 0.26155745165707783,
    "init_angle": 3.1267783519034977,
    "timesteps": 3,
    "asymmetry_strength": 0.6718842410491777
  },
  "loss": 0.6532333972785851,
  "iterations": 1,
  "optimization_result": {
    "fun": 0.6532333972785851,
    "jac": [
      -0.6510763118120413,
      -0.29990564658545577,
      0.04155196189314897,
      0.0052311488501822585,
      0.06091600594333475,
      0.06000000532907055,
      0.01343768423110167
    ],
    "nfev": 128,
    "njev": 16,
    "nit": 1,
    "status": 0,
    "message": "CONVERGENCE: RELATIVE REDUCTION OF F <= FACTR*EPSMCH",
    "x": [
      0.6040673850562611,
      1.469088404651522,
      0.21168576852557974,
      0.26155745165707783,
      3.1267783519034977,
      3.0,
      0.6718842410491777
    ],
    "success": true,
    "hess_inv": "<7x7 LbfgsInvHessProduct with dtype=float64>"
  }
}