{
  "success": true,
  "target_entropies": [
    0.1,
    0.4,
    0.9,
    1.5,
    2.0
  ],
  "achieved_entropies": [
    0.49929755365093714,
    0.812635940911842,
    0.8126359409118418,
    0.49929755365093753,
    2.2423985526704407e-15
  ],
  "parameters": {
    "entanglement_strength": 0.33726843481536595,
    "weight": 1.0595713695449709,
    "gamma": 0.05359598869965757,
    "sigma": 2.7861400520647396e-11,
    "init_angle": 0.1764063430585484,
    "timesteps": 3,
    "asymmetry_strength": -6.358783777873491e-11
  },
  "loss": 1.1704532963282166,
  "iterations": 3,
  "optimization_result": {
    "fun": 1.1704532963282166,
    "direc": [
      [
        1.0,
        0.0,
        0.0,
        0.0,
        0.0,
        0.0,
        0.0
      ],
      [
        0.0,
        1.0,
        0.0,
        0.0,
        0.0,
        0.0,
        0.0
      ],
      [
        0.0,
        0.0,
        0.0,
        0.0,
        0.0,
        0.0,
        1.0
      ],
      [
        0.0,
        0.0,
        0.0,
        1.0,
        0.0,
        0.0,
        0.0
      ],
      [
        0.0,
        0.0,
        0.0,
        0.0,
        1.0,
        0.0,
        0.0
      ],
      [
        0.0,
        0.0,
        0.0,
        0.0,
        0.0,
        1.0,
        0.0
      ],
      [
        -0.002178703757570541,
        -0.004568528411488993,
        -0.08184486658897352,
        3.515444428120548e-11,
        -0.01981251771982738,
        0.0,
        -3.51544432984769e-11
      ]
    ],
    "nit": 3,
    "nfev": 438,
    "status": 0,
    "success": true,
    "message": "Optimization terminated successfully.",
    "x": [
      0.33726843481536595,
      1.0595713695449709,
      0.05359598869965757,
      2.7861400520647396e-11,
      0.1764063430585484,
      3.0,
      -6.358783777873491e-11
    ]
  }
}