{
  "circuit_type": [
    "forward",
    "inverse"
  ],
  "entropies": [
    0.9999559719906115,
    0.9994605951751857
  ],
  "curvatures": [
    8.881784197001253e-17,
    4.4408920985006264e-17
  ],
  "distances": [
    0.3678956385274982,
    1.0000000000014428
  ],
  "mi_matrices": [
    [
      [
        0.0,
        0.9999559719906115,
        0.9999559719906115,
        0.9999559719906115,
        0.9999559719906115,
        0.9999559719906115
      ],
      [
        0.9999559719906115,
        0.0,
        0.9999559719906115,
        0.9999559719906115,
        0.9999559719906115,
        0.9999559719906115
      ],
      [
        0.9999559719906115,
        0.9999559719906115,
        0.0,
        0.9999559719906115,
        0.9999559719906115,
        0.9999559719906115
      ],
      [
        0.9999559719906115,
        0.9999559719906115,
        0.9999559719906115,
        0.0,
        0.9999559719906115,
        0.9999559719906115
      ],
      [
        0.9999559719906115,
        0.9999559719906115,
        0.9999559719906115,
        0.9999559719906115,
        0.0,
        0.9999559719906115
      ],
      [
        0.9999559719906115,
        0.9999559719906115,
        0.9999559719906115,
        0.9999559719906115,
        0.9999559719906115,
        0.0
      ]
    ],
    [
      [
        0.0,
        -1.4428458428028534e-12,
        -1.4428458428028534e-12,
        -1.4428458428028534e-12,
        -1.4428458428028534e-12,
        -1.4428458428028534e-12
      ],
      [
        -1.4428458428028534e-12,
        0.0,
        -1.4428232973175175e-12,
        -1.4428232973175175e-12,
        -1.4428232973175175e-12,
        -1.4428232973175175e-12
      ],
      [
        -1.4428458428028534e-12,
        -1.4428232973175175e-12,
        0.0,
        -1.4428232973175175e-12,
        -1.4428232973175175e-12,
        -1.4428232973175175e-12
      ],
      [
        -1.4428458428028534e-12,
        -1.4428232973175175e-12,
        -1.4428232973175175e-12,
        0.0,
        -1.4428232973175175e-12,
        -1.4428232973175175e-12
      ],
      [
        -1.4428458428028534e-12,
        -1.4428232973175175e-12,
        -1.4428232973175175e-12,
        -1.4428232973175175e-12,
        0.0,
        -1.4428232973175175e-12
      ],
      [
        -1.4428458428028534e-12,
        -1.4428232973175175e-12,
        -1.4428232973175175e-12,
        -1.4428232973175175e-12,
        -1.4428232973175175e-12,
        0.0
      ]
    ]
  ]
}