{
  "topology": [
    "linear",
    "ring",
    "star",
    "complete",
    "alternating",
    "nested"
  ],
  "entropies": [
    0.9992954443592694,
    0.9992046060352292,
    0.9985438488633307,
    0.9973539766854365,
    0.9999559719906115,
    0.9999999999971146
  ],
  "curvatures": [
    2.2204460492503132e-17,
    4.4408920985006264e-17,
    1.7763568394002506e-16,
    4.4408920985006264e-17,
    1.1102230246251565e-16,
    1.1102230246251565e-16
  ],
  "distances": [
    0.36813872403570497,
    0.5787814444400302,
    0.3684155194486338,
    0.9579236098499581,
    0.8735791277066538,
    0.9578586294128468
  ],
  "mi_matrices": [
    [
      [
        0.0,
        0.9992954443592694,
        0.9992954443592694,
        0.9992954443592694,
        0.9992954443592694,
        0.9992954443592694
      ],
      [
        0.9992954443592694,
        0.0,
        0.9992954443592694,
        0.9992954443592694,
        0.9992954443592694,
        0.9992954443592694
      ],
      [
        0.9992954443592694,
        0.9992954443592694,
        0.0,
        0.9992954443592694,
        0.9992954443592694,
        0.9992954443592694
      ],
      [
        0.9992954443592694,
        0.9992954443592694,
        0.9992954443592694,
        0.0,
        0.9992954443592694,
        0.9992954443592694
      ],
      [
        0.9992954443592694,
        0.9992954443592694,
        0.9992954443592694,
        0.9992954443592694,
        0.0,
        0.9992954443592694
      ],
      [
        0.9992954443592694,
        0.9992954443592694,
        0.9992954443592694,
        0.9992954443592694,
        0.9992954443592694,
        0.0
      ]
    ],
    [
      [
        0.0,
        -1.4428458428028534e-12,
        -1.4428458428028534e-12,
        -1.4428458428028534e-12,
        -1.4428458428028534e-12,
        -1.4428458428028534e-12
      ],
      [
        -1.4428458428028534e-12,
        0.0,
        0.9992046060352292,
        0.9992046060352292,
        0.9992046060352292,
        0.9992046060352292
      ],
      [
        -1.4428458428028534e-12,
        0.9992046060352292,
        0.0,
        0.9992046060352292,
        0.9992046060352292,
        0.9992046060352292
      ],
      [
        -1.4428458428028534e-12,
        0.9992046060352292,
        0.9992046060352292,
        0.0,
        0.9992046060352292,
        0.9992046060352292
      ],
      [
        -1.4428458428028534e-12,
        0.9992046060352292,
        0.9992046060352292,
        0.9992046060352292,
        0.0,
        0.9992046060352292
      ],
      [
        -1.4428458428028534e-12,
        0.9992046060352292,
        0.9992046060352292,
        0.9992046060352292,
        0.9992046060352292,
        0.0
      ]
    ],
    [
      [
        0.0,
        0.9985438488633307,
        0.9985438488633307,
        0.9985438488633307,
        0.9985438488633307,
        0.9985438488633307
      ],
      [
        0.9985438488633307,
        0.0,
        0.9985438488633307,
        0.9985438488633307,
        0.9985438488633307,
        0.9985438488633307
      ],
      [
        0.9985438488633307,
        0.9985438488633307,
        0.0,
        0.9985438488633307,
        0.9985438488633307,
        0.9985438488633307
      ],
      [
        0.9985438488633307,
        0.9985438488633307,
        0.9985438488633307,
        0.0,
        0.9985438488633307,
        0.9985438488633307
      ],
      [
        0.9985438488633307,
        0.9985438488633307,
        0.9985438488633307,
        0.9985438488633307,
        0.0,
        0.9985438488633307
      ],
      [
        0.9985438488633307,
        0.9985438488633307,
        0.9985438488633307,
        0.9985438488633307,
        0.9985438488633307,
        0.0
      ]
    ],
    [
      [
        0.0,
        0.9973539766854365,
        -1.4428458428028534e-12,
        -1.4428458428028534e-12,
        -1.4428458428028534e-12,
        -1.4428458428028534e-12
      ],
      [
        0.9973539766854365,
        0.0,
        -1.4428458428028534e-12,
        -1.4428458428028534e-12,
        -1.4428458428028534e-12,
        -1.4428458428028534e-12
      ],
      [
        -1.4428458428028534e-12,
        -1.4428458428028534e-12,
        0.0,
        -1.4428232973175175e-12,
        -1.4428232973175175e-12,
        -1.4428232973175175e-12
      ],
      [
        -1.4428458428028534e-12,
        -1.4428458428028534e-12,
        -1.4428232973175175e-12,
        0.0,
        -1.4428232973175175e-12,
        -1.4428232973175175e-12
      ],
      [
        -1.4428458428028534e-12,
        -1.4428458428028534e-12,
        -1.4428232973175175e-12,
        -1.4428232973175175e-12,
        0.0,
        -1.4428232973175175e-12
      ],
      [
        -1.4428458428028534e-12,
        -1.4428458428028534e-12,
        -1.4428232973175175e-12,
        -1.4428232973175175e-12,
        -1.4428232973175175e-12,
        0.0
      ]
    ],
    [
      [
        0.0,
        -1.4428458428028534e-12,
        0.9999559719906115,
        -1.4428458428028534e-12,
        0.9999559719906115,
        -1.4428458428028534e-12
      ],
      [
        -1.4428458428028534e-12,
        0.0,
        -1.4428458428028534e-12,
        -1.4428232973175175e-12,
        -1.4428458428028534e-12,
        -1.4428232973175175e-12
      ],
      [
        0.9999559719906115,
        -1.4428458428028534e-12,
        0.0,
        -1.4428458428028534e-12,
        0.9999559719906115,
        -1.4428458428028534e-12
      ],
      [
        -1.4428458428028534e-12,
        -1.4428232973175175e-12,
        -1.4428458428028534e-12,
        0.0,
        -1.4428458428028534e-12,
        -1.4428232973175175e-12
      ],
      [
        0.9999559719906115,
        -1.4428458428028534e-12,
        0.9999559719906115,
        -1.4428458428028534e-12,
        0.0,
        -1.4428458428028534e-12
      ],
      [
        -1.4428458428028534e-12,
        -1.4428232973175175e-12,
        -1.4428458428028534e-12,
        -1.4428232973175175e-12,
        -1.4428458428028534e-12,
        0.0
      ]
    ],
    [
      [
        0.0,
        0.9999999999971146,
        -1.4428458428028534e-12,
        -1.4428458428028534e-12,
        -1.4428458428028534e-12,
        -1.4428458428028534e-12
      ],
      [
        0.9999999999971146,
        0.0,
        -1.4428458428028534e-12,
        -1.4428458428028534e-12,
        -1.4428458428028534e-12,
        -1.4428458428028534e-12
      ],
      [
        -1.4428458428028534e-12,
        -1.4428458428028534e-12,
        0.0,
        -1.4428232973175175e-12,
        -1.4428232973175175e-12,
        -1.4428232973175175e-12
      ],
      [
        -1.4428458428028534e-12,
        -1.4428458428028534e-12,
        -1.4428232973175175e-12,
        0.0,
        -1.4428232973175175e-12,
        -1.4428232973175175e-12
      ],
      [
        -1.4428458428028534e-12,
        -1.4428458428028534e-12,
        -1.4428232973175175e-12,
        -1.4428232973175175e-12,
        0.0,
        -1.4428232973175175e-12
      ],
      [
        -1.4428458428028534e-12,
        -1.4428458428028534e-12,
        -1.4428232973175175e-12,
        -1.4428232973175175e-12,
        -1.4428232973175175e-12,
        0.0
      ]
    ]
  ]
}