{
  "name": "wormhole_teleportation",
  "timestamp": "20250616_162112",
  "data": {
    "mutual_information_matrix": [
      [
        0.0,
        1.0455659970750355,
        0.4706670587235404,
        1.9984014443252818e-15
      ],
      [
        1.0455659970750355,
        0.0,
        0.4706670587235402,
        2.4424906541753444e-15
      ],
      [
        0.4706670587235404,
        0.4706670587235402,
        0.0,
        0.48376694420142663
      ],
      [
        1.9984014443252818e-15,
        2.4424906541753444e-15,
        0.48376694420142663,
        0.0
      ]
    ],
    "individual_entropies": [
      1.000000000000008,
      1.000000000000004,
      0.9544340029249684,
      0.4837669442014283
    ],
    "scrambling_entropy": 0.8595502367816018
  },
  "metadata": {
    "circuit_depth": 11,
    "num_qubits": 4,
    "gates_used": {
      "h": 8,
      "rz": 6,
      "cx": 5
    },
    "theoretical_expectation": {
      "scrambling_entropy": 1.0,
      "teleportation_fidelity": 0.75
    }
  },
  "conclusions": {
    "wormhole_analogue": {
      "teleportation_success": true,
      "scrambling_detected": true,
      "entanglement_preserved": false
    },
    "quantum_gravity_implications": "Demonstrates information transfer through entangled channels, analogous to traversable wormholes"
  }
}