{
  "success": true,
  "target_entropies": [
    0.1,
    0.4,
    0.9,
    1.5,
    2.0,
    2.3,
    2.5,
    2.6
  ],
  "achieved_entropies": [
    0.8766839284592817,
    1.329530131784132,
    1.5536786498938007,
    1.6259326483998358,
    1.5536786498938007,
    1.329530131784132,
    0.8766839284592816,
    1.121199276335217e-14
  ],
  "parameters": {
    "entanglement_strength": 0.4091035398905529,
    "weight": 1.0162158168707096,
    "gamma": 0.01,
    "sigma": 0.01,
    "init_angle": 0.0,
    "timesteps": 3,
    "asymmetry_strength": 0.47260499247225557
  },
  "loss": 1.660059730302117,
  "iterations": 22,
  "optimization_result": {
    "fun": 1.660059730302117,
    "jac": [
      5.417888363022501e-06,
      1.4654944014117064e-06,
      0.00019999557565716344,
      0.00019999557565716344,
      0.0,
      0.06000000532907055,
      1.2434497882346724e-06
    ],
    "nfev": 216,
    "njev": 27,
    "nit": 22,
    "status": 0,
    "message": "CONVERGENCE: NORM_OF_PROJECTED_GRADIENT_<=_PGTOL",
    "x": [
      0.4091035398905529,
      1.0162158168707096,
      0.01,
      0.01,
      0.0,
      3.0,
      0.47260499247225557
    ],
    "success": true,
    "hess_inv": "<7x7 LbfgsInvHessProduct with dtype=float64>"
  }
}