{
  "success": true,
  "target_entropies": [
    0.1,
    0.4,
    0.9,
    1.5,
    2.0,
    2.3
  ],
  "achieved_entropies": [
    0.5775358618309174,
    0.9939071653409848,
    1.2478734328821735,
    1.7293579947806363,
    2.0308656907814235,
    2.4166691886649447
  ],
  "parameters": {
    "entanglement_strength": -1.3510817455570534,
    "weight": -1.0182410787342175,
    "gamma": -0.5238556658983962,
    "sigma": 0.6057590239678848,
    "init_angle": -1.5979900691802147,
    "timesteps": 0,
    "asymmetry_strength": 0.506746469054605
  },
  "loss": 0.1602160444546209,
  "iterations": 4,
  "optimization_result": {
    "fun": 0.1602160444546209,
    "direc": [
      [
        1.0,
        0.0,
        0.0,
        0.0,
        0.0,
        0.0,
        0.0
      ],
      [
        0.0,
        1.0,
        0.0,
        0.0,
        0.0,
        0.0,
        0.0
      ],
      [
        0.0,
        0.0,
        1.0,
        0.0,
        0.0,
        0.0,
        0.0
      ],
      [
        0.0,
        0.0,
        0.0,
        1.0,
        0.0,
        0.0,
        0.0
      ],
      [
        0.0,
        0.0,
        0.0,
        0.0,
        1.0,
        0.0,
        0.0
      ],
      [
        0.0,
        0.0,
        0.0,
        0.0,
        0.0,
        1.0,
        0.0
      ],
      [
        0.0,
        0.0,
        0.0,
        0.0,
        0.0,
        0.0,
        1.0
      ]
    ],
    "nit": 4,
    "nfev": 384,
    "status": 0,
    "success": true,
    "message": "Optimization terminated successfully.",
    "x": [
      -1.3510817455570534,
      -1.0182410787342175,
      -0.5238556658983962,
      0.6057590239678848,
      -1.5979900691802147,
      0.9578785877030698,
      0.506746469054605
    ]
  }
}