{
  "success": true,
  "target_entropies": [
    0.1,
    0.4,
    0.9,
    1.5,
    2.0
  ],
  "achieved_entropies": [
    0.4324574014791385,
    0.6711149558296465,
    0.6711149558296462,
    0.4324574014791388,
    2.2423985526704407e-15
  ],
  "parameters": {
    "entanglement_strength": 1.4074610833127095,
    "weight": 0.5227662945385917,
    "gamma": 0.2503521027264884,
    "sigma": 0.40851882666092687,
    "init_angle": 0.5243446003349554,
    "timesteps": 3,
    "asymmetry_strength": 0.5156245141450324
  },
  "loss": 1.454362749647509,
  "iterations": 0,
  "optimization_result": {
    "fun": 1.454362749647509,
    "jac": [
      -0.006585532159652914,
      -0.2607103408936449,
      -0.04594620242246778,
      0.00817037549158247,
      -0.46147010425316115,
      0.06000000532907055,
      0.010312506352557337
    ],
    "nfev": 128,
    "njev": 16,
    "nit": 0,
    "status": 2,
    "message": "ABNORMAL: ",
    "x": [
      1.4074610833127095,
      0.5227662945385917,
      0.2503521027264884,
      0.40851882666092687,
      0.5243446003349554,
      3.0,
      0.5156245141450324
    ],
    "success": false,
    "hess_inv": "<7x7 LbfgsInvHessProduct with dtype=float64>"
  },
  "warning": "Used fallback parameters due to: ABNORMAL: "
}