{
  "success": true,
  "target_entropies": [
    0.1,
    0.4,
    0.9
  ],
  "achieved_entropies": [
    6.406853007629834e-16,
    6.406853007629834e-16,
    1.2813706015259665e-15
  ],
  "parameters": {
    "entanglement_strength": 0.8252433304342006,
    "weight": 2.761101153114337e-08,
    "gamma": 7.097129676898891e-11,
    "sigma": 8.438566942248001e-10,
    "init_angle": 2.2674228619680587e-08,
    "timesteps": 0,
    "asymmetry_strength": -4.198706937180627e-08
  },
  "loss": 0.2924635194677509,
  "iterations": 4,
  "optimization_result": {
    "fun": 0.2924635194677509,
    "direc": [
      [
        1.0,
        0.0,
        0.0,
        0.0,
        0.0,
        0.0,
        0.0
      ],
      [
        0.0,
        1.0,
        0.0,
        0.0,
        0.0,
        0.0,
        0.0
      ],
      [
        0.0,
        0.0,
        1.0,
        0.0,
        0.0,
        0.0,
        0.0
      ],
      [
        0.0,
        0.0,
        0.0,
        1.0,
        0.0,
        0.0,
        0.0
      ],
      [
        0.0,
        0.0,
        0.0,
        0.0,
        1.0,
        0.0,
        0.0
      ],
      [
        0.0,
        0.0,
        0.0,
        0.0,
        0.0,
        1.0,
        0.0
      ],
      [
        0.0,
        0.0,
        0.0,
        0.0,
        0.0,
        0.0,
        1.0
      ]
    ],
    "nit": 4,
    "nfev": 566,
    "status": 0,
    "success": true,
    "message": "Optimization terminated successfully.",
    "x": [
      0.8252433304342006,
      2.761101153114337e-08,
      7.097129676898891e-11,
      8.438566942248001e-10,
      2.2674228619680587e-08,
      2.322138487119114e-11,
      -4.198706937180627e-08
    ]
  }
}