{
  "success": true,
  "target_entropies": [
    0.2,
    0.8,
    1.4
  ],
  "achieved_entropies": [
    6.406853007629834e-16,
    6.406853007629834e-16,
    1.2813706015259665e-15
  ],
  "parameters": {
    "entanglement_strength": 1.3832396781959684,
    "weight": 2.16294113934498e-11,
    "gamma": 8.439419830359274e-10,
    "sigma": -3.766988282336203e-08,
    "init_angle": -3.1653506267551824e-11,
    "timesteps": 0,
    "asymmetry_strength": 4.899407191875242e-08
  },
  "loss": 0.7341181250567358,
  "iterations": 3,
  "optimization_result": {
    "fun": 0.7341181250567358,
    "direc": [
      [
        1.0,
        0.0,
        0.0,
        0.0,
        0.0,
        0.0,
        0.0
      ],
      [
        0.0,
        1.0,
        0.0,
        0.0,
        0.0,
        0.0,
        0.0
      ],
      [
        0.0,
        0.0,
        1.0,
        0.0,
        0.0,
        0.0,
        0.0
      ],
      [
        0.0,
        0.0,
        0.0,
        1.0,
        0.0,
        0.0,
        0.0
      ],
      [
        0.0,
        0.0,
        0.0,
        0.0,
        1.0,
        0.0,
        0.0
      ],
      [
        0.0,
        0.0,
        0.0,
        0.0,
        0.0,
        1.0,
        0.0
      ],
      [
        0.0,
        0.0,
        0.0,
        0.0,
        0.0,
        0.0,
        1.0
      ]
    ],
    "nit": 3,
    "nfev": 434,
    "status": 0,
    "success": true,
    "message": "Optimization terminated successfully.",
    "x": [
      1.3832396781959684,
      2.16294113934498e-11,
      8.439419830359274e-10,
      -3.766988282336203e-08,
      -3.1653506267551824e-11,
      -3.163252890707814e-11,
      4.899407191875242e-08
    ]
  }
}