{
  "success": true,
  "target_entropies": [
    0.2,
    0.8,
    1.4
  ],
  "achieved_entropies": [
    0.46575067367621026,
    0.46575067367621054,
    3.2034265038149176e-16
  ],
  "parameters": {
    "entanglement_strength": 1.1972100872053832,
    "weight": 0.24883633696971122,
    "gamma": 0.12698947289844778,
    "sigma": 0.3663013727872461,
    "init_angle": 0.12237151028540921,
    "timesteps": 2,
    "asymmetry_strength": 0.44705300067783377
  },
  "loss": 0.7822352775951126,
  "iterations": 5,
  "optimization_result": {
    "fun": 0.7822352775951126,
    "jac": [
      0.003651123869892874,
      0.1175304187925009,
      0.0046067372163439155,
      0.007326028676450118,
      0.008306966230373998,
      0.044504511457901366,
      0.008941059008992168
    ],
    "nfev": 72,
    "njev": 9,
    "nit": 5,
    "status": 1,
    "message": "STOP: TOTAL NO. OF ITERATIONS REACHED LIMIT",
    "x": [
      1.1972100872053832,
      0.24883633696971122,
      0.12698947289844778,
      0.3663013727872461,
      0.12237151028540921,
      2.225225297931759,
      0.44705300067783377
    ],
    "success": false,
    "hess_inv": "<7x7 LbfgsInvHessProduct with dtype=float64>"
  },
  "warning": "Used fallback parameters due to: STOP: TOTAL NO. OF ITERATIONS REACHED LIMIT"
}