{
  "success": true,
  "target_entropies": [
    0.1,
    0.4,
    0.9
  ],
  "achieved_entropies": [
    6.406853007629834e-16,
    6.406853007629834e-16,
    1.2813706015259665e-15
  ],
  "parameters": {
    "entanglement_strength": -0.04559748371408562,
    "weight": -1.843686462072278e-06,
    "gamma": 0.00100831284897653,
    "sigma": 0.0027832515614518937,
    "init_angle": 0.006330799823918638,
    "timesteps": 0,
    "asymmetry_strength": 0.0040399350389202174
  },
  "loss": 0.3245459058461515,
  "iterations": 3,
  "optimization_result": {
    "fun": 0.3245459058461515,
    "direc": [
      [
        0.0,
        0.0,
        0.0,
        0.0,
        0.0,
        0.0,
        1.0
      ],
      [
        0.0,
        1.0,
        0.0,
        0.0,
        0.0,
        0.0,
        0.0
      ],
      [
        0.0,
        0.0,
        1.0,
        0.0,
        0.0,
        0.0,
        0.0
      ],
      [
        0.0,
        0.0,
        0.0,
        1.0,
        0.0,
        0.0,
        0.0
      ],
      [
        0.0,
        0.0,
        0.0,
        0.0,
        1.0,
        0.0,
        0.0
      ],
      [
        0.0,
        0.0,
        0.0,
        0.0,
        0.0,
        1.0,
        0.0
      ],
      [
        -0.06336703525096227,
        1.4325117651742077e-05,
        -0.00783441196831961,
        -0.021625370900782995,
        -0.04918919158686615,
        -0.13607362865964415,
        -0.031389578592826796
      ]
    ],
    "nit": 3,
    "nfev": 199,
    "status": 0,
    "success": true,
    "message": "Optimization terminated successfully.",
    "x": [
      -0.04559748371408562,
      -1.843686462072278e-06,
      0.00100831284897653,
      0.0027832515614518937,
      0.006330799823918638,
      0.017513093355801135,
      0.0040399350389202174
    ]
  }
}