{
  "success": true,
  "target_entropies": [
    0.1,
    0.4,
    0.9,
    1.5
  ],
  "achieved_entropies": [
    0.5,
    1.0,
    1.5,
    1.6
  ],
  "parameters": {
    "entanglement_strength": 3.1640183043920495e-11,
    "weight": 3.163873975398848e-11,
    "gamma": 3.163996099931557e-11,
    "sigma": -3.029488407808973e-08,
    "init_angle": -3.163840580261716e-11,
    "timesteps": 1,
    "asymmetry_strength": -3.163884989182701e-11
  },
  "loss": 0.2225,
  "iterations": 2,
  "optimization_result": {
    "fun": 0.2225,
    "direc": [
      [
        1.0,
        0.0,
        0.0,
        0.0,
        0.0,
        0.0,
        0.0
      ],
      [
        0.0,
        1.0,
        0.0,
        0.0,
        0.0,
        0.0,
        0.0
      ],
      [
        0.0,
        0.0,
        1.0,
        0.0,
        0.0,
        0.0,
        0.0
      ],
      [
        0.0,
        0.0,
        0.0,
        1.0,
        0.0,
        0.0,
        0.0
      ],
      [
        0.0,
        0.0,
        0.0,
        0.0,
        1.0,
        0.0,
        0.0
      ],
      [
        0.0,
        0.0,
        0.0,
        0.0,
        0.0,
        1.0,
        0.0
      ],
      [
        0.0,
        0.0,
        0.0,
        0.0,
        0.0,
        0.0,
        1.0
      ]
    ],
    "nit": 2,
    "nfev": 340,
    "status": 0,
    "success": true,
    "message": "Optimization terminated successfully.",
    "x": [
      3.1640183043920495e-11,
      3.163873975398848e-11,
      3.163996099931557e-11,
      -3.029488407808973e-08,
      -3.163840580261716e-11,
      -3.1639071936431933e-11,
      -3.163884989182701e-11
    ]
  }
}