{
  "success": true,
  "target_entropies": [
    0.1,
    0.4,
    0.9
  ],
  "achieved_entropies": [
    6.406853007629834e-16,
    6.406853007629834e-16,
    1.2813706015259665e-15
  ],
  "parameters": {
    "entanglement_strength": 0.8252432307303311,
    "weight": -2.3521148989989117e-10,
    "gamma": 7.128748692887965e-11,
    "sigma": 2.322138719207858e-11,
    "init_angle": -4.964012126410616e-08,
    "timesteps": 0,
    "asymmetry_strength": 2.1636890199554522e-11
  },
  "loss": 0.2924635194677537,
  "iterations": 4,
  "optimization_result": {
    "fun": 0.2924635194677537,
    "direc": [
      [
        1.0,
        0.0,
        0.0,
        0.0,
        0.0,
        0.0,
        0.0
      ],
      [
        0.0,
        1.0,
        0.0,
        0.0,
        0.0,
        0.0,
        0.0
      ],
      [
        0.0,
        0.0,
        1.0,
        0.0,
        0.0,
        0.0,
        0.0
      ],
      [
        0.0,
        0.0,
        0.0,
        1.0,
        0.0,
        0.0,
        0.0
      ],
      [
        0.0,
        0.0,
        0.0,
        0.0,
        1.0,
        0.0,
        0.0
      ],
      [
        0.0,
        0.0,
        0.0,
        0.0,
        0.0,
        1.0,
        0.0
      ],
      [
        0.0,
        0.0,
        0.0,
        0.0,
        0.0,
        0.0,
        1.0
      ]
    ],
    "nit": 4,
    "nfev": 576,
    "status": 0,
    "success": true,
    "message": "Optimization terminated successfully.",
    "x": [
      0.8252432307303311,
      -2.3521148989989117e-10,
      7.128748692887965e-11,
      2.322138719207858e-11,
      -4.964012126410616e-08,
      2.3284577794222862e-08,
      2.1636890199554522e-11
    ]
  }
}