{
  "success": true,
  "target_entropies": [
    0.1,
    0.4,
    0.9,
    1.5
  ],
  "achieved_entropies": [
    0.37395063149968005,
    0.5363041919067275,
    0.37395063149967983,
    2.2423985526704407e-15
  ],
  "parameters": {
    "entanglement_strength": 0.430565419939203,
    "weight": 1.0418167010037886,
    "gamma": -1.6220381554200305e-08,
    "sigma": -2.6106062946776618e-08,
    "init_angle": -5.5916528839620726e-08,
    "timesteps": 2,
    "asymmetry_strength": -7.808523065855704e-09
  },
  "loss": 0.7077969388859702,
  "iterations": 4,
  "optimization_result": {
    "fun": 0.7077969388859702,
    "direc": [
      [
        0.0,
        0.0,
        0.0,
        0.0,
        0.0,
        0.0,
        1.0
      ],
      [
        0.0,
        1.0,
        0.0,
        0.0,
        0.0,
        0.0,
        0.0
      ],
      [
        0.0,
        0.0,
        1.0,
        0.0,
        0.0,
        0.0,
        0.0
      ],
      [
        0.0,
        0.0,
        0.0,
        1.0,
        0.0,
        0.0,
        0.0
      ],
      [
        0.0,
        0.0,
        0.0,
        0.0,
        1.0,
        0.0,
        0.0
      ],
      [
        0.0,
        0.0,
        0.0,
        0.0,
        0.0,
        1.0,
        0.0
      ],
      [
        0.13844107586814666,
        0.0016872016757084913,
        0.01888922849897999,
        0.030390879307886656,
        -0.0011602562150694554,
        0.15717085526146235,
        0.13433444240329537
      ]
    ],
    "nit": 4,
    "nfev": 489,
    "status": 0,
    "success": true,
    "message": "Optimization terminated successfully.",
    "x": [
      0.430565419939203,
      1.0418167010037886,
      -1.6220381554200305e-08,
      -2.6106062946776618e-08,
      -5.5916528839620726e-08,
      2.0000000000029057,
      -7.808523065855704e-09
    ]
  }
}