{
  "success": true,
  "target_entropies": [
    0.1,
    0.4,
    0.9,
    1.5,
    2.0,
    2.3,
    2.5,
    2.6,
    2.7
  ],
  "achieved_entropies": [
    0.5881148107525452,
    1.131863234658722,
    1.8268581395550871,
    2.0715664191259484,
    2.4428077137481314,
    2.8199549189792616,
    2.9076139529895166,
    2.8889117494391,
    2.8485789770403946
  ],
  "parameters": {
    "entanglement_strength": 0.8603716134238761,
    "weight": 0.795620687348519,
    "gamma": 0.2699880265601791,
    "sigma": 0.37577005970334987,
    "init_angle": 0.6361743605559561,
    "timesteps": 3,
    "asymmetry_strength": 0.7891880779853596
  },
  "loss": 0.0,
  "iterations": 0,
  "optimization_result": null,
  "message": "Skipped for large system"
}