{
  "analysis_results": {
    "geometric_locality": {
      "distance_mi_correlation": 0.16083858521473654,
      "distance_mi_p_value": 0.3487099990882603,
      "decay_rate": 0,
      "fit_quality": 0,
      "distances": [
        1,
        2,
        3,
        4,
        5,
        6,
        7,
        8,
        1,
        2,
        3,
        4,
        5,
        6,
        7,
        1,
        2,
        3,
        4,
        5,
        6,
        1,
        2,
        3,
        4,
        5,
        1,
        2,
        3,
        4,
        1,
        2,
        3,
        1,
        2,
        1
      ],
      "mi_values": [
        0.00545198794239989,
        0.006411886861870438,
        0.004313515816853751,
        0.0077474752896069705,
        0.0035361733316030546,
        0.004490935776204236,
        0.008495913522674167,
        0.006295070164778589,
        0.0033367150376386995,
        0.0043447162473453085,
        0.006285433214977107,
        0.008292893176326917,
        0.005977835365179362,
        0.0021093211304324616,
        0.006103777160042786,
        0.0077823385730434475,
        0.005482317513099215,
        0.002573352270474308,
        0.0033914269560563867,
        0.006586315782696051,
        0.006154774035373107,
        0.005208843245202134,
        0.006390122918806574,
        0.005488191822539166,
        0.004024175140758884,
        0.006094285197748505,
        0.006060325673453583,
        0.006463389103772286,
        0.0055460346703371955,
        0.003980220784242433,
        0.000766430168200462,
        0.0048006762725169745,
        0.004745184766779346,
        0.00636879946608605,
        0.0020933418430619318,
        0.005627706238360478
      ]
    },
    "graph_structure": [
      {
        "num_nodes": 9,
        "num_edges": 4,
        "density": 0.1111111111111111,
        "average_degree": 0.8888888888888888,
        "is_connected": false,
        "num_components": 5,
        "closeness_centrality": 0,
        "betweenness_centrality": 0,
        "eigenvector_centrality": 0,
        "clustering_coefficient": 0.0,
        "average_shortest_path": Infinity,
        "diameter": Infinity
      },
      "Graph with 9 nodes and 4 edges",
      "[[0. 0. 0. 0. 1. 0. 0. 1. 0.]\n [0. 0. 0. 0. 0. 1. 0. 0. 0.]\n [0. 0. 0. 1. 0. 0. 0. 0. 0.]\n [0. 0. 1. 0. 0. 0. 0. 0. 0.]\n [1. 0. 0. 0. 0. 0. 0. 0. 0.]\n [0. 1. 0. 0. 0. 0. 0. 0. 0.]\n [0. 0. 0. 0. 0. 0. 0. 0. 0.]\n [1. 0. 0. 0. 0. 0. 0. 0. 0.]\n [0. 0. 0. 0. 0. 0. 0. 0. 0.]]"
    ],
    "hierarchical_clustering": {
      "cluster_labels": [
        0,
        1,
        0,
        1,
        2,
        0,
        0,
        1,
        2
      ],
      "cluster_sizes": [
        "4",
        "3",
        "2"
      ],
      "cluster_qualities": [
        0.0026462756705511107,
        0.0023284916707859236,
        0.0019901103921212164
      ],
      "num_clusters": 3,
      "silhouette_score": null
    },
    "mds_visualization": {
      "coordinates": [
        [
          -0.9036501634006774,
          -0.004876746365255279
        ],
        [
          0.46126780948082763,
          0.7621097487849565
        ],
        [
          -0.17359797727362383,
          -0.26084144125103725
        ],
        [
          -0.39228499470591066,
          0.6778060487267462
        ],
        [
          0.8152492808289122,
          0.051756610462766896
        ],
        [
          -0.41101575557205355,
          -0.7921404106285813
        ],
        [
          -0.05138709786180314,
          -0.7977355292037173
        ],
        [
          0.14235141696495693,
          0.832900607429026
        ],
        [
          0.5130674815393717,
          -0.4689788879549042
        ]
      ],
      "stress": 2.221196808857351,
      "area": 1.8770213547600703,
      "perimeter": 5.073631348228624,
      "n_components": 2
    },
    "rt_consistency": {
      "rt_consistent": false,
      "reason": "No entropy data available"
    },
    "entanglement_spectrum": {
      "spectrum_analyzed": false,
      "reason": "No entropy data available"
    }
  },
  "data_source": "experiment_logs/custom_curvature_experiment/instance_20250801_081414\\entropy_engineering_quantum_gravity_results.json",
  "analysis_timestamp": "2025-08-01T08:17:23.099483",
  "experiment_data": {
    "success": true,
    "target_entropies": [
      0.1,
      0.4,
      0.9,
      1.5,
      2.0,
      2.3,
      2.5
    ],
    "achieved_entropies": [
      0.4574568399840735,
      1.0887918977975053,
      1.6743577177886553,
      1.8689842794131597,
      2.3278450193446645,
      2.7338748727536233,
      2.8741259354130917
    ],
    "parameters": {
      "entanglement_strength": 1.4365522394264802,
      "weight": 0.6892216730438862,
      "gamma": 0.23052864700155823,
      "sigma": 0.3469081367941006,
      "init_angle": 1.812091655170207,
      "timesteps": 3,
      "asymmetry_strength": 0.5102923048772514
    },
    "loss": 0.0,
    "iterations": 0,
    "optimization_result": null,
    "message": "Skipped for large system"
  }
}