{
  "success": true,
  "target_entropies": [
    0.1,
    0.4,
    0.9,
    1.5
  ],
  "achieved_entropies": [
    0.3000437096817866,
    0.4246493132013846,
    0.3000437096817865,
    -3.2034265038149176e-16
  ],
  "parameters": {
    "entanglement_strength": 1.0641377933792526,
    "weight": 0.6284204436609103,
    "gamma": 0.3253676730249074,
    "sigma": 0.321612361408279,
    "init_angle": 0.27276961550843914,
    "timesteps": 3,
    "asymmetry_strength": 0.5864162265285231
  },
  "loss": 0.7741920300277347,
  "iterations": 0,
  "optimization_result": {
    "fun": 0.7741920300277347,
    "jac": [
      -0.011368006605205311,
      -0.4136205246396624,
      -0.006517675291795061,
      0.006432243630005188,
      -0.12636129926847128,
      0.06000000532907055,
      0.011728329359826645
    ],
    "nfev": 128,
    "njev": 16,
    "nit": 0,
    "status": 2,
    "message": "ABNORMAL: ",
    "x": [
      1.0641377933792526,
      0.6284204436609103,
      0.3253676730249074,
      0.321612361408279,
      0.27276961550843914,
      3.0,
      0.5864162265285231
    ],
    "success": false,
    "hess_inv": "<7x7 LbfgsInvHessProduct with dtype=float64>"
  },
  "warning": "Used fallback parameters due to: ABNORMAL: "
}