{
  "experiment_info": {
    "source_file": "results.json",
    "device": "simulator",
    "shots": 10000,
    "num_qubits": 8,
    "geometry_type": "perfect_tensor",
    "curvature_strength": 1.0
  },
  "mi_analysis": {
    "max_mi": 0.031342386647209564,
    "mean_mi": 0.0021727901765373897,
    "non_zero_pairs": 10,
    "mi_matrix": [
      [
        0.0,
        0.0,
        0.031342386647209564,
        0.001621669383015334,
        0.0,
        0.0,
        0.0,
        0.0
      ],
      [
        0.0,
        0.0,
        0.0,
        0.0,
        0.0,
        0.0,
        0.0,
        0.0
      ],
      [
        0.031342386647209564,
        0.0,
        0.0,
        0.007346848612370893,
        0.0,
        0.0,
        0.0,
        0.0
      ],
      [
        0.001621669383015334,
        0.0,
        0.007346848612370893,
        0.0,
        0.0,
        0.0,
        0.0,
        0.0
      ],
      [
        0.0,
        0.0,
        0.0,
        0.0,
        0.0,
        0.01472657044170722,
        0.0,
        0.0
      ],
      [
        0.0,
        0.0,
        0.0,
        0.0,
        0.01472657044170722,
        0.0,
        0.01449181056489346,
        0.0
      ],
      [
        0.0,
        0.0,
        0.0,
        0.0,
        0.0,
        0.01449181056489346,
        0.0,
        0.0
      ],
      [
        0.0,
        0.0,
        0.0,
        0.0,
        0.0,
        0.0,
        0.0,
        0.0
      ]
    ]
  },
  "rt_analysis": {
    "rt_surfaces": {
      "size_1_region_(2,)": {
        "boundary_mi": 0.0,
        "rt_length": 0.0,
        "rt_ratio": 0.0,
        "edge_count": 0
      },
      "size_1_region_(7,)": {
        "boundary_mi": 0.0,
        "rt_length": 0.0,
        "rt_ratio": 0.0,
        "edge_count": 0
      },
      "size_1_region_(5,)": {
        "boundary_mi": 0.0,
        "rt_length": 0.0,
        "rt_ratio": 0.0,
        "edge_count": 0
      },
      "size_1_region_(4,)": {
        "boundary_mi": 0.0,
        "rt_length": 0.0,
        "rt_ratio": 0.0,
        "edge_count": 0
      },
      "size_1_region_(1,)": {
        "boundary_mi": 0.0,
        "rt_length": 0.0,
        "rt_ratio": 0.0,
        "edge_count": 0
      },
      "size_2_region_(5, 4)": {
        "boundary_mi": 0.01472657044170722,
        "rt_length": 0.410038044409576,
        "rt_ratio": 0.03591513100634617,
        "edge_count": 2
      },
      "size_2_region_(6, 1)": {
        "boundary_mi": 0.0,
        "rt_length": 10.0,
        "rt_ratio": 0.0,
        "edge_count": 2
      },
      "size_2_region_(4, 5)": {
        "boundary_mi": 0.01472657044170722,
        "rt_length": 0.410038044409576,
        "rt_ratio": 0.03591513100634617,
        "edge_count": 2
      },
      "size_2_region_(3, 6)": {
        "boundary_mi": 0.0,
        "rt_length": 10.0,
        "rt_ratio": 0.0,
        "edge_count": 2
      },
      "size_2_region_(4, 0)": {
        "boundary_mi": 0.0,
        "rt_length": 10.0,
        "rt_ratio": 0.0,
        "edge_count": 2
      },
      "size_2_region_(1, 2)": {
        "boundary_mi": 0.0,
        "rt_length": 10.0,
        "rt_ratio": 0.0,
        "edge_count": 2
      },
      "size_2_region_(4, 6)": {
        "boundary_mi": 0.0,
        "rt_length": 10.0,
        "rt_ratio": 0.0,
        "edge_count": 2
      },
      "size_2_region_(7, 5)": {
        "boundary_mi": 0.0,
        "rt_length": 10.0,
        "rt_ratio": 0.0,
        "edge_count": 2
      },
      "size_3_region_(3, 7, 6)": {
        "boundary_mi": 0.0,
        "rt_length": 10.0,
        "rt_ratio": 0.0,
        "edge_count": 6
      },
      "size_3_region_(0, 5, 4)": {
        "boundary_mi": 0.01472657044170722,
        "rt_length": 6.803346014803192,
        "rt_ratio": 0.002164607001910245,
        "edge_count": 6
      },
      "size_3_region_(4, 1, 0)": {
        "boundary_mi": 0.0,
        "rt_length": 10.0,
        "rt_ratio": 0.0,
        "edge_count": 6
      },
      "size_3_region_(2, 1, 0)": {
        "boundary_mi": 0.031342386647209564,
        "rt_length": 6.6666666648571065,
        "rt_ratio": 0.004701357991305506,
        "edge_count": 6
      },
      "size_3_region_(0, 2, 3)": {
        "boundary_mi": 0.013436968214198597,
        "rt_length": 0.7984169219310866,
        "rt_ratio": 0.016829513098750734,
        "edge_count": 6
      },
      "size_3_region_(5, 7, 6)": {
        "boundary_mi": 0.01449181056489346,
        "rt_length": 6.806253919216599,
        "rt_ratio": 0.0021291904057069862,
        "edge_count": 6
      },
      "size_3_region_(5, 6, 0)": {
        "boundary_mi": 0.01449181056489346,
        "rt_length": 6.806253919216599,
        "rt_ratio": 0.0021291904057069862,
        "edge_count": 6
      },
      "size_3_region_(4, 7, 6)": {
        "boundary_mi": 0.0,
        "rt_length": 10.0,
        "rt_ratio": 0.0,
        "edge_count": 6
      },
      "size_4_region_(4, 1, 0, 6)": {
        "boundary_mi": 0.0,
        "rt_length": 10.0,
        "rt_ratio": 0.0,
        "edge_count": 12
      },
      "size_4_region_(7, 5, 4, 6)": {
        "boundary_mi": 0.01460919050330034,
        "rt_length": 6.804799967009896,
        "rt_ratio": 0.00214689492015308,
        "edge_count": 12
      },
      "size_4_region_(3, 2, 6, 1)": {
        "boundary_mi": 0.007346848612370893,
        "rt_length": 8.464589782164033,
        "rt_ratio": 0.0008679509335670498,
        "edge_count": 12
      },
      "size_4_region_(0, 3, 2, 6)": {
        "boundary_mi": 0.013436968214198597,
        "rt_length": 5.399208460965543,
        "rt_ratio": 0.002488692238215365,
        "edge_count": 12
      },
      "size_4_region_(5, 7, 2, 1)": {
        "boundary_mi": 0.0,
        "rt_length": 10.0,
        "rt_ratio": 0.0,
        "edge_count": 12
      },
      "size_4_region_(1, 5, 6, 0)": {
        "boundary_mi": 0.01449181056489346,
        "rt_length": 8.403126959608299,
        "rt_ratio": 0.0017245735566422096,
        "edge_count": 12
      },
      "size_4_region_(7, 5, 4, 2)": {
        "boundary_mi": 0.01472657044170722,
        "rt_length": 8.401673007401596,
        "rt_ratio": 0.001752814042061082,
        "edge_count": 12
      },
      "size_4_region_(4, 0, 5, 2)": {
        "boundary_mi": 0.023034478544458392,
        "rt_length": 6.735006339830149,
        "rt_ratio": 0.0034201123722829604,
        "edge_count": 12
      }
    },
    "rt_consistency": 0.01227901460311195,
    "num_rt_surfaces": 29,
    "mean_rt_ratio": 0.008629627613768811
  },
  "geometry_analysis": {
    "coordinates": [
      [
        5.006154295879429,
        -1.5520349415932724
      ],
      [
        3.3759238619803518,
        6.561415144050261
      ],
      [
        4.276150777357469,
        -3.0224264648591803
      ],
      [
        4.535064529443251,
        -2.5485728850791025
      ],
      [
        -4.730302968184019,
        2.1209299596854327
      ],
      [
        -4.604370360145045,
        2.371303972334517
      ],
      [
        -4.471192791084549,
        2.6246527001063606
      ],
      [
        -3.3874273452468877,
        -6.555267484645016
      ]
    ],
    "geometry_radius": 7.378958640245956,
    "mi_distance_correlation": 0.9705078074567497,