{
  "success": true,
  "target_entropies": [
    0.3,
    0.9,
    1.6,
    2.2,
    2.6,
    2.8
  ],
  "achieved_entropies": [
    0.9020272070863844,
    1.5914594646446147,
    1.9133276442611156,
    1.5914594646446145,
    0.9020272070863845,
    1.1692506738924403e-14
  ],
  "parameters": {
    "entanglement_strength": 1.2806049321412023,
    "weight": 0.6347905195460711,
    "gamma": 0.01,
    "sigma": 0.01,
    "init_angle": 0.0,
    "timesteps": 3,
    "asymmetry_strength": 0.39311338389098077
  },
  "loss": 2.1173365197223224,
  "iterations": 17,
  "optimization_result": {
    "fun": 2.1173365197223224,
    "jac": [
      2.4868995902744106e-06,
      -4.4408920761862123e-07,
      0.00020001778011765608,
      0.00020001778011765608,
      0.0,
      0.06000000532907055,
      2.220446050419058e-07
    ],
    "nfev": 208,
    "njev": 26,
    "nit": 17,
    "status": 0,
    "message": "CONVERGENCE: NORM OF PROJECTED GRADIENT <= PGTOL",
    "x": [
      1.2806049321412023,
      0.6347905195460711,
      0.01,
      0.01,
      0.0,
      3.0,
      0.39311338389098077
    ],
    "success": true,
    "hess_inv": "<7x7 LbfgsInvHessProduct with dtype=float64>"
  }
}