{
  "success": true,
  "target_entropies": [
    0.2,
    0.6,
    1.2
  ],
  "achieved_entropies": [
    0.5318912874640782,
    0.5318912874640783,
    -6.406853007629837e-16
  ],
  "parameters": {
    "entanglement_strength": 1.1728389867337645,
    "weight": 1.5300621295051764,
    "gamma": 0.36944080970785376,
    "sigma": 0.27884000390374364,
    "init_angle": 1.039408810150634,
    "timesteps": 2,
    "asymmetry_strength": 0.7152945082421575
  },
  "loss": 0.643468436188296,
  "iterations": 5,
  "optimization_result": {
    "fun": 0.643468436188296,
    "jac": [
      0.07664887660084169,
      0.03516434942395856,
      0.014990741988970656,
      0.005576794584620741,
      -0.023785518144197364,
      0.05290593550989746,
      0.014305889734226265
    ],
    "nfev": 72,
    "njev": 9,
    "nit": 5,
    "status": 1,
    "message": "STOP: TOTAL NO. OF ITERATIONS REACHED LIMIT",
    "x": [
      1.1728389867337645,
      1.5300621295051764,
      0.36944080970785376,
      0.27884000390374364,
      1.039408810150634,
      2.645296378131828,
      0.7152945082421575
    ],
    "success": false,
    "hess_inv": "<7x7 LbfgsInvHessProduct with dtype=float64>"
  },
  "warning": "Used fallback parameters due to: STOP: TOTAL NO. OF ITERATIONS REACHED LIMIT"
}