{
  "success": true,
  "target_entropies": [
    0.2,
    0.6,
    1.2
  ],
  "achieved_entropies": [
    6.406853007629834e-16,
    6.406853007629834e-16,
    1.2813706015259665e-15
  ],
  "parameters": {
    "entanglement_strength": 1.1653374730993935,
    "weight": -0.004141000591923299,
    "gamma": -1.8916171688987383e-08,
    "sigma": -2.1403287945110605e-11,
    "init_angle": -0.004070110261128018,
    "timesteps": 0,
    "asymmetry_strength": 1.1923630229821549e-09
  },
  "loss": 0.5213831567002534,
  "iterations": 4,
  "optimization_result": {
    "fun": 0.5213831567002534,
    "direc": [
      [
        0.0,
        0.0,
        0.0,
        0.0,
        0.0,
        0.0,
        1.0
      ],
      [
        0.0,
        1.0,
        0.0,
        0.0,
        0.0,
        0.0,
        0.0
      ],
      [
        0.0,
        0.0,
        1.0,
        0.0,
        0.0,
        0.0,
        0.0
      ],
      [
        0.0,
        0.0,
        0.0,
        1.0,
        0.0,
        0.0,
        0.0
      ],
      [
        0.0,
        0.0,
        0.0,
        0.0,
        1.0,
        0.0,
        0.0
      ],
      [
        0.0,
        0.0,
        0.0,
        0.0,
        0.0,
        1.0,
        0.0
      ],
      [
        -0.46464908995468,
        -0.4231221507183077,
        2.4555954887916172e-11,
        2.4555954887916172e-11,
        -0.4158786672771541,
        -6.154417171802979e-08,
        2.3512529723331682e-08
      ]
    ],
    "nit": 4,
    "nfev": 463,
    "status": 0,
    "success": true,
    "message": "Optimization terminated successfully.",
    "x": [
      1.1653374730993935,
      -0.004141000591923299,
      -1.8916171688987383e-08,
      -2.1403287945110605e-11,
      -0.004070110261128018,
      -3.454552475006938e-09,
      1.1923630229821549e-09
    ]
  }
}