{
  "success": true,
  "target_entropies": [
    0.1,
    0.4,
    0.9
  ],
  "achieved_entropies": [
    0.69564244719488,
    0.6956424471948802,
    -1.2813706015259676e-15
  ],
  "parameters": {
    "entanglement_strength": 0.7207693833209757,
    "weight": 1.3726502879389626,
    "gamma": 0.40488398284753,
    "sigma": 0.37965227723122796,
    "init_angle": 2.9670970087984587,
    "timesteps": 3,
    "asymmetry_strength": 0.6252415180114096
  },
  "loss": 0.6264614853967397,
  "iterations": 0,
  "optimization_result": {
    "fun": 0.6264614853967397,
    "jac": [
      -0.12293832556808197,
      -0.10601445341632947,
      0.031059588251031528,
      0.007593048416243262,
      0.16128483091614096,
      0.059999994226840235,
      0.012504830441577994
    ],
    "nfev": 128,
    "njev": 16,
    "nit": 0,
    "status": 2,
    "message": "ABNORMAL: ",
    "x": [
      0.7207693833209757,
      1.3726502879389626,
      0.40488398284753,
      0.37965227723122796,
      2.9670970087984587,
      3.0,
      0.6252415180114096
    ],
    "success": false,
    "hess_inv": "<7x7 LbfgsInvHessProduct with dtype=float64>"
  },
  "warning": "Used fallback parameters due to: ABNORMAL: "
}