{
  "phi": 4.886921905584122,
  "counts": {
    "11": 450,
    "00": 605,
    "01": 543,
    "10": 450
  },
  "shannon_entropy": 1.9882164147251447,
  "causal_witness": 0.0302734375
}