{
  "phi": 1.3962634015954636,
  "counts": {
    "01": 509,
    "00": 599,
    "10": 436,
    "11": 504
  },
  "shannon_entropy": 1.990828627836168,
  "causal_witness": 0.0771484375
}