{
  "phi": 1.3962634015954636,
  "counts": {
    "00": 567,
    "10": 455,
    "11": 510,
    "01": 516
  },
  "shannon_entropy": 1.995653050041682
}