{
  "phi": 0.6981317007977318,
  "counts": {
    "01": 827,
    "00": 892,
    "10": 110,
    "11": 219
  },
  "shannon_entropy": 1.6220202462716093,
  "causal_witness": 0.0849609375
}