{
  "phi": 0.6981317007977318,
  "counts": {
    "10": 107,
    "00": 947,
    "01": 818,
    "11": 176
  },
  "shannon_entropy": 1.5701524862149332
}