{
  "phi": 4.1887902047863905,
  "counts": {
    "10": 760,
    "01": 664,
    "00": 266,
    "11": 358
  },
  "shannon_entropy": 1.8798693257511636
}