{
  "phi": 6.283185307179586,
  "counts": {
    "01": 984,
    "00": 1064
  },
  "shannon_entropy": 0.9988990309409242,
  "causal_witness": 0.0390625
}