{
  "phi": 5.585053606381854,
  "counts": {
    "00": 922,
    "11": 199,
    "10": 114,
    "01": 813
  },
  "shannon_entropy": 1.606235451221859
}