{
  "phi": 2.0943951023931953,
  "counts": {
    "10": 774,
    "00": 267,
    "11": 391,
    "01": 616
  },
  "shannon_entropy": 1.8911582569124008
}