{
  "success": true,
  "target_entropies": [
    0.1,
    0.4,
    0.9,
    1.5,
    2.0,
    2.3,
    2.5
  ],
  "achieved_entropies": [
    0.8232195451826134,
    1.2053564588888344,
    1.3690321208954066,
    1.3690321208954068,
    1.2053564588888341,
    0.8232195451826136,
    -4.805139755722384e-15
  ],
  "parameters": {
    "entanglement_strength": 0.4515279122149812,
    "weight": 0.9560355822920508,
    "gamma": 0.01,
    "sigma": 0.01,
    "init_angle": 0.0,
    "timesteps": 3,
    "asymmetry_strength": 0.34658831913626575
  },
  "loss": 1.5982574954389759,
  "iterations": 25,
  "optimization_result": {
    "fun": 1.5982574954389759,
    "jac": [
      3.7747582857123984e-07,
      -8.881784152372424e-08,
      0.00019999557565716344,
      0.00019999557565716344,
      0.0,
      0.059999983124609926,
      -6.661338151257174e-07
    ],
    "nfev": 264,
    "njev": 33,
    "nit": 25,
    "status": 0,
    "message": "CONVERGENCE: NORM OF PROJECTED GRADIENT <= PGTOL",
    "x": [
      0.4515279122149812,
      0.9560355822920508,
      0.01,
      0.01,
      0.0,
      3.0,
      0.34658831913626575
    ],
    "success": true,
    "hess_inv": "<7x7 LbfgsInvHessProduct with dtype=float64>"
  }
}