{
  "success": true,
  "target_entropies": [
    0.1,
    0.4,
    0.9,
    1.5
  ],
  "achieved_entropies": [
    0.38680692877273204,
    0.5417126418343908,
    0.386806928772732,
    1.121199276335221e-15
  ],
  "parameters": {
    "entanglement_strength": 0.6009036089641723,
    "weight": 0.6028237055502312,
    "gamma": 0.09040007154304977,
    "sigma": 9.275554161057408e-10,
    "init_angle": 0.5868786141555202,
    "timesteps": 3,
    "asymmetry_strength": 9.275532789264184e-10
  },
  "loss": 0.7546977563801263,
  "iterations": 3,
  "optimization_result": {
    "fun": 0.7546977563801263,
    "direc": [
      [
        1.0,
        0.0,
        0.0,
        0.0,
        0.0,
        0.0,
        0.0
      ],
      [
        0.0,
        1.0,
        0.0,
        0.0,
        0.0,
        0.0,
        0.0
      ],
      [
        0.0,
        0.0,
        0.0,
        0.0,
        0.0,
        0.0,
        1.0
      ],
      [
        0.0,
        0.0,
        0.0,
        1.0,
        0.0,
        0.0,
        0.0
      ],
      [
        0.0,
        0.0,
        0.0,
        0.0,
        1.0,
        0.0,
        0.0
      ],
      [
        0.0,
        0.0,
        0.0,
        0.0,
        0.0,
        1.0,
        0.0
      ],
      [
        -5.4859759448333266e-05,
        0.0003348594636404257,
        -0.024209361926620456,
        3.5893351160657637e-09,
        0.0005439923452604368,
        0.0,
        3.5893351160657637e-09
      ]
    ],
    "nit": 3,
    "nfev": 427,
    "status": 0,
    "success": true,
    "message": "Optimization terminated successfully.",
    "x": [
      0.6009036089641723,
      0.6028237055502312,
      0.09040007154304977,
      9.275554161057408e-10,
      0.5868786141555202,
      3.0,
      9.275532789264184e-10
    ]
  }
}