{
  "success": true,
  "target_entropies": [
    0.1,
    0.4,
    0.9,
    1.5,
    2.0,
    2.3
  ],
  "achieved_entropies": [
    0.7571120406543828,
    1.3584194721490788,
    1.6353938012563618,
    1.3584194721490783,
    0.7571120406543826,
    2.5627412030519317e-15
  ],
  "parameters": {
    "entanglement_strength": 2.4358027391544796,
    "weight": 1.882696299392883,
    "gamma": 0.01,
    "sigma": 0.01,
    "init_angle": 0.0,
    "timesteps": 3,
    "asymmetry_strength": 0.4829317489575208
  },
  "loss": 1.6447749819474815,
  "iterations": 24,
  "optimization_result": {
    "fun": 1.6447749819474815,
    "jac": [
      -6.217248975686027e-06,
      -5.839773145019375e-06,
      0.00019999557565716344,
      0.00019999557565716344,
      0.0,
      0.06000000532907055,
      -5.329070521005739e-07
    ],
    "nfev": 240,
    "njev": 30,
    "nit": 24,
    "status": 0,
    "message": "CONVERGENCE: NORM OF PROJECTED GRADIENT <= PGTOL",
    "x": [
      2.4358027391544796,
      1.882696299392883,
      0.01,
      0.01,
      0.0,
      3.0,
      0.4829317489575208
    ],
    "success": true,
    "hess_inv": "<7x7 LbfgsInvHessProduct with dtype=float64>"
  }
}