{
  "lorentzian_solution": {
    "stationary_edge_lengths": [
      0.001000000000015433,
      0.0010000000000000009,
      3.7988955744474087,
      1.0055492751141202,
      0.7577727588269199,
      0.0010000000000000009,
      0.0010000000000027764,
      0.001000000000000445,
      0.0010000000000005005,
      0.0010000000000021103,
      0.0010000000000000009,
      0.09682747002600395,
      0.6048982133677231,
      0.001000000000000223,
      0.0010000000000000009,
      0.0010000000000023879,
      0.0010000000000031095,
      0.008412504520706743,
      2.0230075654184287,
      0.7805173341270866,
      0.025808686256894586,
      0.08715006793307195,
      0.41212650796595346,
      0.001000000000000667,
      0.7059951740840739,
      0.001000000000001,
      11.487642787675474,
      0.6960121231050851,
      0.0010000000000021103,
      0.001000000000002721,
      1.4238290803562572,
      0.563091121867698,
      5.754438912641797,
      9.643699255244657,
      0.6225361574184219,
      3.5885645219941407,
      0.5961815231668761,
      0.5775781632343812,
      0.6194038962761415,
      0.6763710914846935,
      8.766998084265095,
      0.6016049189511711,
      2.9910693366225463,
      6.378400803916885,
      5.324511450981971,
      0.5227685928712669,
      0.7220799981409811,
      5.6394474830675145,
      8.47540361762557,
      0.6058877225068519,
      3.543620528459499,
      0.0010000000000061071,
      0.00100000000000533,
      0.700874144934271,
      0.9927983304220436,
      0.0010000000000046638,
      0.0010000000000643938,
      0.3589739188135826,
      0.6280300061044045,
      1.1768151170135333,
      0.8205915004999957,
      0.9114585856946446,
      1.1633063543866615,
      0.895824756266789,
      0.8579579488364892,
      0.9957811041110252,
      1.1942601816442402,
      0.8968221086046002,
      1.0688542189623513,
      1.104647846131487,
      0.8950550175969599,
      1.0912865394447437
    ],
    "stationary_action": 7.499973397040515e-12,
    "all_edges": [
      [
        [
          0,
          0
        ],
        [
          1,
          0
        ]
      ],
      [
        [
          0,
          0
        ],
        [
          11,
          0
        ]
      ],
      [
        [
          0,
          0
        ],
        [
          2,
          0
        ]
      ],
      [
        [
          0,
          0
        ],
        [
          10,
          0
        ]
      ],
      [
        [
          0,
          0
        ],
        [
          3,
          0
        ]
      ],
      [
        [
          0,
          0
        ],
        [
          9,
          0
        ]
      ],
      [
        [
          1,
          0
        ],
        [
          2,
          0
        ]
      ],
      [
        [
          1,
          0
        ],
        [
          4,
          0
        ]
      ],
      [
        [
          1,
          0
        ],
        [
          10,
          0
        ]
      ],
      [
        [
          2,
          0
        ],
        [
          3,
          0
        ]
      ],
      [
        [
          2,
          0
        ],
        [
          4,
          0
        ]
      ],
      [
        [
          2,
          0
        ],
        [
          5,
          0
        ]
      ],
      [
        [
          2,
          0
        ],
        [
          11,
          0
        ]
      ],
      [
        [
          3,
          0
        ],
        [
          4,
          0
        ]
      ],
      [
        [
          3,
          0
        ],
        [
          6,
          0
        ]
      ],
      [
        [
          4,
          0
        ],
        [
          5,
          0
        ]
      ],
      [
        [
          4,
          0
        ],
        [
          6,
          0
        ]
      ],
      [
        [
          4,
          0
        ],
        [
          7,
          0
        ]
      ],
      [
        [
          5,
          0
        ],
        [
          6,
          0
        ]
      ],
      [
        [
          5,
          0
        ],
        [
          8,
          0
        ]
      ],
      [
        [
          6,
          0
        ],
        [
          7,
          0
        ]
      ],
      [
        [
          6,
          0
        ],
        [
          8,
          0
        ]
      ],
      [
        [
          6,
          0
        ],
        [
          9,
          0
        ]
      ],
      [
        [
          7,
          0
        ],
        [
          8,
          0
        ]
      ],
      [
        [
          7,
          0
        ],
        [
          10,
          0
        ]
      ],
      [
        [
          8,
          0
        ],
        [
          9,
          0
        ]
      ],
      [
        [
          8,
          0
        ],
        [
          10,
          0
        ]
      ],
      [
        [
          8,
          0
        ],
        [
          11,
          0
        ]
      ],
      [
        [
          9,
          0
        ],
        [
          10,
          0
        ]
      ],
      [
        [
          10,
          0
        ],
        [
          11,
          0
        ]
      ],
      [
        [
          0,
          1
        ],
        [
          1,
          1
        ]
      ],
      [
        [
          0,
          1
        ],
        [
          11,
          1
        ]
      ],
      [
        [
          0,
          1
        ],
        [
          2,
          1
        ]
      ],
      [
        [
          0,
          1
        ],
        [
          10,
          1
        ]
      ],
      [
        [
          0,
          1
        ],
        [
          3,
          1
        ]
      ],
      [
        [
          0,
          1
        ],
        [
          9,
          1
        ]
      ],
      [
        [
          1,
          1
        ],
        [
          2,
          1
        ]
      ],
      [
        [
          1,
          1
        ],
        [
          4,
          1
        ]
      ],
      [
        [
          1,
          1
        ],
        [
          10,
          1
        ]
      ],
      [
        [
          2,
          1
        ],
        [
          3,
          1
        ]
      ],
      [
        [
          2,
          1
        ],
        [
          4,
          1
        ]
      ],
      [
        [
          2,
          1
        ],
        [
          5,
          1
        ]
      ],
      [
        [
          2,
          1
        ],
        [
          11,
          1
        ]
      ],
      [
        [
          3,
          1
        ],
        [
          4,
          1
        ]
      ],
      [
        [
          3,
          1
        ],
        [
          6,
          1
        ]
      ],
      [
        [
          4,
          1
        ],
        [
          5,
          1
        ]
      ],
      [
        [
          4,
          1
        ],
        [
          6,
          1
        ]
      ],
      [
        [
          4,
          1
        ],
        [
          7,
          1
        ]
      ],
      [
        [
          5,
          1
        ],
        [
          6,
          1
        ]
      ],
      [
        [
          5,
          1
        ],
        [
          8,
          1
        ]
      ],
      [
        [
          6,
          1
        ],
        [
          7,
          1
        ]
      ],
      [
        [
          6,
          1
        ],
        [
          8,
          1
        ]
      ],
      [
        [
          6,
          1
        ],
        [
          9,
          1
        ]
      ],
      [
        [
          7,
          1
        ],
        [
          8,
          1
        ]
      ],
      [
        [
          7,
          1
        ],
        [
          10,
          1
        ]
