{
  "success": true,
  "target_entropies": [
    0.1,
    0.4,
    0.9,
    1.5
  ],
  "achieved_entropies": [
    0.41939799334767536,
    0.5526136931246205,
    0.41939799334767547,
    3.683940479387151e-15
  ],
  "parameters": {
    "entanglement_strength": 1.3752555755815585,
    "weight": 0.6698780097888735,
    "gamma": 0.17471360091871962,
    "sigma": 0.22986965721182742,
    "init_angle": 0.06932529761096413,
    "timesteps": 3,
    "asymmetry_strength": 0.9781953436862374
  },
  "loss": 0.7754220913216501,
  "iterations": 0,
  "optimization_result": {
    "fun": 0.7754220913216501,
    "jac": [
      0.032254621392185934,
      0.0675260399756004,
      0.005746425560642505,
      0.004597389138471651,
      0.011496070768058118,
      0.059999994226840235,
      0.01956390595243074
    ],
    "nfev": 128,
    "njev": 16,
    "nit": 0,
    "status": 2,
    "message": "ABNORMAL: ",
    "x": [
      1.3752555755815585,
      0.6698780097888735,
      0.17471360091871962,
      0.22986965721182742,
      0.06932529761096413,
      3.0,
      0.9781953436862374
    ],
    "success": false,
    "hess_inv": "<7x7 LbfgsInvHessProduct with dtype=float64>"
  },
  "warning": "Used fallback parameters due to: ABNORMAL: "
}