{
  "run": 1,
  "cut_size": 6,
  "entropy": 5.999999999907667,
  "valid": true,
  "marginal_probs": [
    0.01562499999999998,
    0.01562499999999998,
    0.01562499999999998,
    0.01562499999999998,
    0.015624999999999986,
    0.015624999999999986,
    0.015624999999999986,
    0.015624999999999986,
    0.015624999999999986,
    0.015624999999999986,
    0.015624999999999986,
    0.015624999999999986,
    0.01562499999999998,
    0.01562499999999998,
    0.01562499999999998,
    0.01562499999999998,
    0.01562499999999998,
    0.01562499999999998,
    0.01562499999999998,
    0.01562499999999998,
    0.015624999999999986,
    0.015624999999999986,
    0.015624999999999986,
    0.015624999999999986,
    0.015624999999999986,
    0.015624999999999986,
    0.015624999999999986,
    0.015624999999999986,
    0.01562499999999998,
    0.01562499999999998,
    0.01562499999999998,
    0.01562499999999998,
    0.01562499999999998,
    0.01562499999999998,
    0.01562499999999998,
    0.01562499999999998,
    0.015624999999999986,
    0.015624999999999986,
    0.015624999999999986,
    0.015624999999999986,
    0.015624999999999986,
    0.015624999999999986,
    0.015624999999999986,
    0.015624999999999986,
    0.01562499999999998,
    0.01562499999999998,
    0.01562499999999998,
    0.01562499999999998,
    0.01562499999999998,
    0.01562499999999998,
    0.01562499999999998,
    0.01562499999999998,
    0.015624999999999986,
    0.015624999999999986,
    0.015624999999999986,
    0.015624999999999986,
    0.015624999999999986,
    0.015624999999999986,
    0.015624999999999986,
    0.015624999999999986,
    0.01562499999999998,
    0.01562499999999998,
    0.01562499999999998,
    0.01562499999999998
  ]
}