{
  "run": 1,
  "cut_size": 3,
  "entropy": 2.9999999999884586,
  "valid": true,
  "marginal_probs": [
    0.12499999999999989,
    0.12499999999999997,
    0.12499999999999989,
    0.12499999999999997,
    0.12499999999999989,
    0.12499999999999997,
    0.12499999999999989,
    0.12499999999999997
  ]
}