{
  "linear_fit": {
    "slope": 0.9999999999731036,
    "intercept": 5.523626001036064e-11,
    "r_squared": 0.9999999999999998,
    "adjusted_r_squared": 0.9999999999999998,
    "p_value": 2.495038230914433e-40,
    "std_err": 6.66400187444582e-09,
    "se_regression": 3.472060570639048e-11,
    "ci_slope": [
      0.9999999828427415,
      1.0000000171034658
    ],
    "ci_intercept": [
      -2.0195581363806887e-11,
      1.3066810138452818e-10
    ],
    "chi_squared": Infinity,
    "chi_squared_p_value": 0.0,
    "y_pred": [
      1.00000000002834,
      2.0000000000014433,
      2.999999999974547,
      3.9999999999476508,
      4.999999999920755,
      5.999999999893857,
      6.9999999998669615
    ],
    "residuals": [
      -3.1225355634489915e-11,
      -7.214007169409342e-12,
      1.3911538587763062e-11,
      2.9266367107538827e-11,
      3.3079317063311464e-11,
      1.3809398069497547e-11,
      -5.162892335874858e-11
    ]
  },
  "statistical_results": {
    "1": {
      "mean": 0.9999999999971146,
      "std": 0.0,
      "sem": 0.0,
      "ci_lower": 0.9999999999971146,
      "ci_upper": 0.9999999999971146,
      "bootstrap_std": 2.220446049250313e-16,
      "all_values": [
        0.9999999999971146
      ]
    },
    "2": {
      "mean": 1.9999999999942293,
      "std": 0.0,
      "sem": 0.0,
      "ci_lower": 1.9999999999942293,
      "ci_upper": 1.9999999999942293,
      "bootstrap_std": 4.440892098500626e-16,
      "all_values": [
        1.9999999999942293
      ]
    },
    "3": {
      "mean": 2.9999999999884586,
      "std": 0.0,
      "sem": 0.0,
      "ci_lower": 2.9999999999884586,
      "ci_upper": 2.9999999999884586,
      "bootstrap_std": 4.440892098500626e-16,
      "all_values": [
        2.9999999999884586
      ]
    },
    "4": {
      "mean": 3.999999999976917,
      "std": 0.0,
      "sem": 0.0,
      "ci_lower": 3.999999999976917,
      "ci_upper": 3.999999999976917,
      "bootstrap_std": 8.881784197001252e-16,
      "all_values": [
        3.999999999976917
      ]
    },
    "5": {
      "mean": 4.999999999953834,
      "std": 0.0,
      "sem": 0.0,
      "ci_lower": 4.999999999953834,
      "ci_upper": 4.999999999953834,
      "bootstrap_std": 0.0,
      "all_values": [
        4.999999999953834
      ]
    },
    "6": {
      "mean": 5.999999999907667,
      "std": 0.0,
      "sem": 0.0,
      "ci_lower": 5.999999999907667,
      "ci_upper": 5.999999999907667,
      "bootstrap_std": 1.7763568394002505e-15,
      "all_values": [
        5.999999999907667
      ]
    },
    "7": {
      "mean": 6.999999999815333,
      "std": 0.0,
      "sem": 0.0,
      "ci_lower": 6.999999999815333,
      "ci_upper": 6.999999999815333,
      "bootstrap_std": 1.7763568394002505e-15,
      "all_values": [
        6.999999999815333
      ]
    }
  },
  "experiment_info": {
    "name": "boundary_vs_bulk_entropy_enhanced_20250722_141428",
    "device": "ibm_brisbane",
    "backend_info": {
      "name": "ibm_brisbane",
      "type": "hardware",
      "num_qubits": 127,
      "basis_gates": [
        "ecr",
        "id",
        "rz",
        "sx",
        "x"
      ]
    },
    "shots": 1024,
    "num_qubits": 8,
    "num_runs": 1,
    "timestamp": "20250722_141428"
  }
}