{
  "success": true,
  "target_entropies": [
    0.1,
    0.4,
    0.9,
    1.5,
    2.0,
    2.3,
    2.5,
    2.6,
    2.7
  ],
  "achieved_entropies": [
    0.5939614427608282,
    1.2286808827105753,
    1.755328542369025,
    1.8362859004928926,
    2.389362115828763,
    2.732655838619097,
    2.808115068438193,
    2.6672396236552234,
    2.9617534372135457
  ],
  "parameters": {
    "entanglement_strength": 0.9941549976222862,
    "weight": 0.5540650968545775,
    "gamma": 0.49007416764525014,
    "sigma": 0.21447635673578336,
    "init_angle": 2.103479229346249,
    "timesteps": 3,
    "asymmetry_strength": 0.8819295439008983
  },
  "loss": 0.0,
  "iterations": 0,
  "optimization_result": null,
  "message": "Skipped for large system"
}