{
  "success": true,
  "target_entropies": [
    0.1,
    0.4,
    0.9,
    1.5
  ],
  "achieved_entropies": [
    0.37704827379032785,
    0.5441347245870481,
    0.37704827379032785,
    3.683940479387151e-15
  ],
  "parameters": {
    "entanglement_strength": 0.562869573822918,
    "weight": 0.9228443689259884,
    "gamma": 0.0012704372239183228,
    "sigma": -3.9062525347953467e-05,
    "init_angle": 0.02071773369229068,
    "timesteps": 2,
    "asymmetry_strength": -8.932984562706826e-05
  },
  "loss": 0.7069412155409103,
  "iterations": 8,
  "optimization_result": {
    "fun": 0.7069412155409103,
    "direc": [
      [
        0.0,
        0.0,
        0.0,
        0.0,
        0.0,
        0.0,
        1.0
      ],
      [
        0.0,
        1.0,
        0.0,
        0.0,
        0.0,
        0.0,
        0.0
      ],
      [
        0.0,
        0.0,
        1.0,
        0.0,
        0.0,
        0.0,
        0.0
      ],
      [
        0.0,
        0.0,
        0.0,
        1.0,
        0.0,
        0.0,
        0.0
      ],
      [
        0.19434528440797036,
        -0.06287734307623197,
        0.07670595138936069,
        -0.0023036341024291244,
        -0.3438705996176232,
        0.0,
        -0.005268048517033605
      ],
      [
        0.0,
        0.0,
        0.0,
        0.0,
        0.0,
        1.0,
        0.0
      ],
      [
        -0.04817855903175881,
        0.03770013778861033,
        0.012290560731756163,
        0.0006287698183756047,
        -0.14707748031547996,
        0.0,
        0.001437897583609964
      ]
    ],
    "nit": 8,
    "nfev": 932,
    "status": 0,
    "success": true,
    "message": "Optimization terminated successfully.",
    "x": [
      0.562869573822918,
      0.9228443689259884,
      0.0012704372239183228,
      -3.9062525347953467e-05,
      0.02071773369229068,
      2.0,
      -8.932984562706826e-05
    ]
  }
}