{
  "success": true,
  "target_entropies": [
    0.1,
    0.4,
    0.9,
    1.5,
    2.0,
    2.3,
    2.5,
    2.6,
    2.7
  ],
  "achieved_entropies": [
    0.5,
    1.0,
    1.5,
    1.6,
    2.0,
    2.3999999999999995,
    2.5,
    2.5,
    2.5
  ],
  "parameters": {
    "entanglement_strength": 2.837196669023088,
    "weight": 1.684756082247703,
    "gamma": 1.2507040484254717,
    "sigma": 1.3741605987596999,
    "init_angle": 3.7186615569185193,
    "timesteps": 4,
    "asymmetry_strength": 1.7750118867592022
  },
  "loss": 2.55,
  "iterations": 1,
  "optimization_result": {
    "fun": 2.55,
    "direc": [
      [
        1.0,
        0.0,
        0.0,
        0.0,
        0.0,
        0.0,
        0.0
      ],
      [
        0.0,
        1.0,
        0.0,
        0.0,
        0.0,
        0.0,
        0.0
      ],
      [
        0.0,
        0.0,
        1.0,
        0.0,
        0.0,
        0.0,
        0.0
      ],
      [
        0.0,
        0.0,
        0.0,
        1.0,
        0.0,
        0.0,
        0.0
      ],
      [
        0.0,
        0.0,
        0.0,
        0.0,
        1.0,
        0.0,
        0.0
      ],
      [
        0.0,
        0.0,
        0.0,
        0.0,
        0.0,
        1.0,
        0.0
      ],
      [
        0.0,
        0.0,
        0.0,
        0.0,
        0.0,
        0.0,
        1.0
      ]
    ],
    "nit": 1,
    "nfev": 22,
    "status": 0,
    "success": true,
    "message": "Optimization terminated successfully.",
    "x": [
      2.837196669023088,
      1.684756082247703,
      1.2507040484254717,
      1.3741605987596999,
      3.7186615569185193,
      4.0,
      1.7750118867592022
    ]
  },
  "runtime_seconds": 7.175886869430542,
  "cache_hits": 15
}