{
  "success": true,
  "target_entropies": [
    0.1,
    0.4,
    0.9,
    1.5
  ],
  "achieved_entropies": [
    2.202355721372754e-15,
    2.3491794361309376e-15,
    2.2423985526704407e-15,
    2.2423985526704407e-15
  ],
  "parameters": {
    "entanglement_strength": -3.760545580566891e-11,
    "weight": 1.710867591266284,
    "gamma": -3.858001812464135e-08,
    "sigma": -3.1638962345929235e-11,
    "init_angle": 0.6437394426496096,
    "timesteps": 3,
    "asymmetry_strength": 3.0294884397675123e-08
  },
  "loss": 0.779966701659166,
  "iterations": 2,
  "optimization_result": {
    "fun": 0.779966701659166,
    "direc": [
      [
        1.0,
        0.0,
        0.0,
        0.0,
        0.0,
        0.0,
        0.0
      ],
      [
        0.0,
        1.0,
        0.0,
        0.0,
        0.0,
        0.0,
        0.0
      ],
      [
        0.0,
        0.0,
        1.0,
        0.0,
        0.0,
        0.0,
        0.0
      ],
      [
        0.0,
        0.0,
        0.0,
        1.0,
        0.0,
        0.0,
        0.0
      ],
      [
        0.0,
        0.0,
        0.0,
        0.0,
        1.0,
        0.0,
        0.0
      ],
      [
        0.0,
        0.0,
        0.0,
        0.0,
        0.0,
        1.0,
        0.0
      ],
      [
        0.0,
        0.0,
        0.0,
        0.0,
        0.0,
        0.0,
        1.0
      ]
    ],
    "nit": 2,
    "nfev": 335,
    "status": 0,
    "success": true,
    "message": "Optimization terminated successfully.",
    "x": [
      -3.760545580566891e-11,
      1.710867591266284,
      -3.858001812464135e-08,
      -3.1638962345929235e-11,
      0.6437394426496096,
      3.0,
      3.0294884397675123e-08
    ]
  }
}