{
  "success": true,
  "target_entropies": [
    0.1,
    0.4,
    0.9,
    1.5
  ],
  "achieved_entropies": [
    1.0010707824421615e-15,
    1.1211992763352207e-15,
    1.1211992763352207e-15,
    1.2813706015259665e-15
  ],
  "parameters": {
    "entanglement_strength": -3.7683549327114046e-11,
    "weight": 1.7116522947822352,
    "gamma": 0.029454040677426182,
    "sigma": -3.163385532001596e-11,
    "init_angle": 0.6416243801141966,
    "timesteps": 3,
    "asymmetry_strength": 3.163785300736862e-11
  },
  "loss": 0.7799469747798997,
  "iterations": 2,
  "optimization_result": {
    "fun": 0.7799469747798997,
    "direc": [
      [
        1.0,
        0.0,
        0.0,
        0.0,
        0.0,
        0.0,
        0.0
      ],
      [
        0.0,
        1.0,
        0.0,
        0.0,
        0.0,
        0.0,
        0.0
      ],
      [
        0.0,
        0.0,
        1.0,
        0.0,
        0.0,
        0.0,
        0.0
      ],
      [
        0.0,
        0.0,
        0.0,
        1.0,
        0.0,
        0.0,
        0.0
      ],
      [
        0.0,
        0.0,
        0.0,
        0.0,
        1.0,
        0.0,
        0.0
      ],
      [
        0.0,
        0.0,
        0.0,
        0.0,
        0.0,
        1.0,
        0.0
      ],
      [
        0.0,
        0.0,
        0.0,
        0.0,
        0.0,
        0.0,
        1.0
      ]
    ],
    "nit": 2,
    "nfev": 327,
    "status": 0,
    "success": true,
    "message": "Optimization terminated successfully.",
    "x": [
      -3.7683549327114046e-11,
      1.7116522947822352,
      0.029454040677426182,
      -3.163385532001596e-11,
      0.6416243801141966,
      3.0,
      3.163785300736862e-11
    ]
  }
}