{
  "pattern": "alternating",
  "num_injections": 10,
  "gap_cycles": 100,
  "mi_matrix": [
    [
      0.0,
      1.1401719598680415e-05,
      6.851017787057323e-05,
      1.1401719598680415e-05,
      6.851017787057323e-05
    ],
    [
      1.1401719598680415e-05,
      0.0,
      0.00031731729729433944,
      0.9996893340340367,
      0.00031731729729433944
    ],
    [
      6.851017787057323e-05,
      0.00031731729729433944,
      0.0,
      0.00031731729729433944,
      0.9998746210125278
    ],
    [
      1.1401719598680415e-05,
      0.9996893340340367,
      0.00031731729729433944,
      0.0,
      0.00031731729729433944
    ],
    [
      6.851017787057323e-05,
      0.00031731729729433944,
      0.9998746210125278,
      0.00031731729729433944,
      0.0
    ]
  ],
  "coords_2d": [
    [
      19106.288910354215,
      32856.79069806875
    ],
    [
      -8744.26249498187,
      -15023.999597573733
    ],
    [
      -813.2932961153855,
      -1401.8300424913875
    ],
    [
      -8734.971463657821,
      -15029.404559417282
    ],
    [
      -813.7616555991422,
      -1401.556498586352
    ]
  ],
  "coords_3d": [
    [
      -8131.293848250626,
      27056.735442549667,
      25425.067191404916
    ],
    [
      3725.621606332382,
      -12371.950712056567,
      -11629.156849039478
    ],
    [
      346.54983096955533,
      -1153.6277785006916,
      -1084.258289661156
    ],
    [
      3712.23646490767,
      -12377.359305559641,
      -11627.681930596063
    ],
    [
      346.8859460410198,
      -1153.7976464327703,
      -1083.9701221082155
    ]
  ],
  "curvature": 3.717026686445024e-13
}