{
  "pattern": "oscillating",
  "num_injections": 10,
  "gap_cycles": 100,
  "mi_matrix": [
    [
      0.0,
      0.00028723935624985764,
      0.00019251738992509537,
      0.00028723935624985764,
      0.00019251738992509537
    ],
    [
      0.00028723935624985764,
      0.0,
      7.226728402365268e-07,
      0.999845210075342,
      7.226728402365268e-07
    ],
    [
      0.00019251738992509537,
      7.226728402365268e-07,
      0.0,
      7.226728402365268e-07,
      0.9997581358780705
    ],
    [
      0.00028723935624985764,
      0.999845210075342,
      7.226728402365268e-07,
      0.0,
      7.226728402365268e-07
    ],
    [
      0.00019251738992509537,
      7.226728402365268e-07,
      0.9997581358780705,
      7.226728402365268e-07,
      0.0
    ]
  ],
  "coords_2d": [
    [
      644.8585301560181,
      -213.44172868527923
    ],
    [
      221158.41374475523,
      -72988.0575782899
    ],
    [
      -221422.37242255217,
      73271.43207640742
    ],
    [
      221031.23444423534,
      -73372.29667391909
    ],
    [
      -221412.13429659442,
      73302.36390448685
    ]
  ],
  "coords_3d": [
    [
      573.4530407441179,
      -357.0694021869464,
      71.05218169685962
    ],
    [
      196585.2522880237,
      -122460.1772032616,
      24413.613120089536
    ],
    [
      -196949.1876369899,
      122506.7529788512,
      -24489.150045868162
    ],
    [
      196642.51975248806,
      -122389.17489645618,
      24308.23352147493
    ],
    [
      -196852.03744426602,
      122699.66852305355,
      -24303.748777393164
    ]
  ],
  "curvature": -1.6773249456036865e-13
}