{
  "pattern": "time_gaps",
  "num_injections": 10,
  "gap_cycles": 100,
  "mi_matrix": [
    [
      0.0,
      3.879925196037526e-05,
      7.1647461705737214e-06,
      3.879925196037526e-05,
      7.1647461705737214e-06
    ],
    [
      3.879925196037526e-05,
      0.0,
      0.00011319181640012665,
      0.9999772551720099,
      0.00011319181640012665
    ],
    [
      7.1647461705737214e-06,
      0.00011319181640012665,
      0.0,
      0.00011319181640012665,
      0.9998746210125278
    ],
    [
      3.879925196037526e-05,
      0.9999772551720099,
      0.00011319181640012665,
      0.0,
      0.00011319181640012665
    ],
    [
      7.1647461705737214e-06,
      0.00011319181640012665,
      0.9998746210125278,
      0.00011319181640012665,
      0.0
    ]
  ],
  "coords_2d": [
    [
      59039.73818151971,
      462.6196124531118
    ],
    [
      -1522.3104414761654,
      -10.173924081296335
    ],
    [
      -27997.510343804934,
      -227.3865074751677
    ],
    [
      -1522.2542000291028,
      -17.535212061705558
    ],
    [
      -27997.663196209505,
      -207.52396883494225
    ]
  ],
  "coords_3d": [
    [
      -9495.494090192751,
      -53956.14851375496,
      -22010.773490992426
    ],
    [
      243.9490757173254,
      1391.6383597792524,
      566.8916419350111
    ],
    [
      4516.900942007726,
      25586.434745294646,
      10432.842585412249
    ],
    [
      243.7127184081478,
      1391.8482959101666,
      566.4812589296781
    ],
    [
      4490.931354059553,
      25586.227112770895,
      10444.558004715493
    ]
  ],
  "curvature": -8.305356402615871e-13
}