{
  "pattern": "prolonged",
  "num_injections": 10,
  "gap_cycles": 100,
  "mi_matrix": [
    [
      0.0,
      1.4307787890022183e-05,
      2.765888499789426e-06,
      1.4307787890022183e-05,
      2.765888499789426e-06
    ],
    [
      1.4307787890022183e-05,
      0.0,
      4.375915738674685e-05,
      0.9997893109933733,
      4.375915738674685e-05
    ],
    [
      2.765888499789426e-06,
      4.375915738674685e-05,
      0.0,
      4.375915738674685e-05,
      0.9999984521527034
    ],
    [
      1.4307787890022183e-05,
      0.9997893109933733,
      4.375915738674685e-05,
      0.0,
      4.375915738674685e-05
    ],
    [
      2.765888499789426e-06,
      4.375915738674685e-05,
      0.9999984521527034,
      4.375915738674685e-05,
      0.0
    ]
  ],
  "coords_2d": [
    [
      -130938.1649570316,
      -19260.217515441833
    ],
    [
      4081.8594055410003,
      619.3657950381706
    ],
    [
      61390.85538422141,
      8985.964262339341
    ],
    [
      4082.6304888751897,
      614.0990827586293
    ],
    [
      61382.819678393986,
      9040.788375305692
    ]
  ],
  "coords_3d": [
    [
      83968.80044443803,
      27401.29525772181,
      98560.47272509505
    ],
    [
      -2616.9282270466374,
      -855.3942295343381,
      -3076.4990131426266
    ],
    [
      -39356.78654226475,
      -12888.09169701759,
      -46200.933404404175
    ],
    [
      -2616.443744957898,
      -855.6844140252314,
      -3076.83140942564
    ],
    [
      -39378.641930168735,
      -12802.124917144647,
      -46206.20889812261
    ]
  ],
  "curvature": -2.5422330907076686e-12
}