{
  "success": true,
  "target_entropies": [
    0.1,
    0.4,
    0.9,
    1.5,
    2.0
  ],
  "achieved_entropies": [
    0.5365832128569716,
    0.8474654755764686,
    0.8474654755764689,
    0.5365832128569716,
    2.2423985526704407e-15
  ],
  "parameters": {
    "entanglement_strength": 0.9119769224233617,
    "weight": 0.6368758106019661,
    "gamma": 0.11123578390173584,
    "sigma": 0.17095244115610955,
    "init_angle": 1.9303341714497404,
    "timesteps": 2,
    "asymmetry_strength": 0.4200311585945515
  },
  "loss": 1.1784904338696618,
  "iterations": 5,
  "optimization_result": {
    "fun": 1.1784904338696618,
    "jac": [
      0.04561482280069011,
      0.09889959912400295,
      -0.00151674228812025,
      0.0034190428284352654,
      0.021736856891096622,
      0.049929038984726795,
      0.00840061354255042
    ],
    "nfev": 72,
    "njev": 9,
    "nit": 5,
    "status": 1,
    "message": "STOP: TOTAL NO. OF ITERATIONS REACHED LIMIT",
    "x": [
      0.9119769224233617,
      0.6368758106019661,
      0.11123578390173584,
      0.17095244115610955,
      1.9303341714497404,
      2.4964526123388575,
      0.4200311585945515
    ],
    "success": false,
    "hess_inv": "<7x7 LbfgsInvHessProduct with dtype=float64>"
  },
  "warning": "Used fallback parameters due to: STOP: TOTAL NO. OF ITERATIONS REACHED LIMIT"
}