{
  "success": true,
  "target_entropies": [
    0.1,
    0.4,
    0.9,
    1.5,
    2.0,
    2.3,
    2.5,
    2.6
  ],
  "achieved_entropies": [
    0.6811669198991686,
    1.2348776877652117,
    1.6061488829952761,
    1.7403910126050393,
    1.6061488829952761,
    1.2348776877652117,
    0.6811669198991686,
    -1.2813706015259676e-15
  ],
  "parameters": {
    "entanglement_strength": 0.4605638250103618,
    "weight": 1.1512888164701698,
    "gamma": 0.20895827454448476,
    "sigma": 1.3073791773499112e-08,
    "init_angle": 0.9038026281914331,
    "timesteps": 2,
    "asymmetry_strength": 1.9297753057603167e-09
  },
  "loss": 1.6826020575038083,
  "iterations": 3,
  "optimization_result": {
    "fun": 1.6826020575038083,
    "direc": [
      [
        1.0,
        0.0,
        0.0,
        0.0,
        0.0,
        0.0,
        0.0
      ],
      [
        0.0,
        1.0,
        0.0,
        0.0,
        0.0,
        0.0,
        0.0
      ],
      [
        0.0,
        0.0,
        0.0,
        0.0,
        0.0,
        0.0,
        1.0
      ],
      [
        0.0,
        0.0,
        0.0,
        1.0,
        0.0,
        0.0,
        0.0
      ],
      [
        0.0,
        0.0,
        0.0,
        0.0,
        1.0,
        0.0,
        0.0
      ],
      [
        0.0,
        0.0,
        0.0,
        0.0,
        0.0,
        1.0,
        0.0
      ],
      [
        0.0021585677751711587,
        -0.0022799188673867286,
        -0.07719442144632241,
        5.809619406906203e-08,
        -0.030783552037961237,
        0.0,
        8.575394626690275e-09
      ]
    ],
    "nit": 3,
    "nfev": 430,
    "status": 2,
    "success": false,
    "message": "Maximum number of iterations has been exceeded.",
    "x": [
      0.4605638250103618,
      1.1512888164701698,
      0.20895827454448476,
      1.3073791773499112e-08,
      0.9038026281914331,
      2.0,
      1.9297753057603167e-09
    ]
  }
}