{
  "success": true,
  "target_entropies": [
    0.2,
    0.7,
    1.3,
    1.8
  ],
  "achieved_entropies": [
    0.5457907337955793,
    0.751792164718728,
    0.5457907337955795,
    4.805139755722375e-16
  ],
  "parameters": {
    "entanglement_strength": 1.2018986948204908,
    "weight": 0.8090928904575755,
    "gamma": 0.07005989562162984,
    "sigma": 0.2933405167370475,
    "init_angle": 0.08969678520827451,
    "timesteps": 2,
    "asymmetry_strength": 0.6180012591000796
  },
  "loss": 1.061502566726269,
  "iterations": 5,
  "optimization_result": {
    "fun": 1.061502566726269,
    "jac": [
      -0.030421709780771806,
      -0.26978523723795034,
      0.0036695535518435434,
      0.005866795941035722,
      -0.004031663893745883,
      0.046013060308469696,
      0.012360024053203753
    ],
    "nfev": 72,
    "njev": 9,
    "nit": 5,
    "status": 1,
    "message": "STOP: TOTAL NO. OF ITERATIONS REACHED LIMIT",
    "x": [
      1.2018986948204908,
      0.8090928904575755,
      0.07005989562162984,
      0.2933405167370475,
      0.08969678520827451,
      2.300653135312448,
      0.6180012591000796
    ],
    "success": false,
    "hess_inv": "<7x7 LbfgsInvHessProduct with dtype=float64>"
  },
  "warning": "Used fallback parameters due to: STOP: TOTAL NO. OF ITERATIONS REACHED LIMIT"
}