{
  "geometric_locality": {
    "nearest_neighbor_correlation": 0.47843033592196954,
    "distance_decay_rate": 0.0,
    "distance_decay_r2": 0.0,
    "locality_score": 0.8560525372666433,
    "nonlocal_correlation_fraction": 2.0
  },
  "graph_structure": {
    "num_nodes": 12,
    "num_edges": 12,
    "density": 0.18181818181818182,
    "average_degree": 2.0,
    "is_connected": false,
    "num_components": 3,
    "largest_component_size": 9,
    "average_clustering": 0.06944444444444443,
    "transitivity": 0.14285714285714285,
    "max_eigenvector": 0.47032285225739656,
    "max_betweenness": 0.24545454545454545,
    "max_closeness": 0.4475524475524476,
    "num_communities": 4,
    "modularity": 0.30902777777777785,
    "community_sizes": [
      5,
      4,
      2,
      1
    ],
    "largest_community_size": 5
  },
  "mds_visualization": {
    "coords_2d": [
      [
        0.2980800425849055,
        0.0301708771283251
      ],
      [
        -0.4820275074229924,
        0.020191439394977286
      ],
      [
        0.153969981569886,
        0.06062790102348328
      ],
      [
        -0.1174360761583185,
        -0.051815832539577174
      ],
      [
        -0.00548560320678425,
        0.25489089558100747
      ],
      [
        0.034719452648553785,
        0.45446814196612323
      ],
      [
        0.2867942932073575,
        0.17284289225993302
      ],
      [
        0.10886185482442315,
        -0.3476768208210078
      ],
      [
        -0.35163526496610786,
        -0.33081649098555294
      ],
      [
        -0.19504616871447913,
        0.14822927224620802
      ],
      [
        0.2937172057703454,
        -0.2687450225988392
      ],
      [
        -0.024512210136789035,
        -0.14236725265508016
      ]
    ],
    "stress_2d": 1.4202880263271442,
    "coords_3d": [
      [
        -0.07913297567145856,
        0.12152627205009094,
        0.304961468971491
      ],
      [
        0.40407474957690265,
        -0.10963910834548714,
        -0.22240654905170015
      ],
      [
        -0.0053345148291457,
        0.0274613879721764,
        0.23902601273641616
      ],
      [
        0.1841729532276848,
        0.1353457801927199,
        0.15528418533573704
      ],
      [
        0.0003030567385241703,
        -0.24608153556058743,
        0.10711348832806769
      ],
      [
        -0.20177149596812904,
        -0.3704289226275467,
        -0.06040601898509519
      ],
      [
        -0.24765484435751184,
        -0.03143759481044491,
        0.15947033426492088
      ],
      [
        -0.09792992134588802,
        0.29102530224264905,
        -0.15919722577232703
      ],
      [
        -0.013539428209708111,
        -0.0838618911934635,
        -0.45844788323857194
      ],
      [
        0.2578530897459782,
        -0.0744791681677495,
        0.05172273231386016
      ],
      [
        -0.3172864974557602,
        0.17184544237636645,
        -0.0824952262402648
      ],
      [
        0.11624582854851162,
        0.16872403587127638,
        -0.03462531866253397
      ]
    ],
    "stress_3d": 0.8215670606994208
  },
  "ryu_takayanagi": {
    "rt_scaling_exponent": -2.091602257625341,
    "rt_power_law_r2": 0.7699722163465508,
    "rt_power_law_params": [
      50.02163223519417,
      -2.091602257625341
    ],
    "rt_consistency_score": -2.091602257625341,
    "area_law_violation": -0.05317549174741987
  },
  "entanglement_spectrum": {}
}