{
  "quantum_metrics": {
    "bell_violation": 0.0014999999999999996,
    "bell_correlation": 0.005999999999999998,
    "bell_violations": 0,
    "purity": 0.0007405000000000172,
    "coherence": 0.0,
    "entanglement_violations": 4,
    "superposition_strength": 0.6862299409496289,
    "measurement_entropy": 7.300413249054093,
    "causal_violations": 0,
    "reconstruction_quality": 1.0,
    "boundary_entropy": 0.0010111123747754832,
    "bulk_boundary_correlation": 0.004458186461203023,
    "quantum_spacetime_score": 0.1791460940949629
  },
  "input_file": "experiment_logs/custom_curvature_experiment/instance_20250730_224708/results_n12_geomS_curv10_ibm_brisbane_KJRBYG.json",
  "validation_method": "hardware_compatible"
}