{
  "success": true,
  "target_entropies": [
    0.1,
    0.4,
    0.9,
    1.5
  ],
  "achieved_entropies": [
    2.3224842152658132e-15,
    2.42926509872631e-15,
    2.082227227479695e-15,
    1.9220559022889496e-15
  ],
  "parameters": {
    "entanglement_strength": 1.6629376172919668e-11,
    "weight": 1.717123395048954,
    "gamma": -4.349121546345755e-11,
    "sigma": 1.662193184521058e-11,
    "init_angle": 0.6381456005140584,
    "timesteps": 3,
    "asymmetry_strength": -3.7149921572767814e-11
  },
  "loss": 0.7799634948263846,
  "iterations": 3,
  "optimization_result": {
    "fun": 0.7799634948263846,
    "direc": [
      [
        1.0,
        0.0,
        0.0,
        0.0,
        0.0,
        0.0,
        0.0
      ],
      [
        0.0,
        0.0,
        0.0,
        0.0,
        0.0,
        0.0,
        1.0
      ],
      [
        0.0,
        0.0,
        1.0,
        0.0,
        0.0,
        0.0,
        0.0
      ],
      [
        0.0,
        0.0,
        0.0,
        1.0,
        0.0,
        0.0,
        0.0
      ],
      [
        0.0,
        0.0,
        0.0,
        0.0,
        1.0,
        0.0,
        0.0
      ],
      [
        0.0,
        0.0,
        0.0,
        0.0,
        0.0,
        1.0,
        0.0
      ],
      [
        2.1280038646848785e-11,
        -0.03725069237529408,
        -2.5344645412395e-11,
        2.1280038646848785e-11,
        0.043796040125681,
        0.0,
        -2.1280038051973728e-11
      ]
    ],
    "nit": 3,
    "nfev": 475,
    "status": 0,
    "success": true,
    "message": "Optimization terminated successfully.",
    "x": [
      1.6629376172919668e-11,
      1.717123395048954,
      -4.349121546345755e-11,
      1.662193184521058e-11,
      0.6381456005140584,
      3.0,
      -3.7149921572767814e-11
    ]
  }
}