{
  "lorentzian_solution": {
    "stationary_edge_lengths": [
      0.8260206371941119,
      1.1795542149013332,
      1.1862528132298236,
      1.1233589392465844,
      0.9218455076693483,
      0.8390688456025536,
      1.0736932106048627,
      0.9760609974958405,
      0.8488152939379116,
      0.9980707640445081,
      0.8137554084460874,
      1.1637281608315129,
      0.9035119926400068,
      1.0650089137415928,
      0.9246844304357644,
      1.0080272084711244,
      1.0186841117373118,
      0.8739417822102109,
      1.1878338511058235,
      1.1100531293444458,
      1.1757995766256757,
      1.1579309401710596,
      1.039159991524434,
      1.1687496940092468,
      0.8353970008207678,
      0.8783931449676581,
      0.8180909155642153,
      0.9301321323053058,
      0.9554709158757928,
      0.9085396127095584,
      1.1314950036607718,
      0.9427013306774357,
      0.9123738038749524,
      1.0170784332632994,
      0.8563696899899051,
      1.120878792301616,
      0.8298202574719084,
      1.1947547746402067,
      1.108897907718663,
      0.879486272613669,
      0.802208846849441,
      1.1261845713819336,
      1.082742937539047,
      1.0916028672163949,
      1.1085081386743783,
      0.8296178606936362,
      0.943386291417709,
      0.8463476238100519,
      1.1452413703502373,
      1.0493192507310232,
      0.9323592099410597,
      0.8254233401144095,
      0.9243929286862649,
      0.9300733288106988,
      1.0918424713352257,
      1.0550229885420852,
      1.1548850970305307,
      0.9888859700647797,
      0.8478376983753207,
      1.085297914889198,
      1.1043140194467589,
      1.0245108790277986,
      1.1083868719818244,
      0.9975182385457563,
      1.0090931317527976,
      0.9710164073434199,
      0.8101676506976381,
      0.8431565707973219,
      0.8125716742746938,
      1.0545641645055122,
      0.9257423924305307,
      1.003428276465881,
      1.1630265895704373,
      0.89971689165955,
      0.9641531692142519,
      1.1022204554172195
    ],
    "stationary_action": 0.0,
    "all_edges": [
      [
        [
          0,
          0
        ],
        [
          1,
          0
        ]
      ],
      [
        [
          0,
          0
        ],
        [
          7,
          0
        ]
      ],
      [
        [
          0,
          0
        ],
        [
          2,
          0
        ]
      ],
      [
        [
          0,
          0
        ],
        [
          6,
          0
        ]
      ],
      [
        [
          0,
          0
        ],
        [
          3,
          0
        ]
      ],
      [
        [
          0,
          0
        ],
        [
          5,
          0
        ]
      ],
      [
        [
          1,
          0
        ],
        [
          2,
          0
        ]
      ],
      [
        [
          1,
          0
        ],
        [
          4,
          0
        ]
      ],
      [
        [
          1,
          0
        ],
        [
          6,
          0
        ]
      ],
      [
        [
          2,
          0
        ],
        [
          3,
          0
        ]
      ],
      [
        [
          2,
          0
        ],
        [
          4,
          0
        ]
      ],
      [
        [
          2,
          0
        ],
        [
          5,
          0
        ]
      ],
      [
        [
          2,
          0
        ],
        [
          7,
          0
        ]
      ],
      [
        [
          3,
          0
        ],
        [
          4,
          0
        ]
      ],
      [
        [
          3,
          0
        ],
        [
          6,
          0
        ]
      ],
      [
        [
          4,
          0
        ],
        [
          5,
          0
        ]
      ],
      [
        [
          4,
          0
        ],
        [
          6,
          0
        ]
      ],
      [
        [
          4,
          0
        ],
        [
          7,
          0
        ]
      ],
      [
        [
          5,
          0
        ],
        [
          6,
          0
        ]
      ],
      [
        [
          6,
          0
        ],
        [
          7,
          0
        ]
      ],
      [
        [
          0,
          1
        ],
        [
          1,
          1
        ]
      ],
      [
        [
          0,
          1
        ],
        [
          7,
          1
        ]
      ],
      [
        [
          0,
          1
        ],
        [
          2,
          1
        ]
      ],
      [
        [
          0,
          1
        ],
        [
          6,
          1
        ]
      ],
      [
        [
          0,
          1
        ],
        [
          3,
          1
        ]
      ],
      [
        [
          0,
          1
        ],
        [
          5,
          1
        ]
      ],
      [
        [
          1,
          1
        ],
        [
          2,
          1
        ]
      ],
      [
        [
          1,
          1
        ],
        [
          4,
          1
        ]
      ],
      [
        [
          1,
          1
        ],
        [
          6,
          1
        ]
      ],
      [
        [
          2,
          1
        ],
        [
          3,
          1
        ]
      ],
      [
        [
          2,
          1
        ],
        [
          4,
          1
        ]
      ],
      [
        [
          2,
          1
        ],
        [
          5,
          1
        ]
      ],
      [
        [
          2,
          1
        ],
        [
          7,
          1
        ]
      ],
      [
        [
          3,
          1
        ],
        [
          4,
          1
        ]
      ],
      [
        [
          3,
          1
        ],
        [
          6,
          1
        ]
      ],
      [
        [
          4,
          1
        ],
        [
          5,
          1
        ]
      ],
      [
        [
          4,
          1
        ],
        [
          6,
          1
        ]
      ],
      [
        [
          4,
          1
        ],
        [
          7,
          1
        ]
      ],
      [
        [
          5,
          1
        ],
        [
          6,
          1
        ]
      ],
      [
        [
          6,
          1
        ],
        [
          7,
          1
        ]
      ],
      [
        [
          0,
          2
        ],
        [
          1,
          2
        ]
      ],
      [
        [
          0,
          2
        ],
        [
          7,
          2
        ]
      ],
      [
        [
          0,
          2
        ],
        [
          2,
          2
        ]
      ],
      [
        [
          0,
          2
        ],
        [
          6,
          2
        ]
      ],
      [
        [
          0,
          2
        ],
        [
          3,
          2
        ]
      ],
      [
        [
          0,
          2
        ],
        [
          5,
          2
        ]
      ],
      [
        [
          1,
          2
        ],
        [
          2,
          2
        ]
      ],
      [
        [
          1,
          2
        ],
        [
          4,
          2
        ]
      ],
      [
        [
          1,
          2
        ],
        [
          6,
          2
        ]
      ],
      [
        [
          2,
          2
        ],
        [
          3,
          2
        ]
      ],
      [
        [
          2,
          2
        ],
        [
          4,
          2
        ]
      ],
      [
        [
          2,
          2
        ],
        [
          5,
          2
        ]
      ],
      [
        [
          2,
          2
        ],
        [
          7,
          2
        ]
      ],
      [
        [
          3,
          2
        ],
        [
          4,
          2
        ]
      ],
      [
        [
          3,
          2
        ],
        [
          6,
