{
  "success": true,
  "target_entropies": [
    0.1,
    0.4,
    0.9,
    1.5
  ],
  "achieved_entropies": [
    9.61027951144475e-16,
    9.61027951144475e-16,
    1.121199276335221e-15,
    3.2034265038149176e-16
  ],
  "parameters": {
    "entanglement_strength": 1.1196619748113437,
    "weight": 6.094861329656323e-08,
    "gamma": 2.5958440261407587e-08,
    "sigma": 8.440290840302775e-10,
    "init_angle": 2.4646016930467877e-09,
    "timesteps": 0,
    "asymmetry_strength": -2.1635162500665672e-11
  },
  "loss": 0.6671039652385118,
  "iterations": 3,
  "optimization_result": {
    "fun": 0.6671039652385118,
    "direc": [
      [
        1.0,
        0.0,
        0.0,
        0.0,
        0.0,
        0.0,
        0.0
      ],
      [
        0.0,
        1.0,
        0.0,
        0.0,
        0.0,
        0.0,
        0.0
      ],
      [
        0.0,
        0.0,
        1.0,
        0.0,
        0.0,
        0.0,
        0.0
      ],
      [
        0.0,
        0.0,
        0.0,
        1.0,
        0.0,
        0.0,
        0.0
      ],
      [
        0.0,
        0.0,
        0.0,
        0.0,
        1.0,
        0.0,
        0.0
      ],
      [
        0.0,
        0.0,
        0.0,
        0.0,
        0.0,
        1.0,
        0.0
      ],
      [
        0.0,
        0.0,
        0.0,
        0.0,
        0.0,
        0.0,
        1.0
      ]
    ],
    "nit": 3,
    "nfev": 496,
    "status": 0,
    "success": true,
    "message": "Optimization terminated successfully.",
    "x": [
      1.1196619748113437,
      6.094861329656323e-08,
      2.5958440261407587e-08,
      8.440290840302775e-10,
      2.4646016930467877e-09,
      -2.1636716812900147e-11,
      -2.1635162500665672e-11
    ]
  }
}