{
  "success": true,
  "target_entropies": [
    0.1,
    0.4,
    0.9,
    1.5
  ],
  "achieved_entropies": [
    0.37246552700501495,
    0.5320636221477948,
    0.37246552700501534,
    1.7618845770982037e-15
  ],
  "parameters": {
    "entanglement_strength": 0.37362940072305434,
    "weight": 1.1194000138968192,
    "gamma": -2.2215886381625406e-08,
    "sigma": -5.719804672870113e-08,
    "init_angle": 5.698162912587512e-10,
    "timesteps": 2,
    "asymmetry_strength": -9.591516958898104e-08
  },
  "loss": 0.7089196872715007,
  "iterations": 3,
  "optimization_result": {
    "fun": 0.7089196872715007,
    "direc": [
      [
        0.0,
        0.0,
        0.0,
        0.0,
        0.0,
        0.0,
        1.0
      ],
      [
        0.0,
        1.0,
        0.0,
        0.0,
        0.0,
        0.0,
        0.0
      ],
      [
        0.0,
        0.0,
        1.0,
        0.0,
        0.0,
        0.0,
        0.0
      ],
      [
        0.0,
        0.0,
        0.0,
        1.0,
        0.0,
        0.0,
        0.0
      ],
      [
        0.0,
        0.0,
        0.0,
        0.0,
        1.0,
        0.0,
        0.0
      ],
      [
        0.0,
        0.0,
        0.0,
        0.0,
        0.0,
        1.0,
        0.0
      ],
      [
        0.11417520976205817,
        0.0023325860497396375,
        0.019982129299315476,
        0.05144721357918537,
        0.000849164496695037,
        0.1574794769508853,
        0.0862716288375074
      ]
    ],
    "nit": 3,
    "nfev": 289,
    "status": 0,
    "success": true,
    "message": "Optimization terminated successfully.",
    "x": [
      0.37362940072305434,
      1.1194000138968192,
      -2.2215886381625406e-08,
      -5.719804672870113e-08,
      5.698162912587512e-10,
      2.000000002303775,
      -9.591516958898104e-08
    ]
  }
}