{
  "success": true,
  "target_entropies": [
    0.1,
    0.4,
    0.9,
    1.5
  ],
  "achieved_entropies": [
    0.7296701044837646,
    1.0198486984208908,
    0.7296701044837646,
    9.61027951144475e-16
  ],
  "parameters": {
    "entanglement_strength": 0.9004189587973761,
    "weight": 1.1660587178955997,
    "gamma": 0.3941177625901736,
    "sigma": 0.19211675147485874,
    "init_angle": 2.707353206431682,
    "timesteps": 3,
    "asymmetry_strength": 0.8849553302569038
  },
  "loss": 0.9596832028088534,
  "iterations": 0,
  "optimization_result": {
    "fun": 0.9596832028088534,
    "jac": [
      0.14327735592572044,
      -0.026973379249789434,
      0.06653401166849951,
      0.0038423375612569024,
      0.040220138575374244,
      0.06000000532907055,
      0.01769910875625901
    ],
    "nfev": 128,
    "njev": 16,
    "nit": 0,
    "status": 2,
    "message": "ABNORMAL: ",
    "x": [
      0.9004189587973761,
      1.1660587178955997,
      0.3941177625901736,
      0.19211675147485874,
      2.707353206431682,
      3.0,
      0.8849553302569038
    ],
    "success": false,
    "hess_inv": "<7x7 LbfgsInvHessProduct with dtype=float64>"
  },
  "warning": "Used fallback parameters due to: ABNORMAL: "
}