{
  "geometric_locality": {
    "nearest_neighbor_correlation": 0.6575457092047999,
    "distance_decay_rate": 0.0,
    "distance_decay_r2": 0.0,
    "locality_score": 1.1140554197818553,
    "nonlocal_correlation_fraction": 1.9285714285714286
  },
  "graph_structure": {
    "num_nodes": 8,
    "num_edges": 4,
    "density": 0.14285714285714285,
    "average_degree": 1.0,
    "is_connected": false,
    "num_components": 4,
    "largest_component_size": 4,
    "average_clustering": 0.0,
    "transitivity": 0,
    "max_eigenvector": 0.7071067811865476,
    "max_betweenness": 0.14285714285714285,
    "max_closeness": 0.42857142857142855,
    "num_communities": 4,
    "modularity": 0.375,
    "community_sizes": [
      4,
      2,
      1,
      1
    ],
    "largest_community_size": 4
  },
  "mds_visualization": {
    "coords_2d": [
      [
        0.017200137939493924,
        0.30230100382778013
      ],
      [
        0.18985286654213931,
        0.39457512911211035
      ],
      [
        0.3849511120549832,
        -0.1287648155008995
      ],
      [
        -0.4162889449152037,
        0.023909668891026786
      ],
      [
        -0.05292598393195879,
        -0.017873354599843322
      ],
      [
        -0.036111521310269706,
        -0.233166446732436
      ],
      [
        -0.25859562714052653,
        -0.3168934284355048
      ],
      [
        0.1719179607613423,
        -0.02408775656223376
      ]
    ],
    "stress_2d": 0.36379712904010175,
    "coords_3d": [
      [
        0.20089443233240534,
        0.12275013920999266,
        -0.17683694469361277
      ],
      [
        0.15882343167885393,
        0.2036635927187886,
        -0.34775473402910406
      ],
      [
        -0.30257502418862975,
        0.24430587653626556,
        -0.054467541650550545
      ],
      [
        0.2606738723065786,
        -0.07911663023168679,
        0.3132521770726744
      ],
      [
        -0.0006059506663853969,
        -0.08616958089096519,
        0.014110302657543077
      ],
      [
        -0.1044862842171925,
        0.04977429483516449,
        0.203754241860418
      ],
      [
        -0.06301515491809176,
        -0.34363000638886015,
        0.20826818804655042
      ],
      [
        -0.14970932232753856,
        -0.11157768578869917,
        -0.1603256892639184
      ]
    ],
    "stress_3d": 0.27472393816909396
  },
  "ryu_takayanagi": {
    "rt_scaling_exponent": -3.5297228559073197,
    "rt_power_law_r2": 0.15827396966204055,
    "rt_power_law_params": [
      142.3247855427451,
      -3.5297228559073197
    ],
    "rt_consistency_score": -3.5297228559073197,
    "area_law_violation": 0.1085021772364469
  },
  "entanglement_spectrum": {}
}