{
  "run": 2,
  "cut_size": 1,
  "entropy": 0.9999999999971146,
  "valid": true,
  "marginal_probs": [
    0.49999999999999994,
    0.49999999999999994
  ]
}