{
  "run": 1,
  "cut_size": 3,
  "entropy": 2.999999999988458,
  "valid": true,
  "marginal_probs": [
    0.12499999999999994,
    0.12499999999999992,
    0.12499999999999994,
    0.12499999999999992,
    0.12499999999999994,
    0.12499999999999992,
    0.12499999999999994,
    0.12499999999999992
  ]
}