{
  "run": 2,
  "cut_size": 4,
  "entropy": 3.9999999999769167,
  "valid": true,
  "marginal_probs": [
    0.062499999999999944,
    0.06249999999999997,
    0.06249999999999997,
    0.062499999999999944,
    0.062499999999999944,
    0.06249999999999997,
    0.06249999999999997,
    0.062499999999999944,
    0.062499999999999944,
    0.06249999999999997,
    0.06249999999999997,
    0.062499999999999944,
    0.062499999999999944,
    0.06249999999999997,
    0.06249999999999997,
    0.062499999999999944
  ]
}