{
  "run": 1,
  "cut_size": 5,
  "entropy": 4.999999999953834,
  "valid": true,
  "marginal_probs": [
    0.031249999999999972,
    0.031249999999999972,
    0.031249999999999986,
    0.031249999999999986,
    0.031249999999999986,
    0.031249999999999986,
    0.031249999999999972,
    0.031249999999999972,
    0.031249999999999972,
    0.031249999999999972,
    0.031249999999999986,
    0.031249999999999986,
    0.031249999999999986,
    0.031249999999999986,
    0.031249999999999972,
    0.031249999999999972,
    0.031249999999999972,
    0.031249999999999972,
    0.031249999999999986,
    0.031249999999999986,
    0.031249999999999986,
    0.031249999999999986,
    0.031249999999999972,
    0.031249999999999972,
    0.031249999999999972,
    0.031249999999999972,
    0.031249999999999986,
    0.031249999999999986,
    0.031249999999999986,
    0.031249999999999986,
    0.031249999999999972,
    0.031249999999999972
  ]
}