{
  "run": 2,
  "cut_size": 2,
  "entropy": 1.9999999999942293,
  "valid": true,
  "marginal_probs": [
    0.24999999999999994,
    0.24999999999999994,
    0.24999999999999994,
    0.24999999999999994
  ]
}