{
  "success": true,
  "target_entropies": [
    0.2,
    0.8,
    1.4
  ],
  "achieved_entropies": [
    6.406853007629834e-16,
    6.406853007629834e-16,
    1.2813706015259665e-15
  ],
  "parameters": {
    "entanglement_strength": 1.3832396040583506,
    "weight": 2.1628963764911163e-11,
    "gamma": -4.901210248967234e-08,
    "sigma": 1.0497578125283634e-09,
    "init_angle": -1.8881030276828564e-08,
    "timesteps": 0,
    "asymmetry_strength": -4.900203784847521e-08
  },
  "loss": 0.7341181250567365,
  "iterations": 3,
  "optimization_result": {
    "fun": 0.7341181250567365,
    "direc": [
      [
        1.0,
        0.0,
        0.0,
        0.0,
        0.0,
        0.0,
        0.0
      ],
      [
        0.0,
        1.0,
        0.0,
        0.0,
        0.0,
        0.0,
        0.0
      ],
      [
        0.0,
        0.0,
        1.0,
        0.0,
        0.0,
        0.0,
        0.0
      ],
      [
        0.0,
        0.0,
        0.0,
        1.0,
        0.0,
        0.0,
        0.0
      ],
      [
        0.0,
        0.0,
        0.0,
        0.0,
        1.0,
        0.0,
        0.0
      ],
      [
        0.0,
        0.0,
        0.0,
        0.0,
        0.0,
        1.0,
        0.0
      ],
      [
        0.0,
        0.0,
        0.0,
        0.0,
        0.0,
        0.0,
        1.0
      ]
    ],
    "nit": 3,
    "nfev": 427,
    "status": 0,
    "success": true,
    "message": "Optimization terminated successfully.",
    "x": [
      1.3832396040583506,
      2.1628963764911163e-11,
      -4.901210248967234e-08,
      1.0497578125283634e-09,
      -1.8881030276828564e-08,
      3.163723978261986e-11,
      -4.900203784847521e-08
    ]
  }
}