{
  "spec": {
    "num_qubits": 5,
    "topology": "complete",
    "custom_edges": null,
    "alpha": 0.8,
    "weight": 0.2,
    "gamma": 0.5,
    "sigma": 2.0,
    "init_angle": 0.0,
    "shots": 1024,
    "device": "simulator",
    "geometry": "euclidean",
    "curvature": 1.0
  },
  "uid": "JGV60K",
  "counts": null,
  "mutual_information": {
    "I_0,1": 0.1534993115586844,
    "I_0,2": 0.15349931155868507,
    "I_0,3": 0.15349931155868368,
    "I_0,4": 0.15349931155868418,
    "I_1,2": 0.15349931155868435,
    "I_1,3": 0.15349931155868363,
    "I_1,4": 0.1534993115586828,
    "I_2,3": 0.15349931155868518,
    "I_2,4": 0.15349931155868496,
    "I_3,4": 0.1534993115586849
  },
  "edge_mi": {
    "0,1": 0.1534993115586844,
    "0,2": 0.15349931155868507,
    "0,3": 0.15349931155868368,
    "0,4": 0.15349931155868418,
    "1,2": 0.15349931155868435,
    "1,3": 0.15349931155868363,
    "1,4": 0.1534993115586828,
    "2,3": 0.15349931155868518,
    "2,4": 0.15349931155868496,
    "3,4": 0.1534993115586849
  },
  "distance_matrix": [
    [
      0.0,
      1.8740591969246534,
      1.874059196924649,
      1.874059196924658,
      1.874059196924655
    ],
    [
      1.8740591969246534,
      0.0,
      1.8740591969246538,
      1.8740591969246585,
      1.8740591969246638
    ],
    [
      1.874059196924649,
      1.8740591969246538,
      0.0,
      1.8740591969246483,
      1.8740591969246498
    ],
    [
      1.874059196924658,
      1.8740591969246585,
      1.8740591969246483,
      0.0,
      1.87405919692465
    ],
    [
      1.874059196924655,
      1.8740591969246638,
      1.8740591969246498,
      1.87405919692465,
      0.0
    ]
  ],
  "shortest_paths": {
    "0": {
      "0": 0,
      "2": 1.874059196924649,
      "1": 1.8740591969246534,
      "4": 1.874059196924655,
      "3": 1.874059196924658
    },
    "1": {
      "1": 0,
      "0": 1.8740591969246534,
      "2": 1.8740591969246538,
      "3": 1.8740591969246585,
      "4": 1.8740591969246638
    },
    "2": {
      "2": 0,
      "3": 1.8740591969246483,
      "0": 1.874059196924649,
      "4": 1.8740591969246498,
      "1": 1.8740591969246538
    },
    "3": {
      "3": 0,
      "2": 1.8740591969246483,
      "4": 1.87405919692465,
      "0": 1.874059196924658,
      "1": 1.8740591969246585
    },
    "4": {
      "4": 0,
      "2": 1.8740591969246498,
      "3": 1.87405919692465,
      "0": 1.874059196924655,
      "1": 1.8740591969246638
    }
  },
  "gromov_delta": 0.9370295984623361,
  "mean_distance": 1.4992473575397234,
  "angle_sums": [
    3.141592653589793,
    3.1415926535897936,
    3.141592653589793,
    3.141592653589793,
    3.141592653589793,
    3.141592653589793,
    3.141592653589793,
    3.141592653589793,
    3.1415926535897936,
    3.141592653589793
  ],
  "mean_angle_sum": 3.141592653589793,
  "min_angle_sum": 3.141592653589793,
  "max_angle_sum": 3.1415926535897936,
  "angle_sum_deviations": [
    0.0,
    4.440892098500626e-16,
    0.0,
    0.0,
    0.0,
    0.0,
    0.0,
    0.0,
    4.440892098500626e-16,
    0.0
  ],
  "triangle_inequality_violations": [],
  "embedding_coords": [
    [
      0.7474666522528024,
      0.8756865899483804
    ],
    [
      -0.09027129224684033,
      -1.14892948431246
    ],
    [
      -1.121823348102134,
      -0.2700577345811713
    ],
    [
      -0.6030116534313691,
      0.9848133690061497
    ],
    [
      1.067639641527541,
      -0.4415127400608987
    ]
  ],
  "edge_weight_variance": null
}