{
  "spec": {
    "num_qubits": 5,
    "topology": "complete",
    "custom_edges": "0-1:0.2993,0-2:0.1723,0-3:0.3295,0-4:0.5046,1-2:0.1532,1-3:0.1532,1-4:0.5158,2-3:0.3535,2-4:0.1061,3-4:0.3085",
    "alpha": 0.8,
    "weight": 0.2,
    "gamma": 0.5,
    "sigma": 2.0,
    "init_angle": 0.0,
    "shots": 1024,
    "device": "simulator",
    "geometry": "hyperbolic",
    "curvature": 10.0
  },
  "uid": "3IKVLF",
  "counts": null,
  "mutual_information": {
    "I_0,1": 0.26924374933148787,
    "I_0,2": 0.4268629497493345,
    "I_0,3": 0.6763541978476266,
    "I_0,4": 0.10466965758154034,
    "I_1,2": 0.14836996472511255,
    "I_1,3": 0.18503090595834204,
    "I_1,4": 0.1087032083786948,
    "I_2,3": 0.8005845312235569,
    "I_2,4": 0.09439709425539722,
    "I_3,4": 0.09571249525081149
  },
  "edge_mi": {
    "0,1": 0.26924374933148787,
    "0,2": 0.4268629497493345,
    "0,3": 0.6763541978476266,
    "0,4": 0.10466965758154034,
    "1,2": 0.14836996472511255,
    "1,3": 0.18503090595834204,
    "1,4": 0.1087032083786948,
    "2,3": 0.8005845312235569,
    "2,4": 0.09439709425539722,
    "3,4": 0.09571249525081149
  },
  "distance_matrix": [
    [
      0.0,
      1.3121381783256512,
      0.6134515329356851,
      0.3910383788459148,
      2.2569460065304563
    ],
    [
      1.3121381783256512,
      0.0,
      1.9080463627689235,
      1.687232408622371,
      2.219133969387203
    ],
    [
      0.6134515329356851,
      1.9080463627689235,
      0.0,
      0.2224131540897703,
      2.360244987497259
    ],
    [
      0.3910383788459148,
      1.687232408622371,
      0.2224131540897703,
      0.0,
      2.3464064221622096
    ],
    [
      2.2569460065304563,
      2.219133969387203,
      2.360244987497259,
      2.3464064221622096,
      0.0
    ]
  ],
  "shortest_paths": {
    "0": {
      "0": 0,
      "3": 0.3910383788459148,
      "2": 0.6134515329356851,
      "1": 1.3121381783256512,
      "4": 2.2569460065304563
    },
    "1": {
      "1": 0,
      "0": 1.3121381783256512,
      "3": 1.687232408622371,
      "2": 1.9080463627689235,
      "4": 2.219133969387203
    },
    "2": {
      "2": 0,
      "3": 0.2224131540897703,
      "0": 0.6134515329356851,
      "1": 1.9080463627689235,
      "4": 2.360244987497259
    },
    "3": {
      "3": 0,
      "2": 0.2224131540897703,
      "0": 0.3910383788459148,
      "1": 1.687232408622371,
      "4": 2.3464064221622096
    },
    "4": {
      "4": 0,
      "1": 2.219133969387203,
      "0": 2.2569460065304563,
      "3": 2.3464064221622096,
      "2": 2.360244987497259
    }
  },
  "gromov_delta": 2.2421191277848487,
  "mean_distance": 1.2253641120932355,
  "angle_sums": [
    2.7444551206836705,
    2.8187885884851522,
    0.5139016097955207,
    3.141592653589793,
    1.476261227486416,
    2.0095962607472293,
    3.0596656734586274,
    0.22975354839905154,
    0.3038453754529055,
    2.45449920279955
  ],
  "mean_angle_sum": 1.875235926089792,
  "min_angle_sum": 0.22975354839905154,
  "max_angle_sum": 3.141592653589793,
  "angle_sum_deviations": [
    -0.39713753290612264,
    -0.3228040651046409,
    -2.6276910437942727,
    0.0,
    -1.6653314261033771,
    -1.1319963928425638,
    -0.08192698013116573,
    -2.9118391051907415,
    -2.8377472781368875,
    -0.6870934507902433
  ],
  "triangle_inequality_violations": [],
  "embedding_coords": [
    [
      -0.26878890447977244,
      0.4412589523650546
    ],
    [
      1.028297164763558,
      0.6134267152244474
    ],
    [
      -0.8312958662605457,
      0.20325004683544023
    ],
    [
      -0.6413193106515895,
      0.3282302675422474
    ],
    [
      0.7131069166283499,
      -1.5861659819671896
    ]
  ],
  "edge_weight_variance": 0.018815942000000006
}