{
  "spec": {
    "num_qubits": 5,
    "topology": "triangulated",
    "custom_edges": "0-1:1.0000,0-2:0.9309,0-3:1.0000,0-4:1.0000,1-2:0.8829,1-3:0.8829,1-4:1.0000,2-3:1.0000,2-4:0.7653,3-4:1.0000",
    "alpha": 0.8,
    "weight": 1.0,
    "gamma": 0.3,
    "sigma": null,
    "init_angle": 0.0,
    "init_angles": null,
    "shots": 100,
    "device": "simulator",
    "geometry": "hyperbolic",
    "curvature": 5.0,
    "timesteps": 1,
    "dimension": 2,
    "mass_hinge": null,
    "mass_value": 0.0,
    "solve_regge": false,
    "lorentzian": false,
    "excite": false,
    "fast": false,
    "strong_curvature": false,
    "charge_injection": false,
    "charge_strength": 1.0,
    "charge_location": 3,
    "spin_injection": false,
    "spin_strength": 1.0,
    "spin_location": 3,
    "edge_floor": 0.001,
    "compute_entropies": false,
    "hyperbolic_triangulation": true,
    "trotter_steps": 4,
    "dt": 0.1,
    "analyze_curvature": true
  },
  "uid": "4XLDWS",
  "counts_per_timestep": [
    null
  ],
  "job_ids_per_timestep": [
    null
  ],
  "entropy_per_timestep": [
    null
  ],
  "mutual_information_per_timestep": [
    {
      "I_0,1": 0.6489605874928821,
      "I_0,2": 0.36304044973442173,
      "I_0,3": 0.21718256487457333,
      "I_0,4": 0.36304044973442107,
      "I_1,2": 0.36304044973442084,
      "I_1,3": 0.2171825648745731,
      "I_1,4": 0.36304044973442195,
      "I_2,3": 0.39812850741493033,
      "I_2,4": 0.5497474330719592,
      "I_3,4": 0.3981285074149292
    }
  ],
  "boundary_entropies_per_timestep": [
    {
      "entropy_A": 1.4181075944763424,
      "entropy_B": 1.418107594476342,
      "mi_AB": 2.8362151889526817,
      "pure_state_check": true,
      "entropy_difference": 4.440892098500626e-16,
      "multiple_regions": {
        "size_1_region_0": {
          "region": [
            0
          ],
          "entropy": 0.9526898905730965,
          "rt_area": 4,
          "size": 1
        },
        "size_1_region_1": {
          "region": [
            1
          ],
          "entropy": 0.9526898905730965,
          "rt_area": 4,
          "size": 1
        },
        "size_1_region_2": {
          "region": [
            2
          ],
          "entropy": 0.9789131671534248,
          "rt_area": 4,
          "size": 1
        },
        "size_2_region_0": {
          "region": [
            0,
            1
          ],
          "entropy": 1.256419193653311,
          "rt_area": 6,
          "size": 2
        },
        "size_2_region_1": {
          "region": [
            0,
            2
          ],
          "entropy": 1.5685626079921,
          "rt_area": 6,
          "size": 2
        },
        "size_2_region_2": {
          "region": [
            0,
            3
          ],
          "entropy": 1.5728302604363695,
          "rt_area": 6,
          "size": 2
        },
        "size_3_region_0": {
          "region": [
            0,
            1,
            2
          ],
          "entropy": 1.4181075944763424,
          "rt_area": 6,
          "size": 3
        },
        "size_3_region_1": {
          "region": [
            0,
            1,
            3
          ],
          "entropy": 1.408078901234894,
          "rt_area": 6,
          "size": 3
        },
        "size_3_region_2": {
          "region": [
            0,
            1,
            4
          ],
          "entropy": 1.418107594476342,
          "rt_area": 6,
          "size": 3
        },
        "size_4_region_0": {
          "region": [
            0,
            1,
            2,
            3
          ],
          "entropy": 0.9789131671534306,
          "rt_area": 4,
          "size": 4
        },
        "size_4_region_1": {
          "region": [
            0,
            1,
            2,
            4
          ],
          "entropy": 0.8373229347378485,
          "rt_area": 4,
          "size": 4
        },
        "size_4_region_2": {
          "region": [
            0,
            1,
            3,
            4
          ],
          "entropy": 0.97891316715343,
          "rt_area": 4,
          "size": 4
        }
      }
    }
  ],
  "distance_matrix_per_timestep": [
    [
      [
        0.0,
        0.43238329217618077,
        1.013241019150079,
        1.9342214620111746,
        1.0132410191500807
      ],
      [
        0.43238329217618077,
        0.0,
        1.0132410191500814,
        1.9342214620111766,
        1.0132410191500782
      ],
      [
        1.013241019150079,
        1.0132410191500814,
        0.0,
        0.9209804428610956,
        0.5982963188224528
      ],
      [
        1.9342214620111746,
        1.9342214620111766,
        0.9209804428610956,
        0.0,
        0.9209804428610984
      ],
      [
        1.0132410191500807,
        1.0132410191500782,
        0.5982963188224528,
        0.9209804428610984,
        0.0
      ]
    ]
  ],
  "edge_mi": {
    "0,1": 0.6489605874928821,
    "0,4": 0.36304044973442107,
    "0,2": 0.36304044973442173,
    "1,2": 0.36304044973442084,
    "1,4": 0.36304044973442195,
    "2,3": 0.39812850741493033,
    "2,4": 0.5497474330719592,
    "3,4": 0.3981285074149292
  },
  "distance_matrix": [
    [
      0.0,
      0.43238329217618077,
      1.013241019150079,
      1.5270169663608568,
      1.0132410191500807
    ],
    [
      0.43238329217618077,
      0.0,
      1.0132410191500814,
      1.5270169663608577,
      1.0132410191500782
    ],
    [
      1.013241019150079,
      1.0132410191500814,
      0.0,
      0.9209804428610956,
      0.5982963188224528
    ],
    [
      1.5270169663608568,
      1.5270169663608577,
      0.9209804428610956,
      0.0,
      0.9209804428610984
    ],
    [
      1.0132410191500807,
      1.0132410191500782,
      0.5982963188224528,
      0.9209804428610984,
      0.0
    ]
  ],
  "shortest_paths": {
    "0": {
      "0": 0,
      "1": 0.43238329217618077,
      "2": 1.013241019150079,
      "4": 1.0132410191500807,
      "3": 1.5270169663608568
    },
    "1": {
      "1": 0,
      "0": 0.43238329217618077,
      "4": 1.0132410191500782,
      "2": 1.0132410191500814,
      "3": 1.5270169663608577
    },
    "2": {
      "2": 0,
      "4": 0.5982963188224528,
      "3": 0.9209804428610956,
      "0": 1.013241019150079,
      "1": 1.0132410191500814
    },
    "3": {
      "3": 0,
      "2": 0.9209804428610956,
      "4": 0.9209804428610984,
      "0": 1.5270169663608568,
      "1": 1.5270169663608577
    },
    "4": {
      "4": 0,
      "2": 0.5982963188224528,
      "3": 0.9209804428610984,
      "1": 1.0132410191500782,
      "0": 1.0132410191500807
    }
  },
  "gromov_delta": 1.3108253202727669,
  "mean_distance": 0.7983710804834289,
  "angle_sums": [
    2.3996223191533215,
    2.274366574229632,
    2.39962231915332,
    1.9014910886635445,
    2.1653314231124794,
    1.9014910886635372,
    1.9014910886635432,
    2.1653314231124794,
    1.9014910886635423,
    2.2211445141764026
  ],
  "mean_angle_sum": 2.1231382927591804,
  "min_angle_sum": 1.9014910886635372,
  "max_angle_sum": 2.3996223191533215,
  "angle_sum_deviations": [
    -0.7419703344364716,
    -0.8672260793601612,
    -0.741970334436473,
    -1.2401015649262486,
    -0.9762612304773137,
    -1.240101564926256,
    -1.24010156492625,
    -0.9762612304773137,
    -1.2401015649262508,
    -0.9204481394133905
  ],
  "triangle_inequality_violations": [],
  "embedding_coords": [
    [
      1.7228325129547972,
      1.3904011938225427
    ],
    [
      1.9681003437026015,
      1.0142077246926127
    ],
    [
      -0.2702087847728173,
      -0.5084405908495648
    ],
    [
      -2.8505562996021947,
      -1.854871939504933
    ],
    [
      -0.5701677722823874,
      -0.041296388160657914
    ]
  ],