{
  "spec": {
    "num_qubits": 5,
    "topology": "star",
    "custom_edges": "0-1:1.0000,0-2:0.8617,0-3:1.0000,0-4:1.0000,1-2:0.7658,1-3:0.7659,1-4:1.0000,2-3:1.0000,2-4:0.5305,3-4:1.0000",
    "alpha": 0.8,
    "weight": 1.0,
    "gamma": 0.3,
    "sigma": null,
    "init_angle": 0.0,
    "init_angles": null,
    "shots": 20000,
    "device": "simulator",
    "geometry": "spherical",
    "curvature": 10.0,
    "timesteps": 1,
    "dimension": 2,
    "mass_hinge": null,
    "mass_value": 0.0,
    "solve_regge": false,
    "lorentzian": false
  },
  "uid": "L7X3AB",
  "counts": null,
  "mutual_information": [
    {
      "I_0,1": 0.03444338544983605,
      "I_0,2": 0.8534222326245564,
      "I_0,3": 0.0076445167693983684,
      "I_0,4": 0.042453777380391466,
      "I_1,2": 0.024355506481350764,
      "I_1,3": 0.927886554588405,
      "I_1,4": 0.03082210294608978,
      "I_2,3": 0.00020106074058334755,
      "I_2,4": 0.13733593688388246,
      "I_3,4": 0.0569723957232422
    }
  ],
  "distance_matrix_per_timestep": [
    [
      [
        0.0,
        3.3684383043165615,
        0.1585008567459768,
        4.873766650310656,
        3.159339385957695
      ],
      [
        3.3684383043165615,
        0.0,
        3.5269391610625385,
        8.242204954627217,
        6.527777690274256
      ],
      [
        0.1585008567459768,
        3.5269391610625385,
        0.0,
        5.032267507056632,
        3.3178402427036717
      ],
      [
        4.873766650310656,
        8.242204954627217,
        5.032267507056632,
        0.0,
        8.03310603626835
      ],
      [
        3.159339385957695,
        6.527777690274256,
        3.3178402427036717,
        8.03310603626835,
        0.0
      ]
    ]
  ],
  "edge_mi": {
    "0,1": 0.03444338544983605,
    "0,2": 0.8534222326245564,
    "0,3": 0.0076445167693983684,
    "0,4": 0.042453777380391466
  },
  "distance_matrix": [
    [
      0.0,
      3.3684383043165615,
      0.1585008567459768,
      3.4432841051960676,
      2.1438261173340476
    ],
    [
      3.3684383043165615,
      0.0,
      3.5269391610625385,
      0.07484580087950629,
      2.940034214888372
    ],
    [
      0.1585008567459768,
      3.5269391610625385,
      0.0,
      3.6017849619420446,
      1.985325260588071
    ],
    [
      3.4432841051960676,
      0.07484580087950629,
      3.6017849619420446,
      0.0,
      2.8651884140088657
    ],
    [
      2.1438261173340476,
      2.940034214888372,
      1.985325260588071,
      2.8651884140088657,
      0.0
    ]
  ],
  "shortest_paths": {
    "0": {
      "0": 0,
      "2": 0.1585008567459768,
      "4": 2.1438261173340476,
      "1": 3.3684383043165615,
      "3": 3.4432841051960676
    },
    "1": {
      "1": 0,
      "3": 0.07484580087950629,
      "4": 2.940034214888372,
      "0": 3.3684383043165615,
      "2": 3.5269391610625385
    },
    "2": {
      "2": 0,
      "0": 0.1585008567459768,
      "4": 1.985325260588071,
      "1": 3.5269391610625385,
      "3": 3.6017849619420446
    },
    "3": {
      "3": 0,
      "1": 0.07484580087950629,
      "4": 2.8651884140088657,
      "0": 3.4432841051960676,
      "2": 3.6017849619420446
    },
    "4": {
      "4": 0,
      "2": 1.985325260588071,
      "0": 2.1438261173340476,
      "3": 2.8651884140088657,
      "1": 2.940034214888372
    }
  },
  "gromov_delta": 3.526939161062538,
  "mean_distance": 1.928653375756964,
  "angle_sums": [
    3.141592653589793,
    3.1415926556975573,
    3.141592653589793,
    3.1415926745957115,
    3.141592653589793,
    3.141592653589793,
    3.1415926932720866,
    9.42477796076938,
    3.141592756395892,
    9.42477796076938
  ],
  "mean_angle_sum": 4.398229731585919,
  "min_angle_sum": 3.141592653589793,
  "max_angle_sum": 9.42477796076938,
  "angle_sum_deviations": [
    0.0,
    2.1077641854105877e-09,
    0.0,
    2.1005918338090623e-08,
    0.0,
    0.0,
    3.968229345119312e-08,
    6.283185307179586,
    1.0280609874513402e-07,
    6.283185307179586
  ],
  "triangle_inequality_violations": [],
  "embedding_coords": [
    [
      -0.24422247865555086,
      0.1729137834055187
    ],
    [
      0.2552533146391335,
      0.18458321223681268
    ],
    [
      -0.16979771066581695,
      0.26116662657715056
    ],
    [
      0.21557017430931358,
      0.23030829606158218
    ],
    [
      -0.31310014731900815,
      0.020538715796120544
    ]
  ],
  "embedding_coords_3d": [
    [
      -0.24422247865555086,
      0.1729137834055187,
      0.10225558384620553
    ],
    [
      0.2552533146391335,
      0.18458321223681268,
      -0.027834926370933672
    ],
    [
      -0.16979771066581695,
      0.26116662657715056,
      -0.05441259610566926
    ],
    [
      0.21557017430931358,
      0.23030829606158218,
      0.022081411038762187
    ],
    [
      -0.31310014731900815,
      0.020538715796120544,
      -0.03932504166891123
    ]
  ],
  "edge_weight_variance": 0.023341046900000002,
  "event_nodes": [
    [
      0,
      0
    ],
    [
      1,
      0
    ],
    [
      2,
      0
    ],
    [
      3,
      0
    ],
    [
      4,
      0
    ]
  ],
  "event_edges": [
    {
      "type": "spatial",
      "from": [
        0,
        0
      ],
      "to": [
        1,
        0
      ],
      "weight": 3.3684383043165615
    },
    {
      "type": "spatial",
      "from": [
        0,
        0
      ],
      "to": [
        2,
        0
      ],
      "weight": 0.1585008567459768
    },
    {
      "type": "spatial",
      "from": [
        0,
        0
      ],
      "to": [
        3,
        0
      ],
      "weight": 4.873766650310656
    },
    {
      "type": "spatial",
      "from": [
        0,
        0
      ],
      "to": [
        4,
        0
      ],
      "weight": 3.159339385957695
    },
    {
      "type": "spatial",
      "from": [
        1,
        0
      ],
      "to": [
        2,
        0
      ],
      "weight": 3.5269391610625385
    },
    {
      "type": "spatial",
      "from": [
        1,
        0
      ],
      "to": [
        3,
        0
      ],
      "weight": 8.242204954627217
    },
    {
      "type": "spatial",
      "from": [
        1,
        0
      ],
      "to": [
        4,
        0
      ],
      "weight": 6.527777690274256
    },
    {
      "type": "spatial",
      "from": [
        2,
        0
      ],
      "to": [
        3,
        0
      ],
      "weight": 5.032267507056632
    },
    {
      "type": "spatial",
      "from": [
        2,
        0
      ],
      "to": [
        4,
        0
      ],
      "weight": 3.3178402427036717
    },
    {
      "type": "spatial",
      "from": [
        3,
        0
      ],
      "to": [
        4,
        0
      ],
      "weight": 8.03310603626835
    }
  ],
  "lorentzian_dissimilarity": [
    [
      0.0,
      11.346376609987033,
      0.02512252158920866,
      23.75360136168035,
      9.981425355663545
    ],
    [
      11.346376609987033,
      0.0,
      12.439299845836523,
      67.93394251408145,
      42.6118815736423
    ],
    [
      0.02512252158920866,
      12.439299845836523,
      0.0,
      25.32371626257797,
      11.008063876103959
    ],
    [
      23.75360136168035,
      67.93394251408145,
      25.32371626257797,
      0.0,
      64.53079258993101
    ],
    [
      9.981425355663545,
      42.6118815736423,
      11.008063876103959,
      64.53079258993101,
      0.0
    ]
  ],
  "lorentzian_embedding": [
    [
      0.0,
      0.31775486343897835,
      0.5313389215071994
    ],
    [
      0.0,
      0.46392906949154206,
      4.445695600955648
    ],
    [
      0.0,
      0.2778430559048197,
      0.5527506711818768
    ],
    [
      0.0,
      4.4538581700152315,
      -2.6292701025327867
    ],
    [
      0.0,
      -3.218369484643467,
      -0.7149198292581069
    ]
  ],
  "edge_length_evolution": [],
  "angle_deficit_evolution": [],
  "regge_action_evolution": [],
  "gromov_delta_evolution": [],