{
  "lorentzian_solution": {
    "stationary_edge_lengths": [
      0.04999999999999999,
      0.04999999999999999,
      0.050000000000000544,
      12.124133886831096,
      0.04999999999999999,
      9.50876240088068,
      0.05000000000000182,
      0.050000000000000044,
      0.05000000000000038,
      0.6326200043959581,
      1.9243263740216578,
      0.05000000000000032,
      0.050000000000000044,
      0.5514633226166371,
      10.269809091666097,
      15.07091877619287,
      13.350112961333231,
      0.050000000000000044,
      10.943186111251508,
      0.050000000000000044,
      9.282462157452963,
      0.14962125738402915,
      0.5991480916927203,
      0.04999999999999999,
      0.0500000000000006,
      3.7011941040427976,
      0.050000000000000044,
      0.7849707595881013,
      0.05000000000000021,
      0.05000000000000049,
      17.046887864463095,
      4.665712703572836,
      0.0787967299701986,
      0.04999999999999999,
      8.930654461218271,
      0.050000000000000155,
      1.1314950036607718,
      0.9427013306774357,
      0.9123738038749524,
      1.0170784332632994,
      0.8563696899899051,
      1.120878792301616,
      0.8298202574719084
    ],
    "stationary_action": 0.0001213820182886721,
    "all_edges": [
      [
        [
          0,
          0
        ],
        [
          1,
          0
        ]
      ],
      [
        [
          0,
          0
        ],
        [
          6,
          0
        ]
      ],
      [
        [
          0,
          0
        ],
        [
          2,
          0
        ]
      ],
      [
        [
          0,
          0
        ],
        [
          3,
          0
        ]
      ],
      [
        [
          0,
          0
        ],
        [
          4,
          0
        ]
      ],
      [
        [
          1,
          0
        ],
        [
          2,
          0
        ]
      ],
      [
        [
          1,
          0
        ],
        [
          6,
          0
        ]
      ],
      [
        [
          1,
          0
        ],
        [
          4,
          0
        ]
      ],
      [
        [
          1,
          0
        ],
        [
          5,
          0
        ]
      ],
      [
        [
          2,
          0
        ],
        [
          3,
          0
        ]
      ],
      [
        [
          2,
          0
        ],
        [
          4,
          0
        ]
      ],
      [
        [
          2,
          0
        ],
        [
          5,
          0
        ]
      ],
      [
        [
          2,
          0
        ],
        [
          6,
          0
        ]
      ],
      [
        [
          3,
          0
        ],
        [
          4,
          0
        ]
      ],
      [
        [
          3,
          0
        ],
        [
          6,
          0
        ]
      ],
      [
        [
          4,
          0
        ],
        [
          5,
          0
        ]
      ],
      [
        [
          4,
          0
        ],
        [
          6,
          0
        ]
      ],
      [
        [
          5,
          0
        ],
        [
          6,
          0
        ]
      ],
      [
        [
          0,
          1
        ],
        [
          1,
          1
        ]
      ],
      [
        [
          0,
          1
        ],
        [
          6,
          1
        ]
      ],
      [
        [
          0,
          1
        ],
        [
          2,
          1
        ]
      ],
      [
        [
          0,
          1
        ],
        [
          3,
          1
        ]
      ],
      [
        [
          0,
          1
        ],
        [
          4,
          1
        ]
      ],
      [
        [
          1,
          1
        ],
        [
          2,
          1
        ]
      ],
      [
        [
          1,
          1
        ],
        [
          6,
          1
        ]
      ],
      [
        [
          1,
          1
        ],
        [
          4,
          1
        ]
      ],
      [
        [
          1,
          1
        ],
        [
          5,
          1
        ]
      ],
      [
        [
          2,
          1
        ],
        [
          3,
          1
        ]
      ],
      [
        [
          2,
          1
        ],
        [
          4,
          1
        ]
      ],
      [
        [
          2,
          1
        ],
        [
          5,
          1
        ]
      ],
      [
        [
          2,
          1
        ],
        [
          6,
          1
        ]
      ],
      [
        [
          3,
          1
        ],
        [
          4,
          1
        ]
      ],
      [
        [
          3,
          1
        ],
        [
          6,
          1
        ]
      ],
      [
        [
          4,
          1
        ],
        [
          5,
          1
        ]
      ],
      [
        [
          4,
          1
        ],
        [
          6,
          1
        ]
      ],
      [
        [
          5,
          1
        ],
        [
          6,
          1
        ]
      ],
      [
        [
          0,
          0
        ],
        [
          0,
          1
        ]
      ],
      [
        [
          1,
          0
        ],
        [
          1,
          1
        ]
      ],
      [
        [
          2,
          0
        ],
        [
          2,
          1
        ]
      ],
      [
        [
          3,
          0
        ],
        [
          3,
          1
        ]
      ],
      [
        [
          4,
          0
        ],
        [
          4,
          1
        ]
      ],
      [
        [
          5,
          0
        ],
        [
          5,
          1
        ]
      ],
      [
        [
          6,
          0
        ],
        [
          6,
          1
        ]
      ]
    ]
  },
  "spec": {
    "num_qubits": 7,
    "topology": "triangulated",
    "custom_edges": "0-1:1.0000,0-2:0.8203,0-3:1.0000,0-4:1.0000,0-5:0.6956,0-6:0.6956,1-2:1.0000,1-3:1.0000,1-4:0.3897,1-5:1.0000,1-6:0.3976,2-3:0.3946,2-4:1.0000,2-5:0.0500,2-6:0.0500,3-4:0.2690,3-5:0.0500,3-6:1.0000,4-5:0.0500,4-6:0.0500,5-6:1.0000",
    "alpha": 0.05,
    "weight": 1.0,
    "gamma": 0.3,
    "sigma": null,
    "init_angle": 0.0,
    "init_angles": null,
    "shots": 5,
    "device": "ibm_brisbane",
    "geometry": "hyperbolic",
    "curvature": 13.0,
    "timesteps": 2,
    "dimension": 2,
    "mass_hinge": null,
    "mass_value": 0.0,
    "solve_regge": true,
    "lorentzian": true,
    "excite": false,
    "fast": false,
    "strong_curvature": false,
    "charge_injection": false,
    "charge_strength": 1.0,
    "charge_location": 3,
    "spin_injection": false,
    "spin_strength": 1.0,
    "spin_location": 3,
    "edge_floor": 0.05
  },
  "uid": "18O9BU"
}