{
  "lorentzian_solution": {
    "stationary_edge_lengths": [
      0.8260206371941119,
      1.1795542149013332,
      1.1862528132298236,
      1.1233589392465844,
      0.9218455076693483,
      0.8390688456025536,
      1.0736932106048627,
      0.9760609974958405,
      0.8488152939379116,
      0.9980707640445081,
      0.8137554084460874,
      1.1637281608315129,
      0.9035119926400068,
      1.0650089137415928,
      0.9246844304357644,
      1.0080272084711244,
      1.0186841117373118,
      0.8739417822102109,
      1.1878338511058235,
      1.1100531293444458,
      1.1757995766256757,
      1.1579309401710596,
      1.039159991524434,
      1.1687496940092468,
      0.8353970008207678,
      0.8783931449676581,
      0.8180909155642153,
      0.9301321323053058,
      0.9554709158757928,
      0.9085396127095584,
      1.1314950036607718,
      0.9427013306774357,
      0.9123738038749524,
      1.0170784332632994,
      0.8563696899899051,
      1.120878792301616,
      0.8298202574719084,
      1.1947547746402067,
      1.108897907718663,
      0.879486272613669,
      0.802208846849441,
      1.1261845713819336,
      1.082742937539047,
      1.0916028672163949,
      1.1085081386743783,
      0.8296178606936362,
      0.943386291417709,
      0.8463476238100519,
      1.1452413703502373,
      1.0493192507310232,
      0.9323592099410597,
      0.8254233401144095
    ],
    "stationary_action": 0.0,
    "all_edges": [
      [
        [
          0,
          0
        ],
        [
          1,
          0
        ]
      ],
      [
        [
          0,
          0
        ],
        [
          2,
          0
        ]
      ],
      [
        [
          0,
          0
        ],
        [
          3,
          0
        ]
      ],
      [
        [
          0,
          0
        ],
        [
          4,
          0
        ]
      ],
      [
        [
          0,
          0
        ],
        [
          5,
          0
        ]
      ],
      [
        [
          0,
          0
        ],
        [
          6,
          0
        ]
      ],
      [
        [
          0,
          0
        ],
        [
          7,
          0
        ]
      ],
      [
        [
          0,
          1
        ],
        [
          1,
          1
        ]
      ],
      [
        [
          0,
          1
        ],
        [
          2,
          1
        ]
      ],
      [
        [
          0,
          1
        ],
        [
          3,
          1
        ]
      ],
      [
        [
          0,
          1
        ],
        [
          4,
          1
        ]
      ],
      [
        [
          0,
          1
        ],
        [
          5,
          1
        ]
      ],
      [
        [
          0,
          1
        ],
        [
          6,
          1
        ]
      ],
      [
        [
          0,
          1
        ],
        [
          7,
          1
        ]
      ],
      [
        [
          0,
          2
        ],
        [
          1,
          2
        ]
      ],
      [
        [
          0,
          2
        ],
        [
          2,
          2
        ]
      ],
      [
        [
          0,
          2
        ],
        [
          3,
          2
        ]
      ],
      [
        [
          0,
          2
        ],
        [
          4,
          2
        ]
      ],
      [
        [
          0,
          2
        ],
        [
          5,
          2
        ]
      ],
      [
        [
          0,
          2
        ],
        [
          6,
          2
        ]
      ],
      [
        [
          0,
          2
        ],
        [
          7,
          2
        ]
      ],
      [
        [
          0,
          3
        ],
        [
          1,
          3
        ]
      ],
      [
        [
          0,
          3
        ],
        [
          2,
          3
        ]
      ],
      [
        [
          0,
          3
        ],
        [
          3,
          3
        ]
      ],
      [
        [
          0,
          3
        ],
        [
          4,
          3
        ]
      ],
      [
        [
          0,
          3
        ],
        [
          5,
          3
        ]
      ],
      [
        [
          0,
          3
        ],
        [
          6,
          3
        ]
      ],
      [
        [
          0,
          3
        ],
        [
          7,
          3
        ]
      ],
      [
        [
          0,
          0
        ],
        [
          0,
          1
        ]
      ],
      [
        [
          1,
          0
        ],
        [
          1,
          1
        ]
      ],
      [
        [
          2,
          0
        ],
        [
          2,
          1
        ]
      ],
      [
        [
          3,
          0
        ],
        [
          3,
          1
        ]
      ],
      [
        [
          4,
          0
        ],
        [
          4,
          1
        ]
      ],
      [
        [
          5,
          0
        ],
        [
          5,
          1
        ]
      ],
      [
        [
          6,
          0
        ],
        [
          6,
          1
        ]
      ],
      [
        [
          7,
          0
        ],
        [
          7,
          1
        ]
      ],
      [
        [
          0,
          1
        ],
        [
          0,
          2
        ]
      ],
      [
        [
          1,
          1
        ],
        [
          1,
          2
        ]
      ],
      [
        [
          2,
          1
        ],
        [
          2,
          2
        ]
      ],
      [
        [
          3,
          1
        ],
        [
          3,
          2
        ]
      ],
      [
        [
          4,
          1
        ],
        [
          4,
          2
        ]
      ],
      [
        [
          5,
          1
        ],
        [
          5,
          2
        ]
      ],
      [
        [
          6,
          1
        ],
        [
          6,
          2
        ]
      ],
      [
        [
          7,
          1
        ],
        [
          7,
          2
        ]
      ],
      [
        [
          0,
          2
        ],
        [
          0,
          3
        ]
      ],
      [
        [
          1,
          2
        ],
        [
          1,
          3
        ]
      ],
      [
        [
          2,
          2
        ],
        [
          2,
          3
        ]
      ],
      [
        [
          3,
          2
        ],
        [
          3,
          3
        ]
      ],
      [
        [
          4,
          2
        ],
        [
          4,
          3
        ]
      ],
      [
        [
          5,
          2
        ],
        [
          5,
          3
        ]
      ],
      [
        [
          6,
          2
        ],
        [
          6,
          3
        ]
      ],
      [
        [
          7,
          2
        ],
        [
          7,
          3
        ]
      ]
    ]
  },
  "spec": {
    "num_qubits": 8,
    "topology": "star",
    "custom_edges": "0-1:1.0000,0-2:0.9862,0-3:1.0000,0-4:1.0000,0-5:0.9766,0-6:0.9766,0-7:1.0000,1-2:1.0000,1-3:0.9531,1-4:1.0000,1-5:0.9537,1-6:0.9534,1-7:1.0000,2-3:0.8087,2-4:0.8275,2-5:0.9438,2-6:0.8987,2-7:1.0000,3-4:0.9092,3-5:0.8588,3-6:1.0000,3-7:0.9774,4-5:1.0000,4-6:0.8575,4-7:0.9456,5-6:1.0000,5-7:0.8849,6-7:1.0000",
    "alpha": 0.8,
    "weight": 1.0,
    "gamma": 0.3,
    "sigma": null,
    "init_angle": 0.0,
    "init_angles": null,
    "shots": 1024,
    "device": "simulator",
    "geometry": "hyperbolic",
    "curvature": 1.0,
    "timesteps": 4,
    "dimension": 3,
    "mass_hinge": null,
    "mass_value": 0.0,
    "solve_regge": false,
    "lorentzian": true
  },
  "uid": "0AMZSH"
}