{
  "spec": {
    "num_qubits": 7,
    "topology": "star",
    "custom_edges": "0-1:1.0000,0-2:0.9862,0-3:1.0000,0-4:1.0000,0-5:0.9766,0-6:0.9766,1-2:1.0000,1-3:1.0000,1-4:0.9531,1-5:1.0000,1-6:0.9537,2-3:0.9534,2-4:1.0000,2-5:0.8087,2-6:0.8275,3-4:0.9438,3-5:0.8987,3-6:1.0000,4-5:0.9092,4-6:0.8588,5-6:1.0000",
    "alpha": 0.8,
    "weight": 1.0,
    "gamma": 0.3,
    "sigma": null,
    "init_angle": 0.0,
    "init_angles": null,
    "shots": 5000,
    "device": "simulator",
    "geometry": "spherical",
    "curvature": 1.0,
    "timesteps": 1,
    "dimension": 2,
    "mass_hinge": null,
    "mass_value": 0.0,
    "solve_regge": false,
    "lorentzian": false
  },
  "uid": "3TG4BW",
  "counts": null,
  "mutual_information": [
    {
      "I_0,1": 0.03172887793059431,
      "I_0,2": 0.04847132593423753,
      "I_0,3": 0.29566463968408807,
      "I_0,4": 0.05485161012011275,
      "I_0,5": 0.09534169603876108,
      "I_0,6": 0.25342993838794003,
      "I_1,2": 0.0023529124647475586,
      "I_1,3": 0.09601162216015535,
      "I_1,4": 0.021250775975334313,
      "I_1,5": 0.11530329559242597,
      "I_1,6": 0.018406869704848394,
      "I_2,3": 0.01580243004266635,
      "I_2,4": 0.25711422362383674,
      "I_2,5": 7.29940156474207e-06,
      "I_2,6": 0.258264091746497,
      "I_3,4": 0.006671534389843581,
      "I_3,5": 0.5984284805056183,
      "I_3,6": 0.22473938867453214,
      "I_4,5": 0.00036247164423808265,
      "I_4,6": 0.05141729191335276,
      "I_5,6": 0.06193639355583869
    }
  ],
  "distance_matrix_per_timestep": [
    [
      [
        0.0,
        3.450528037056937,
        3.0267828737276607,
        1.2185294409985932,
        2.903123737721596,
        2.3502880399913235,
        1.3726678713179965
      ],
      [
        3.450528037056937,
        0.0,
        6.477310910784597,
        4.66905747805553,
        6.353651774778533,
        5.80081607704826,
        4.823195908374934
      ],
      [
        3.0267828737276607,
        6.477310910784597,
        0.0,
        4.245312314726254,
        5.9299066114492565,
        5.377070913718985,
        4.399450745045657
      ],
      [
        1.2185294409985932,
        4.66905747805553,
        4.245312314726254,
        0.0,
        4.121653178720189,
        3.5688174809899165,
        2.5911973123165897
      ],
      [
        2.903123737721596,
        6.353651774778533,
        5.9299066114492565,
        4.121653178720189,
        0.0,
        5.25341177771292,
        4.275791609039593
      ],
      [
        2.3502880399913235,
        5.80081607704826,
        5.377070913718985,
        3.5688174809899165,
        5.25341177771292,
        0.0,
        3.7229559113093202
      ],
      [
        1.3726678713179965,
        4.823195908374934,
        4.399450745045657,
        2.5911973123165897,
        4.275791609039593,
        3.7229559113093202,
        0.0
      ]
    ]
  ],
  "edge_mi": {
    "0,1": 0.03172887793059431,
    "0,2": 0.04847132593423753,
    "0,3": 0.29566463968408807,
    "0,4": 0.05485161012011275,
    "0,5": 0.09534169603876108,
    "0,6": 0.25342993838794003
  },
  "distance_matrix": [
    [
      0.0,
      3.450528037056937,
      2.7264404774909226,
      1.2185294409985932,
      2.903123737721596,
      1.7319777000252037,
      1.3726678713179965
    ],
    [
      3.450528037056937,
      0.0,
      5.189872457498057,
      2.343286030673691,
      3.851361867792101,
      2.160189269353886,
      3.83609985132513
    ],
    [
      2.7264404774909226,
      5.189872457498057,
      0.0,
      2.846586426824365,
      1.3582348429273208,
      3.3600346858509753,
      1.3537726061729263
    ],
    [
      1.2185294409985932,
      2.343286030673691,
      2.846586426824365,
      0.0,
      4.121653178720189,
      0.5134482590266104,
      1.4928138206514387
    ],
    [
      2.903123737721596,
      3.851361867792101,
      1.3582348429273208,
      4.121653178720189,
      0.0,
      4.635101437746799,
      2.712007449100247
    ],
    [
      1.7319777000252037,
      2.160189269353886,
      3.3600346858509753,
      0.5134482590266104,
      4.635101437746799,
      0.0,
      2.006262079678049
    ],
    [
      1.3726678713179965,
      3.83609985132513,
      1.3537726061729263,
      1.4928138206514387,
      2.712007449100247,
      2.006262079678049,
      0.0
    ]
  ],
  "shortest_paths": {
    "0": {
      "0": 0,
      "3": 1.2185294409985932,
      "6": 1.3726678713179965,
      "5": 1.7319777000252037,
      "2": 2.7264404774909226,
      "4": 2.903123737721596,
      "1": 3.450528037056937
    },
    "1": {
      "1": 0,
      "5": 2.160189269353886,
      "3": 2.343286030673691,
      "0": 3.450528037056937,
      "6": 3.83609985132513,
      "4": 3.851361867792101,
      "2": 5.189872457498057
    },
    "2": {
      "2": 0,
      "6": 1.3537726061729263,
      "4": 1.3582348429273208,
      "0": 2.7264404774909226,
      "3": 2.846586426824365,
      "5": 3.3600346858509753,
      "1": 5.189872457498057
    },
    "3": {
      "3": 0,
      "5": 0.5134482590266104,
      "0": 1.2185294409985932,
      "6": 1.4928138206514387,
      "1": 2.343286030673691,
      "2": 2.846586426824365,
      "4": 4.121653178720189
    },
    "4": {
      "4": 0,
      "2": 1.3582348429273208,
      "6": 2.712007449100247,
      "0": 2.903123737721596,
      "1": 3.851361867792101,
      "3": 4.121653178720189,
      "5": 4.635101437746799
    },
    "5": {
      "5": 0,
      "3": 0.5134482590266104,
      "0": 1.7319777000252037,
      "6": 2.006262079678049,
      "1": 2.160189269353886,
      "2": 3.3600346858509753,
      "4": 4.635101437746799
    },
    "6": {
      "6": 0,
      "2": 1.3537726061729263,
      "0": 1.3726678713179965,
      "3": 1.4928138206514387,
      "5": 2.006262079678049,
      "4": 2.712007449100247,
      "1": 3.83609985132513
    }
  },
  "gromov_delta": 4.121653178720189,
  "mean_distance": 2.252407817467471,
  "angle_sums": [
    3.141592653589793,
    3.141592653589793,
    3.141592653589793,
    3.141592653589793,
    3.141592653589793,
    9.42477796076938,
    9.42477796076938,
    3.141592653589793,
    3.141592719892357,
    3.141592653589793,
    3.141592653589793,
    4.174848478490423,
    3.141592653589793,
    9.42477796076938,
    5.069897975261323,
    3.1415926695794365,
    3.3369810020292823,
    3.4712695374909996,
    3.141592653589793,
    3.141592653589793,
    4.168041922547972,
    3.141592653589793,
    3.4687084036188605,
    3.141592653589793,
    3.141592653589793,
    3.141592653589793,
    3.1415926833921155,
    3.1415926746632175,
    3.2898989344066623,
    3.1415926833921155,
    3.141592653589793,
    3.141592662318691,
    3.141592653589793,
    3.141592653589793,
    3.141592653589793
  ],
  "mean_angle_sum": 3.8226799042170754,
  "min_angle_sum": 3.141592653589793,
  "max_angle_sum": 9.42477796076938,
  "angle_sum_deviations": [
    0.0,
    0.0,
    0.0,
    0.0,
    0.0,
    6.283185307179586,
    6.283185307179586,
    0.0,
    6.630256388362454e-08,
    0.0,
    0.0,
    1.03325582490063,
    0.0,
    6.283185307179586,
    1.9283053216715302,
    1.5989643387115393e-08,
    0.19538834843948916,
    0.32967688390120653,
    0.0,
    0.0,
    1.0264492689581788,
    0.0,
    0.32711575002906734,
    0.0,
    0.0,
    0.0,
    2.9802322387695312e-08,
    2.107342433887993e-08,
    0.14830628081686914,
    2.9802322387695312e-08,
    0.0,
    8.728898048815381e-09,
    0.0,
    0.0,
    0.0
  ],
  "triangle_inequality_violations": [],