{
  "spec": {
    "num_qubits": 5,
    "topology": "star",
    "custom_edges": "0-1:1.0000,0-2:0.9862,0-3:1.0000,0-4:1.0000,1-2:0.9766,1-3:0.9766,1-4:1.0000,2-3:1.0000,2-4:0.9531,3-4:1.0000",
    "alpha": 0.8,
    "weight": 1.0,
    "gamma": 0.3,
    "sigma": null,
    "init_angle": 0.0,
    "init_angles": null,
    "shots": 20000,
    "device": "simulator",
    "geometry": "spherical",
    "curvature": 1.0,
    "timesteps": 1,
    "dimension": 2,
    "mass_hinge": null,
    "mass_value": 0.0,
    "solve_regge": false,
    "lorentzian": false
  },
  "uid": "30VI1F",
  "counts": null,
  "mutual_information": [
    {
      "I_0,1": 0.09796983336860066,
      "I_0,2": 0.09409996068727455,
      "I_0,3": 0.14645755400220495,
      "I_0,4": 0.5960672444523727,
      "I_1,2": 0.5742302714558372,
      "I_1,3": 0.07504588544006674,
      "I_1,4": 0.1868517272078125,
      "I_2,3": 0.06635653836426503,
      "I_2,4": 0.14288648472266097,
      "I_3,4": 0.34339748725840324
    }
  ],
  "distance_matrix_per_timestep": [
    [
      [
        0.0,
        2.3230956704680996,
        2.3633976501669314,
        1.921019626279299,
        0.5174017920188211
      ],
      [
        2.3230956704680996,
        0.0,
        4.686493320635031,
        4.244115296747399,
        2.840497462486921
      ],
      [
        2.3633976501669314,
        4.686493320635031,
        0.0,
        4.284417276446231,
        2.8807994421857526
      ],
      [
        1.921019626279299,
        4.244115296747399,
        4.284417276446231,
        0.0,
        2.43842141829812
      ],
      [
        0.5174017920188211,
        2.840497462486921,
        2.8807994421857526,
        2.43842141829812,
        0.0
      ]
    ]
  ],
  "edge_mi": {
    "0,1": 0.09796983336860066,
    "0,2": 0.09409996068727455,
    "0,3": 0.14645755400220495,
    "0,4": 0.5960672444523727
  },
  "distance_matrix": [
    [
      0.0,
      2.1948416712919454,
      2.3633976501669314,
      1.586268439808375,
      0.5174017920188211
    ],
    [
      2.1948416712919454,
      0.0,
      0.5547247933259652,
      2.5896555466551807,
      1.6774398792731244
    ],
    [
      2.3633976501669314,
      0.5547247933259652,
      0.0,
      2.712712979513199,
      1.9457047770869529
    ],
    [
      1.586268439808375,
      2.5896555466551807,
      2.712712979513199,
      0.0,
      1.0688666477895539
    ],
    [
      0.5174017920188211,
      1.6774398792731244,
      1.9457047770869529,
      1.0688666477895539,
      0.0
    ]
  ],
  "shortest_paths": {
    "0": {
      "0": 0,
      "4": 0.5174017920188211,
      "3": 1.586268439808375,
      "1": 2.1948416712919454,
      "2": 2.3633976501669314
    },
    "1": {
      "1": 0,
      "2": 0.5547247933259652,
      "4": 1.6774398792731244,
      "0": 2.1948416712919454,
      "3": 2.5896555466551807
    },
    "2": {
      "2": 0,
      "1": 0.5547247933259652,
      "4": 1.9457047770869529,
      "0": 2.3633976501669314,
      "3": 2.712712979513199
    },
    "3": {
      "3": 0,
      "4": 1.0688666477895539,
      "0": 1.586268439808375,
      "1": 2.5896555466551807,
      "2": 2.712712979513199
    },
    "4": {
      "4": 0,
      "0": 0.5174017920188211,
      "3": 1.0688666477895539,
      "1": 1.6774398792731244,
      "2": 1.9457047770869529
    }
  },
  "gromov_delta": 2.373821866421207,
  "mean_distance": 1.376881134154404,
  "angle_sums": [
    4.3178972443452155,
    9.42477796076938,
    3.1415926611002343,
    9.42477796076938,
    3.7264335527237,
    3.141592653589793,
    5.461376072019897,
    3.766915308451171,
    4.308777848779124,
    5.239803820503309
  ],
  "mean_angle_sum": 5.19539450830512,
  "min_angle_sum": 3.141592653589793,
  "max_angle_sum": 9.42477796076938,
  "angle_sum_deviations": [
    1.1763045907554224,
    6.283185307179586,
    7.510441157876357e-09,
    6.283185307179586,
    0.5848408991339067,
    0.0,
    2.319783418430104,
    0.6253226548613777,
    1.1671851951893313,
    2.098211166913516
  ],
  "triangle_inequality_violations": [],
  "embedding_coords": [
    [
      -0.7012834659716614,
      0.6362191247818314
    ],
    [
      0.8673744047144419,
      0.37666235976881224
    ],
    [
      0.9751358514886489,
      0.18710676612644095
    ],
    [
      -0.7733773654710132,
      -0.4864239034690947
    ],
    [
      -0.6182069285024724,
      0.6448181023627813
    ]
  ],
  "embedding_coords_3d": [
    [
      -0.7012834659716614,
      0.6362191247818314,
      0.32160025748841387
    ],
    [
      0.8673744047144419,
      0.37666235976881224,
      -0.32524930250448986
    ],
    [
      0.9751358514886489,
      0.18710676612644095,
      -0.11874817561214555
    ],
    [
      -0.7733773654710132,
      -0.4864239034690947,
      -0.4065454915639869
    ],
    [
      -0.6182069285024724,
      0.6448181023627813,
      -0.44947726129004634
    ]
  ],
  "edge_weight_variance": 0.00023295450000000029,
  "event_nodes": [
    [
      0,
      0
    ],
    [
      1,
      0
    ],
    [
      2,
      0
    ],
    [
      3,
      0
    ],
    [
      4,
      0
    ]
  ],
  "event_edges": [
    {
      "type": "spatial",
      "from": [
        0,
        0
      ],
      "to": [
        1,
        0
      ],
      "weight": 2.3230956704680996
    },
    {
      "type": "spatial",
      "from": [
        0,
        0
      ],
      "to": [
        2,
        0
      ],
      "weight": 2.3633976501669314
    },
    {
      "type": "spatial",
      "from": [
        0,
        0
      ],
      "to": [
        3,
        0
      ],
      "weight": 1.921019626279299
    },
    {
      "type": "spatial",
      "from": [
        0,
        0
      ],
      "to": [
        4,
        0
      ],
      "weight": 0.5174017920188211
    },
    {
      "type": "spatial",
      "from": [
        1,
        0
      ],
      "to": [
        2,
        0
      ],
      "weight": 4.686493320635031
    },
    {
      "type": "spatial",
      "from": [
        1,
        0
      ],
      "to": [
        3,
        0
      ],
      "weight": 4.244115296747399
    },
    {
      "type": "spatial",
      "from": [
        1,
        0
      ],
      "to": [
        4,
        0
      ],
      "weight": 2.840497462486921
    },
    {
      "type": "spatial",
      "from": [
        2,
        0
      ],
      "to": [
        3,
        0
      ],
      "weight": 4.284417276446231
    },
    {
      "type": "spatial",
      "from": [
        2,
        0
      ],
      "to": [
        4,
        0
      ],
      "weight": 2.8807994421857526
    },
    {
      "type": "spatial",
      "from": [
        3,
        0
      ],
      "to": [
        4,
        0
      ],
      "weight": 2.43842141829812
    }
  ],
  "lorentzian_dissimilarity": [
    [
      0.0,
      5.396773494147629,
      5.585648452814573,
      3.690316404550257,
      0.2677046143842874
    ],
    [
      5.396773494147629,
      0.0,
      21.96321964435676,
      18.01251465208526,
      8.068425834394636
    ],
    [
      5.585648452814573,
      21.96321964435676,
      0.0,
      18.35623139871094,
      8.299005426097743
    ],
    [
      3.690316404550257,
      18.01251465208526,
      18.35623139871094,
      0.0,
      5.945899013215016
    ],
    [
      0.2677046143842874,
      8.068425834394636,
      8.299005426097743,
      5.945899013215016,
      0.0
    ]
  ],
  "lorentzian_embedding": [
    [
      0.0,
      0.45667963089738434,
      0.4236642766764232
    ],
    [
      0.0,
      -1.8718331843402733,
      1.6366892979034624
    ],
    [
      0.0,
      2.7926996831836326,
      1.6935649613359571
    ],
    [
      0.0,
      0.467027088113008,
      -1.8803534136564184
    ],
    [
      0.0,
      0.4504396209777117,
      0.3120300090858747
    ]
  ],
  "edge_length_evolution": [],
  "angle_deficit_evolution": [],
  "regge_action_evolution": [],
  "gromov_delta_evolution": [],
  "mass_hinge": null,