{
  "spec": {
    "num_qubits": 9,
    "topology": "complete",
    "custom_edges": "0-1:1.0000,0-2:0.9862,0-3:1.0000,0-4:1.0000,0-5:0.9766,0-6:0.9766,0-7:1.0000,0-8:1.0000,1-2:0.9531,1-3:1.0000,1-4:0.9537,1-5:0.9534,1-6:1.0000,1-7:0.8087,1-8:0.8275,2-3:0.9438,2-4:0.8987,2-5:1.0000,2-6:0.9092,2-7:0.8588,2-8:1.0000,3-4:0.9774,3-5:1.0000,3-6:0.8575,3-7:0.9456,3-8:1.0000,4-5:0.8849,4-6:1.0000,4-7:0.9399,4-8:0.9708,5-6:0.9398,5-7:1.0000,5-8:0.9987,6-7:0.8942,6-8:1.0000,7-8:0.8779",
    "alpha": 0.8,
    "weight": 1.0,
    "gamma": 0.3,
    "sigma": null,
    "init_angle": 0.0,
    "shots": 1024,
    "device": "simulator",
    "geometry": "hyperbolic",
    "curvature": 1.0
  },
  "uid": "SCA8FE",
  "counts": null,
  "mutual_information": {
    "I_0,1": 0.09341178988179522,
    "I_0,2": 0.519435800353263,
    "I_0,3": 0.3001160800606054,
    "I_0,4": 0.02274722804405027,
    "I_0,5": 2.6645352591003757e-15,
    "I_0,6": 4.565815536472506e-05,
    "I_0,7": 0.004029193066759085,
    "I_0,8": 0.08309837510590079,
    "I_1,2": 0.23992619079249733,
    "I_1,3": 0.0941104649836233,
    "I_1,4": 0.03687650836904388,
    "I_1,5": 0.002627273272614583,
    "I_1,6": 0.027696260965691666,
    "I_1,7": 0.5197838943986831,
    "I_1,8": 0.025332896654619796,
    "I_2,3": 0.16411678375700245,
    "I_2,4": 0.05855396438375171,
    "I_2,5": 0.004676372013445951,
    "I_2,6": 0.004642790557904286,
    "I_2,7": 0.05534760915243098,
    "I_2,8": 0.15257509278945258,
    "I_3,4": 0.018802624252721056,
    "I_3,5": 0.002239386871890403,
    "I_3,6": 0.0071685690753748865,
    "I_3,7": 0.06168970679958896,
    "I_3,8": 0.020221673137731766,
    "I_4,5": 0.29614472599811936,
    "I_4,6": 0.30299797878164464,
    "I_4,7": 0.02939626498288317,
    "I_4,8": 0.0076582860380215445,
    "I_5,6": 0.05724107221574326,
    "I_5,7": 3.050282260896875e-05,
    "I_5,8": 4.773959005888173e-15,
    "I_6,7": 0.07335566009766048,
    "I_6,8": 3.3861802251067274e-15,
    "I_7,8": 0.00025360777874539053
  },
  "edge_mi": {
    "0,1": 0.09341178988179522,
    "0,2": 0.519435800353263,
    "0,3": 0.3001160800606054,
    "0,4": 0.02274722804405027,
    "0,5": 2.6645352591003757e-15,
    "0,6": 4.565815536472506e-05,
    "0,7": 0.004029193066759085,
    "0,8": 0.08309837510590079,
    "1,2": 0.23992619079249733,
    "1,3": 0.0941104649836233,
    "1,4": 0.03687650836904388,
    "1,5": 0.002627273272614583,
    "1,6": 0.027696260965691666,
    "1,7": 0.5197838943986831,
    "1,8": 0.025332896654619796,
    "2,3": 0.16411678375700245,
    "2,4": 0.05855396438375171,
    "2,5": 0.004676372013445951,
    "2,6": 0.004642790557904286,
    "2,7": 0.05534760915243098,
    "2,8": 0.15257509278945258,
    "3,4": 0.018802624252721056,
    "3,5": 0.002239386871890403,
    "3,6": 0.0071685690753748865,
    "3,7": 0.06168970679958896,
    "3,8": 0.020221673137731766,
    "4,5": 0.29614472599811936,
    "4,6": 0.30299797878164464,
    "4,7": 0.02939626498288317,
    "4,8": 0.0076582860380215445,
    "5,6": 0.05724107221574326,
    "5,7": 3.050282260896875e-05,
    "5,8": 4.773959005888173e-15,
    "6,7": 0.07335566009766048,
    "6,8": 3.3861802251067274e-15,
    "7,8": 0.00025360777874539053
  },
  "distance_matrix": [
    [
      0.0,
      2.082435997069545,
      0.6550120557651841,
      1.2035859456300604,
      3.4928185376234104,
      4.709725542590466,
      4.686847681806069,
      2.7367781385515486,
      2.4877301307908377
    ],
    [
      2.082435997069545,
      0.0,
      1.427423941304361,
      2.363286027271205,
      3.3001805602355128,
      4.517087565202568,
      3.266777753239986,
      0.6543421414820035,
      3.307522333699791
    ],
    [
      0.6550120557651841,
      1.427423941304361,
      0.0,
      1.8071770084987693,
      2.8378064818582263,
      4.054713486825282,
      4.031835626040885,
      2.0817660827863644,
      1.8800983923954298
    ],
    [
      1.2035859456300604,
      2.363286027271205,
      1.8071770084987693,
      0.0,
      3.973758830977025,
      5.19066583594408,
      4.9380492153649875,
      2.7856381885747865,
      3.6872754008941993
    ],
    [
      3.4928185376234104,
      3.3001805602355128,
      2.8378064818582263,
      3.973758830977025,
      0.0,
      1.2169070049670554,
      1.1940291441826585,
      3.5268876541064746,
      4.717904874253656
    ],
    [
      4.709725542590466,
      4.517087565202568,
      4.054713486825282,
      5.19066583594408,
      1.2169070049670554,
      0.0,
      2.410936149149714,
      4.74379465907353,
      5.934811879220712
    ],
    [
      4.686847681806069,
      3.266777753239986,
      4.031835626040885,
      4.9380492153649875,
      1.1940291441826585,
      2.410936149149714,
      0.0,
      2.6124356117579826,
      5.911934018436314
    ],
    [
      2.7367781385515486,
      0.6543421414820035,
      2.0817660827863644,
      2.7856381885747865,
      3.5268876541064746,
      4.74379465907353,
      2.6124356117579826,
      0.0,
      3.961864475181794
    ],
    [
      2.4877301307908377,
      3.307522333699791,
      1.8800983923954298,
      3.6872754008941993,
      4.717904874253656,
      5.934811879220711,
      5.911934018436314,
      3.9618644751817946,
      0.0
    ]
  ],
  "shortest_paths": {
    "0": {
      "0": 0,
      "2": 0.6550120557651841,
      "3": 1.2035859456300604,
      "1": 2.082435997069545,
      "8": 2.4877301307908377,
      "7": 2.7367781385515486,
      "4": 3.4928185376234104,
      "6": 4.686847681806069,
      "5": 4.709725542590466
    },
    "1": {
      "1": 0,
      "7": 0.6543421414820035,
      "2": 1.427423941304361,
      "0": 2.082435997069545,
      "3": 2.363286027271205,
      "6": 3.266777753239986,
      "4": 3.3001805602355128,
      "8": 3.307522333699791,
      "5": 4.517087565202568
    },
    "2": {
      "2": 0,
      "0": 0.6550120557651841,
      "1": 1.427423941304361,
      "3": 1.8071770084987693,
      "8": 1.8800983923954298,
      "7": 2.0817660827863644,
      "4": 2.8378064818582263,
      "6": 4.031835626040885,
      "5": 4.054713486825282
    },
    "3": {
      "3": 0,
      "0": 1.2035859456300604,
      "2": 1.8071770084987693,
      "1": 2.363286027271205,
      "7": 2.7856381885747865,
      "8": 3.6872754008941993,
      "4": 3.973758830977025,
      "6": 4.9380492153649875,
      "5": 5.19066583594408
    },
    "4": {
      "4": 0,
      "6": 1.1940291441826585,
      "5": 1.2169070049670554,
      "2": 2.8378064818582263,
      "1": 3.3001805602355128,
      "0": 3.4928185376234104,
      "7": 3.5268876541064746,
      "3": 3.973758830977025,
      "8": 4.717904874253656
    },
    "5": {
      "5": 0,
      "4": 1.2169070049670554,
      "6": 2.410936149149714,
      "2": 4.054713486825282,
      "1": 4.517087565202568,
      "0": 4.709725542590466,
      "7": 4.74379465907353,
      "3": 5.19066583594408,
      "8": 5.934811879220712
    },
    "6": {
      "6": 0,
      "4": 1.1940291441826585,
      "5": 2.410936149149714,
      "7": 2.6124356117579826,
      "1": 3.266777753239986,
      "2": 4.031835626040885,
      "0": 4.686847681806069,
      "3": 4.9380492153649875,
      "8": 5.911934018436314
    },
    "7": {
      "7": 0,
      "1": 0.6543421414820035,
      "2": 2.0817660827863644,
      "6": 2.6124356117579826,
      "0": 2.7367781385515486,
      "3": 2.7856381885747865,
      "4": 3.5268876541064746,
      "8": 3.961864475181794,
      "5": 4.74379465907353
    },
    "8": {
      "8": 0,
      "2": 1.8800983923954298,
      "0": 2.4877301307908377,
      "1": 3.307522333699791,
      "3": 3.6872754008941993,
      "7": 3.9618644751817946,
      "4": 4.717904874253656,
      "6": 5.911934018436314,
      "5": 5.934811879220711
    }
  },
  "gromov_delta": 4.717904874253657,
  "mean_distance": 2.824489984512407,