{
  "spec": {
    "num_qubits": 5,
    "topology": "complete",
    "custom_edges": "0-1:0.3093,0-2:0.1696,0-3:0.3425,0-4:0.5351,1-2:0.1485,1-3:0.1485,1-4:0.5474,2-3:0.3688,2-4:0.0967,3-4:0.3194",
    "alpha": 0.8,
    "weight": 0.2,
    "gamma": 0.5,
    "sigma": 2.0,
    "init_angle": 0.0,
    "shots": 1024,
    "device": "simulator",
    "geometry": "spherical",
    "curvature": 11.0
  },
  "uid": "P7J1YB",
  "counts": null,
  "mutual_information": {
    "I_0,1": 0.23072709764210042,
    "I_0,2": 0.4330527403763441,
    "I_0,3": 0.6896908947663323,
    "I_0,4": 0.1019466627542217,
    "I_1,2": 0.1279464626817871,
    "I_1,3": 0.1587862296254805,
    "I_1,4": 0.10805693765636865,
    "I_2,3": 0.8173205574787744,
    "I_2,4": 0.09278137740133818,
    "I_3,4": 0.09304162828379747
  },
  "edge_mi": {
    "0,1": 0.23072709764210042,
    "0,2": 0.4330527403763441,
    "0,3": 0.6896908947663323,
    "0,4": 0.1019466627542217,
    "1,2": 0.1279464626817871,
    "1,3": 0.1587862296254805,
    "1,4": 0.10805693765636865,
    "2,3": 0.8173205574787744,
    "2,4": 0.09278137740133818,
    "3,4": 0.09304162828379747
  },
  "distance_matrix": [
    [
      0.0,
      1.4665196623468468,
      0.5732356622224776,
      0.3715117603627408,
      2.2833055166394605
    ],
    [
      1.4665196623468468,
      0.0,
      2.0397553245693247,
      1.8380314227095877,
      2.2250969902573563
    ],
    [
      0.5732356622224776,
      2.0397553245693243,
      0.0,
      0.20172390185973677,
      2.3775093338823603
    ],
    [
      0.3715117603627408,
      1.8380314227095877,
      0.20172390185973677,
      0.0,
      2.374708270024206
    ],
    [
      2.2833055166394605,
      2.2250969902573563,
      2.3775093338823603,
      2.374708270024206,
      0.0
    ]
  ],
  "shortest_paths": {
    "0": {
      "0": 0,
      "3": 0.3715117603627408,
      "2": 0.5732356622224776,
      "1": 1.4665196623468468,
      "4": 2.2833055166394605
    },
    "1": {
      "1": 0,
      "0": 1.4665196623468468,
      "3": 1.8380314227095877,
      "2": 2.0397553245693247,
      "4": 2.2250969902573563
    },
    "2": {
      "2": 0,
      "3": 0.20172390185973677,
      "0": 0.5732356622224776,
      "1": 2.0397553245693243,
      "4": 2.3775093338823603
    },
    "3": {
      "3": 0,
      "2": 0.20172390185973677,
      "0": 0.3715117603627408,
      "1": 1.8380314227095877,
      "4": 2.374708270024206
    },
    "4": {
      "4": 0,
      "1": 2.2250969902573563,
      "0": 2.2833055166394605,
      "3": 2.374708270024206,
      "2": 2.3775093338823603
    }
  },
  "gromov_delta": 2.275246851023415,
  "mean_distance": 1.2601118275899277,
  "angle_sums": [
    3.14159278634389,
    3.141592653589793,
    5.3752736747561665,
    3.1415926684909543,
    4.696210484891582,
    4.172050316005938,
    3.1415927205845966,
    3.141592653589793,
    3.141592653589793,
    3.8293704654413574
  ],
  "mean_angle_sum": 3.692246107728387,
  "min_angle_sum": 3.141592653589793,
  "max_angle_sum": 5.3752736747561665,
  "angle_sum_deviations": [
    1.3275409704860408e-07,
    0.0,
    2.2336810211663733,
    1.4901161193847656e-08,
    1.5546178313017887,
    1.0304576624161452,
    6.699480348260067e-08,
    0.0,
    0.0,
    0.6877778118515643
  ],
  "triangle_inequality_violations": [],
  "embedding_coords": [
    [
      -0.04236827306228964,
      -0.25545424401147176
    ],
    [
      -0.29730146576749794,
      -0.030015121996772295
    ],
    [
      -0.26518051729251996,
      0.1394256702261625
    ],
    [
      -0.2824784641288641,
      -0.0028557617166109404
    ],
    [
      -0.07523964979124396,
      -0.20791287736475078
    ]
  ],
  "embedding_coords_3d": [
    [
      -0.04236827306228964,
      -0.25545424401147176,
      -0.15445759794628958
    ],
    [
      -0.29730146576749794,
      -0.030015121996772295,
      0.040249494569584744
    ],
    [
      -0.26518051729251996,
      0.1394256702261625,
      0.03389493530821132
    ],
    [
      -0.2824784641288641,
      -0.0028557617166109404,
      -0.10538905463807365
    ],
    [
      -0.07523964979124396,
      -0.20791287736475078,
      0.20498858854651392
    ]
  ],
  "edge_weight_variance": 0.022770069600000005
}