{
  "lorentzian_solution": {
    "stationary_edge_lengths": [
      0.8727299868828403,
      0.8733618039413735,
      0.9216968971838151,
      1.0099025726528952,
      0.9727780074568463,
      0.9164916560792168,
      1.0447411578889518,
      0.8557975442608168,
      0.9168578594140873,
      0.9465447373174767,
      0.9824279936868143,
      1.1140703845572055,
      0.8798695128633439,
      1.0056937753654447,
      1.036965827544817,
      0.8185801650879991,
      1.0430179407605753,
      0.8682096494749166,
      0.8260206371941119,
      1.1795542149013332,
      1.1862528132298236,
      1.1233589392465844,
      0.9218455076693483,
      0.8390688456025536,
      1.0736932106048627,
      0.9760609974958405,
      0.8488152939379116,
      0.9980707640445081,
      0.8137554084460874,
      1.1637281608315129,
      0.9035119926400068,
      1.0650089137415928,
      0.9246844304357644,
      1.0080272084711244,
      1.0186841117373118,
      0.8739417822102109,
      1.1878338511058235,
      1.1100531293444458,
      1.1757995766256757,
      1.1579309401710596
    ],
    "stationary_action": 0.0,
    "all_edges": [
      [
        [
          0,
          0
        ],
        [
          1,
          0
        ]
      ],
      [
        [
          0,
          0
        ],
        [
          2,
          0
        ]
      ],
      [
        [
          0,
          0
        ],
        [
          3,
          0
        ]
      ],
      [
        [
          0,
          0
        ],
        [
          4,
          0
        ]
      ],
      [
        [
          0,
          1
        ],
        [
          1,
          1
        ]
      ],
      [
        [
          0,
          1
        ],
        [
          2,
          1
        ]
      ],
      [
        [
          0,
          1
        ],
        [
          3,
          1
        ]
      ],
      [
        [
          0,
          1
        ],
        [
          4,
          1
        ]
      ],
      [
        [
          0,
          2
        ],
        [
          1,
          2
        ]
      ],
      [
        [
          0,
          2
        ],
        [
          2,
          2
        ]
      ],
      [
        [
          0,
          2
        ],
        [
          3,
          2
        ]
      ],
      [
        [
          0,
          2
        ],
        [
          4,
          2
        ]
      ],
      [
        [
          0,
          3
        ],
        [
          1,
          3
        ]
      ],
      [
        [
          0,
          3
        ],
        [
          2,
          3
        ]
      ],
      [
        [
          0,
          3
        ],
        [
          3,
          3
        ]
      ],
      [
        [
          0,
          3
        ],
        [
          4,
          3
        ]
      ],
      [
        [
          0,
          4
        ],
        [
          1,
          4
        ]
      ],
      [
        [
          0,
          4
        ],
        [
          2,
          4
        ]
      ],
      [
        [
          0,
          4
        ],
        [
          3,
          4
        ]
      ],
      [
        [
          0,
          4
        ],
        [
          4,
          4
        ]
      ],
      [
        [
          0,
          0
        ],
        [
          0,
          1
        ]
      ],
      [
        [
          1,
          0
        ],
        [
          1,
          1
        ]
      ],
      [
        [
          2,
          0
        ],
        [
          2,
          1
        ]
      ],
      [
        [
          3,
          0
        ],
        [
          3,
          1
        ]
      ],
      [
        [
          4,
          0
        ],
        [
          4,
          1
        ]
      ],
      [
        [
          0,
          1
        ],
        [
          0,
          2
        ]
      ],
      [
        [
          1,
          1
        ],
        [
          1,
          2
        ]
      ],
      [
        [
          2,
          1
        ],
        [
          2,
          2
        ]
      ],
      [
        [
          3,
          1
        ],
        [
          3,
          2
        ]
      ],
      [
        [
          4,
          1
        ],
        [
          4,
          2
        ]
      ],
      [
        [
          0,
          2
        ],
        [
          0,
          3
        ]
      ],
      [
        [
          1,
          2
        ],
        [
          1,
          3
        ]
      ],
      [
        [
          2,
          2
        ],
        [
          2,
          3
        ]
      ],
      [
        [
          3,
          2
        ],
        [
          3,
          3
        ]
      ],
      [
        [
          4,
          2
        ],
        [
          4,
          3
        ]
      ],
      [
        [
          0,
          3
        ],
        [
          0,
          4
        ]
      ],
      [
        [
          1,
          3
        ],
        [
          1,
          4
        ]
      ],
      [
        [
          2,
          3
        ],
        [
          2,
          4
        ]
      ],
      [
        [
          3,
          3
        ],
        [
          3,
          4
        ]
      ],
      [
        [
          4,
          3
        ],
        [
          4,
          4
        ]
      ]
    ]
  },
  "spec": {
    "num_qubits": 5,
    "topology": "star",
    "custom_edges": "0-1:1.0000,0-2:0.8617,0-3:1.0000,0-4:1.0000,1-2:0.7658,1-3:0.7659,1-4:1.0000,2-3:1.0000,2-4:0.5305,3-4:1.0000",
    "alpha": 0.8,
    "weight": 1.0,
    "gamma": 0.3,
    "sigma": null,
    "init_angle": 0.0,
    "init_angles": null,
    "shots": 20000,
    "device": "ibm_brisbane",
    "geometry": "hyperbolic",
    "curvature": 10.0,
    "timesteps": 5,
    "dimension": 2,
    "mass_hinge": null,
    "mass_value": 0.0,
    "solve_regge": false,
    "lorentzian": true
  },
  "uid": "0FPN81"
}