{
  "success": true,
  "target_entropies": [
    0.1,
    0.4,
    0.9,
    1.5,
    2.0,
    2.3,
    2.5,
    2.6,
    2.7
  ],
  "achieved_entropies": [
    0.46975265996577564,
    1.3309449437748277,
    1.7850529130464194,
    1.7792504261111637,
    2.2882163143136167,
    2.824704812106272,
    2.909020535170269,
    2.8697571728407976,
    2.8577417076960936
  ],
  "parameters": {
    "entanglement_strength": 1.2856171211132406,
    "weight": 0.5267136193085022,
    "gamma": 0.27141609571500186,
    "sigma": 0.434626173955606,
    "init_angle": 2.5168522646775937,
    "timesteps": 3,
    "asymmetry_strength": 0.6227438889084809
  },
  "loss": 0.0,
  "iterations": 0,
  "optimization_result": null,
  "message": "Skipped for large system"
}