{
  "success": true,
  "target_entropies": [
    0.1,
    0.8,
    1.5,
    2.0,
    2.2,
    2.3
  ],
  "achieved_entropies": [
    0.937550401297662,
    1.7573958345824972,
    2.1695843444299614,
    1.757395834582497,
    0.937550401297662,
    3.0432551786241688e-15
  ],
  "parameters": {
    "entanglement_strength": 1.7087001894607445,
    "weight": 1.0842705621620181,
    "gamma": 0.01,
    "sigma": 0.01,
    "init_angle": 0.0,
    "timesteps": 3,
    "asymmetry_strength": 0.4034335281603849
  },
  "loss": 1.6340953132502982,
  "iterations": 22,
  "optimization_result": {
    "fun": 1.6340953132502982,
    "jac": [
      -1.5298873372313115e-05,
      -9.059419935999639e-06,
      0.00019999557565716344,
      0.00019999557565716344,
      0.0,
      0.06000000532907055,
      6.883382756299079e-07
    ],
    "nfev": 240,
    "njev": 30,
    "nit": 22,
    "status": 0,
    "message": "CONVERGENCE: RELATIVE REDUCTION OF F <= FACTR*EPSMCH",
    "x": [
      1.7087001894607445,
      1.0842705621620181,
      0.01,
      0.01,
      0.0,
      3.0,
      0.4034335281603849
    ],
    "success": true,
    "hess_inv": 