{
  "success": true,
  "target_entropies": [
    0.1,
    0.6,
    1.3,
    1.8
  ],
  "achieved_entropies": [
    9.61027951144475e-16,
    9.61027951144475e-16,
    1.121199276335221e-15,
    3.2034265038149176e-16
  ],
  "parameters": {
    "entanglement_strength": 1.4687778279534796,
    "weight": -6.306016872830115e-08,
    "gamma": -2.172341878936828e-11,
    "sigma": -7.927905936514781e-08,
    "init_angle": 1.5811628211116576e-09,
    "timesteps": 0,
    "asymmetry_strength": -9.860814473931529e-08
  },
  "loss": 1.0331487198221667,
  "iterations": 3,
  "optimization_result": {
    "fun": 1.0331487198221667,
    "direc": [
      [
        1.0,
        0.0,
        0.0,
        0.0,
        0.0,
        0.0,
        0.0
      ],
      [
        0.0,
        1.0,
        0.0,
        0.0,
        0.0,
        0.0,
        0.0
      ],
      [
        0.0,
        0.0,
        1.0,
        0.0,
        0.0,
        0.0,
        0.0
      ],
      [
        0.0,
        0.0,
        0.0,
        1.0,
        0.0,
        0.0,
        0.0
      ],
      [
        0.0,
        0.0,
        0.0,
        0.0,
        1.0,
        0.0,
        0.0
      ],
      [
        0.0,
        0.0,
        0.0,
        0.0,
        0.0,
        1.0,
        0.0
      ],
      [
        0.0,
        0.0,
        0.0,
        0.0,
        0.0,
        0.0,
        1.0
      ]
    ],
    "nit": 3,
    "nfev": 436,
    "status": 0,
    "success": true,
    "message": "Optimization terminated successfully.",
    "x": [
      1.4687778279534796,
      -6.306016872830115e-08,
      -2.172341878936828e-11,
      -7.927905936514781e-08,
      1.5811628211116576e-09,
      1.365553232398597e-09,
      -9.860814473931529e-08
    ]
  }
}