{
  "success": true,
  "target_entropies": [
    0.1,
    0.4,
    0.9,
    1.5
  ],
  "achieved_entropies": [
    9.61027951144475e-16,
    9.61027951144475e-16,
    1.121199276335221e-15,
    3.2034265038149176e-16
  ],
  "parameters": {
    "entanglement_strength": 1.1196620533404904,
    "weight": -3.833964722394302e-08,
    "gamma": -4.899406249855915e-08,
    "sigma": 1.0497543173895522e-09,
    "init_angle": 8.759287758078932e-08,
    "timesteps": 0,
    "asymmetry_strength": 2.595845443630716e-08
  },
  "loss": 0.6671039652385091,
  "iterations": 3,
  "optimization_result": {
    "fun": 0.6671039652385091,
    "direc": [
      [
        1.0,
        0.0,
        0.0,
        0.0,
        0.0,
        0.0,
        0.0
      ],
      [
        0.0,
        1.0,
        0.0,
        0.0,
        0.0,
        0.0,
        0.0
      ],
      [
        0.0,
        0.0,
        1.0,
        0.0,
        0.0,
        0.0,
        0.0
      ],
      [
        0.0,
        0.0,
        0.0,
        1.0,
        0.0,
        0.0,
        0.0
      ],
      [
        0.0,
        0.0,
        0.0,
        0.0,
        1.0,
        0.0,
        0.0
      ],
      [
        0.0,
        0.0,
        0.0,
        0.0,
        0.0,
        1.0,
        0.0
      ],
      [
        0.0,
        0.0,
        0.0,
        0.0,
        0.0,
        0.0,
        1.0
      ]
    ],
    "nit": 3,
    "nfev": 430,
    "status": 0,
    "success": true,
    "message": "Optimization terminated successfully.",
    "x": [
      1.1196620533404904,
      -3.833964722394302e-08,
      -4.899406249855915e-08,
      1.0497543173895522e-09,
      8.759287758078932e-08,
      1.909760927715593e-09,
      2.595845443630716e-08
    ]
  }
}