{
  "success": true,
  "target_entropies": [
    0.1,
    0.4,
    0.9,
    1.5
  ],
  "achieved_entropies": [
    9.61027951144475e-16,
    9.61027951144475e-16,
    1.121199276335221e-15,
    3.2034265038149176e-16
  ],
  "parameters": {
    "entanglement_strength": 1.1196612858307156,
    "weight": -2.3941536238439104e-08,
    "gamma": 6.095829778582915e-08,
    "sigma": -1.8916530041467126e-08,
    "init_angle": 6.598073177848136e-08,
    "timesteps": 0,
    "asymmetry_strength": 5.217071271077879e-10
  },
  "loss": 0.6671039652386402,
  "iterations": 3,
  "optimization_result": {
    "fun": 0.6671039652386402,
    "direc": [
      [
        1.0,
        0.0,
        0.0,
        0.0,
        0.0,
        0.0,
        0.0
      ],
      [
        0.0,
        1.0,
        0.0,
        0.0,
        0.0,
        0.0,
        0.0
      ],
      [
        0.0,
        0.0,
        1.0,
        0.0,
        0.0,
        0.0,
        0.0
      ],
      [
        0.0,
        0.0,
        0.0,
        1.0,
        0.0,
        0.0,
        0.0
      ],
      [
        0.0,
        0.0,
        0.0,
        0.0,
        1.0,
        0.0,
        0.0
      ],
      [
        0.0,
        0.0,
        0.0,
        0.0,
        0.0,
        1.0,
        0.0
      ],
      [
        0.0,
        0.0,
        0.0,
        0.0,
        0.0,
        0.0,
        1.0
      ]
    ],
    "nit": 3,
    "nfev": 437,
    "status": 0,
    "success": true,
    "message": "Optimization terminated successfully.",
    "x": [
      1.1196612858307156,
      -2.3941536238439104e-08,
      6.095829778582915e-08,
      -1.8916530041467126e-08,
      6.598073177848136e-08,
      2.1639191603637877e-11,
      5.217071271077879e-10
    ]
  }
}