{
  "success": true,
  "target_entropies": [
    0.1,
    0.4,
    0.9
  ],
  "achieved_entropies": [
    0.6030645944888482,
    0.6030645944888481,
    -6.406853007629837e-16
  ],
  "parameters": {
    "entanglement_strength": 0.9502731166113415,
    "weight": 1.2098315038962966,
    "gamma": 0.10929592327963156,
    "sigma": 0.17453340896287073,
    "init_angle": 0.6816651181315808,
    "timesteps": 3,
    "asymmetry_strength": 0.6794332945639097
  },
  "loss": 0.491457229008083,
  "iterations": 0,
  "optimization_result": {
    "fun": 0.491457229008083,
    "jac": [
      -0.07745775093485496,
      -0.17747081689944194,
      0.034365621477730715,
      0.003490663315791532,
      -0.03992694488285609,
      0.05999999977795539,
      0.013588663459461811
    ],
    "nfev": 128,
    "njev": 16,
    "nit": 0,
    "status": 2,
    "message": "ABNORMAL: ",
    "x": [
      0.9502731166113415,
      1.2098315038962966,
      0.10929592327963156,
      0.17453340896287073,
      0.6816651181315808,
      3.0,
      0.6794332945639097
    ],
    "success": false,
    "hess_inv": "<7x7 LbfgsInvHessProduct with dtype=float64>"
  },
  "warning": "Used fallback parameters due to: ABNORMAL: "
}