{
  "experiment_name": "charge_injection",
  "timestamp": "20250616_103020",
  "total_runs": 80,
  "patterns": [
    "linear",
    "random",
    "oscillating",
    "pulse"
  ],
  "strengths": [
    0.2,
    0.4,
    0.6000000000000001,
    0.8,
    1.0
  ],
  "average_curvatures": {
    "linear": 1.7378765093667424e-13,
    "random": 2.4713564528155984e-14,
    "oscillating": -4.8050452505776795e-14,
    "pulse": 1.944000516118652e-15
  },
  "average_mi": {
    "linear": 0.0006831123971072162,
    "random": 0.0005883926817836294,
    "oscillating": 0.0005353119834717244,
    "pulse": 0.0005242520776616639
  }
}