{
  "success": true,
  "target_entropies": [
    0.1,
    0.4,
    0.9
  ],
  "achieved_entropies": [
    0.5936870672203166,
    0.5936870672203169,
    2.5627412030519317e-15
  ],
  "parameters": {
    "entanglement_strength": 1.1198776873825593,
    "weight": 1.2481908420108714,
    "gamma": 0.21732946009555712,
    "sigma": 0.17568965407467607,
    "init_angle": 0.634154377434454,
    "timesteps": 3,
    "asymmetry_strength": 0.6313982062610233
  },
  "loss": 0.49065740842473693,
  "iterations": 1,
  "optimization_result": {
    "fun": 0.49065740842473693,
    "jac": [
      0.08482704590345909,
      0.10158766112333788,
      -0.24799839972453147,
      0.0035137892614066466,
      0.07176863511835471,
      0.059999994226840235,
      0.012627965276620447
    ],
    "nfev": 88,
    "njev": 11,
    "nit": 1,
    "status": 0,
    "message": "CONVERGENCE: RELATIVE REDUCTION OF F <= FACTR*EPSMCH",
    "x": [
      1.1198776873825593,
      1.2481908420108714,
      0.21732946009555712,
      0.17568965407467607,
      0.634154377434454,
      3.0,
      0.6313982062610233
    ],
    "success": true,
    "hess_inv": "<7x7 LbfgsInvHessProduct with dtype=float64>"
  }
}