{
  "success": true,
  "target_entropies": [
    0.2,
    0.8,
    1.4
  ],
  "achieved_entropies": [
    0.7184277516132135,
    0.7184277516132136,
    2.883083853433423e-15
  ],
  "parameters": {
    "entanglement_strength": 0.9919310257039156,
    "weight": 0.9375380105443902,
    "gamma": 0.1295046511614998,
    "sigma": 0.4616639350484302,
    "init_angle": 1.5342934453261765,
    "timesteps": 3,
    "asymmetry_strength": 0.8115158699820175
  },
  "loss": 0.9955415882544955,
  "iterations": 0,
  "optimization_result": {
    "fun": 0.9955415882544955,
    "jac": [
      -0.16686515418838352,
      -0.2988459353841543,
      0.0010034084679541202,
      0.009233269709227316,
      -0.024743041099834898,
      0.059999994226840235,
      0.016230317008750987
    ],
    "nfev": 128,
    "njev": 16,
    "nit": 0,
    "status": 2,
    "message": "ABNORMAL: ",
    "x": [
      0.9919310257039156,
      0.9375380105443902,
      0.1295046511614998,
      0.4616639350484302,
      1.5342934453261765,
      3.0,
      0.8115158699820175
    ],
    "success": false,
    "hess_inv": "<7x7 LbfgsInvHessProduct with dtype=float64>"
  },
  "warning": "Used fallback parameters due to: ABNORMAL: "
}