{
  "steps": [
    0,
    1,
    2,
    3,
    4,
    5,
    6,
    7,
    8,
    9
  ],
  "entropies": [
    0.9999009357227437,
    3.5684590891243344,
    5.234882216537114,
    5.202517491532018,
    3.6535608856366038,
    0.9991082581888838,
    3.738842991756378,
    5.1995209642824864,
    5.169014227303398,
    3.561564696244729
  ],
  "curvatures": [
    4.4408920985006264e-17,
    6.661338147750939e-17,
    8.881784197001253e-17,
    1.3322676295501878e-16,
    1.7763568394002506e-16,
    1.3322676295501878e-16,
    6.661338147750939e-17,
    1.3322676295501878e-16,
    8.881784197001253e-17,
    4.4408920985006264e-17
  ],
  "distances": [
    0.36791588668759406,
    0.883260493351065,
    0.9956075032148927,
    0.9958797591605351,
    0.8876397414691636,
    0.7472830563862954,
    0.8891268732861062,
    0.9965704109622143,
    0.9971909844218468,
    0.8814745465939711
  ],
  "topology_changes": [
    [
      [
        0,
        1
      ],
      [
        1,
        2
      ],
      [
        2,
        3
      ],
      [
        3,
        4
      ],
      [
        4,
        5
      ]
    ],
    [
      [
        0,
        1
      ],
      [
        1,
        2
      ],
      [
        2,
        3
      ],
      [
        3,
        4
      ],
      [
        4,
        5
      ],
      [
        0,
        2
      ],
      [
        0,
        3
      ],
      [
        0,
        4
      ],
      [
        0,
        5
      ],
      [
        1,
        3
      ],
      [
        1,
        4
      ],
      [
        1,
        5
      ],
      [
        2,
        4
      ],
      [
        2,
        5
      ],
      [
        3,
        5
      ]
    ],
    [
      [
        0,
        1
      ],
      [
        1,
        2
      ],
      [
        2,
        3
      ],
      [
        3,
        4
      ],
      [
        4,
        5
      ],
      [
        0,
        2
      ],
      [
        0,
        3
      ],
      [
        0,
        4
      ],
      [
        0,
        5
      ],
      [
        1,
        3
      ],
      [
        1,
        4
      ],
      [
        1,
        5
      ],
      [
        2,
        4
      ],
      [
        2,
        5
      ],
      [
        3,
        5
      ]
    ],
    [
      [
        0,
        1
      ],
      [
        1,
        2
      ],
      [
        2,
        3
      ],
      [
        3,
        4
      ],
      [
        4,
        5
      ],
      [
        0,
        2
      ],
      [
        0,
        3
      ],
      [
        0,
        4
      ],
      [
        0,
        5
      ],
      [
        1,
        3
      ],
      [
        1,
        4
      ],
      [
        1,
        5
      ],
      [
        2,
        4
      ],
      [
        2,
        5
      ],
      [
        3,
        5
      ]
    ],
    [
      [
        0,
        1
      ],
      [
        1,
        2
      ],
      [
        2,
        3
      ],
      [
        3,
        4
      ],
      [
        4,
        5
      ],
      [
        0,
        2
      ],
      [
        0,
        3
      ],
      [
        0,
        4
      ],
      [
        0,
        5
      ],
      [
        1,
        3
      ],
      [
        1,
        4
      ],
      [
        1,
        5
      ],
      [
        2,
        4
      ],
      [
        2,
        5
      ],
      [
        3,
        5
      ]
    ],
    [
      [
        0,
        1
      ],
      [
        1,
        2
      ],
      [
        2,
        3
      ],
      [
        3,
        4
      ],
      [
        4,
        5
      ],
      [
        0,
        2
      ],
      [
        0,
        3
      ],
      [
        0,
        4
      ],
      [
        0,
        5
      ],
      [
        1,
        3
      ],
      [
        1,
        4
      ],
      [
        1,
        5
      ],
      [
        2,
        4
      ],
      [
        2,
        5
      ],
      [
        3,
        5
      ]
    ],
    [
      [
        0,
        1
      ],
      [
        1,
        2
      ],
      [
        2,
        3
      ],
      [
        3,
        4
      ],
      [
        4,
        5
      ],
      [
        0,
        2
      ],
      [
        0,
        3
      ],
      [
        0,
        4
      ],
      [
        0,
        5
      ],
      [
        1,
        3
      ],
      [
        1,
        4
      ],
      [
        1,
        5
      ],
      [
        2,
        4
      ],
      [
        2,
        5
      ],
      [
        3,
        5
      ]
    ],
    [
      [
        0,
        1
      ],
      [
        1,
        2
      ],
      [
        2,
        3
      ],
      [
        3,
        4
      ],
      [
        4,
        5
      ],
      [
        0,
        2
      ],
      [
        0,
        3
      ],
      [
        0,
        4
      ],
      [
        0,
        5
      ],
      [
        1,
        3
      ],
      [
        1,
        4
      ],
      [
        1,
        5
      ],
      [
        2,
        4
      ],
      [
        2,
        5
      ],
      [
        3,
        5
      ]
    ],
    [
      [
        0,
        1
      ],
      [
        1,
        2
      ],
      [
        2,
        3
      ],
      [
        3,
        4
      ],
      [
        4,
        5
      ],
      [
        0,
        2
      ],
      [
        0,
        3
      ],
      [
        0,
        4
      ],
      [
        0,
        5
      ],
      [
        1,
        3
      ],
      [
        1,
        4
      ],
      [
        1,
        5
      ],
      [
        2,
        4
      ],
      [
        2,
        5
      ],
      [
        3,
        5
      ]
    ],
    [
      [
        0,
        1
      ],
      [
        1,
        2
      ],
      [
        2,
        3
      ],
      [
        3,
        4
      ],
      [
        4,
        5
      ],
      [
        0,
        2
      ],
      [
        0,
        3
      ],
      [
        0,
        4
      ],
      [
        0,
        5
      ],
      [
        1,
        3
      ],
      [
        1,
        4
      ],
      [
        1,
        5
      ],
      [
        2,
        4
      ],
      [
        2,
        5
      ],
      [
        3,
        5
      ]
    ]
  ]
}