{
  "phases": [
    0.0,
    0.0,
    0.0,
    0.0,
    0.0,
    0.0,
    0.0,
    0.0,
    0.0,
    0.0,
    0.6981317007977318,
    0.6981317007977318,
    0.6981317007977318,
    0.6981317007977318,
    0.6981317007977318,
    0.6981317007977318,
    0.6981317007977318,
    0.6981317007977318,
    0.6981317007977318,
    0.6981317007977318,
    1.3962634015954636,
    1.3962634015954636,
    1.3962634015954636,
    1.3962634015954636,
    1.3962634015954636,
    1.3962634015954636,
    1.3962634015954636,
    1.3962634015954636,
    1.3962634015954636,
    1.3962634015954636,
    2.0943951023931953,
    2.0943951023931953,
    2.0943951023931953,
    2.0943951023931953,
    2.0943951023931953,
    2.0943951023931953,
    2.0943951023931953,
    2.0943951023931953,
    2.0943951023931953,
    2.0943951023931953,
    2.792526803190927,
    2.792526803190927,
    2.792526803190927,
    2.792526803190927,
    2.792526803190927,
    2.792526803190927,
    2.792526803190927,
    2.792526803190927,
    2.792526803190927,
    2.792526803190927,
    3.490658503988659,
    3.490658503988659,
    3.490658503988659,
    3.490658503988659,
    3.490658503988659,
    3.490658503988659,
    3.490658503988659,
    3.490658503988659,
    3.490658503988659,
    3.490658503988659,
    4.1887902047863905,
    4.1887902047863905,
    4.1887902047863905,
    4.1887902047863905,
    4.1887902047863905,
    4.1887902047863905,
    4.1887902047863905,
    4.1887902047863905,
    4.1887902047863905,
    4.1887902047863905,
    4.886921905584122,
    4.886921905584122,
    4.886921905584122,
    4.886921905584122,
    4.886921905584122,
    4.886921905584122,
    4.886921905584122,
    4.886921905584122,
    4.886921905584122,
    4.886921905584122,
    5.585053606381854,
    5.585053606381854,
    5.585053606381854,
    5.585053606381854,
    5.585053606381854,
    5.585053606381854,
    5.585053606381854,
    5.585053606381854,
    5.585053606381854,
    5.585053606381854,
    6.283185307179586,
    6.283185307179586,
    6.283185307179586,
    6.283185307179586,
    6.283185307179586,
    6.283185307179586,
    6.283185307179586,
    6.283185307179586,
    6.283185307179586,
    6.283185307179586
  ],
  "strengths": [
    0.0,
    0.6981317007977318,
    1.3962634015954636,
    2.0943951023931953,
    2.792526803190927,
    3.490658503988659,
    4.1887902047863905,
    4.886921905584122,
    5.585053606381854,
    6.283185307179586,
    0.0,
    0.6981317007977318,
    1.3962634015954636,
    2.0943951023931953,
    2.792526803190927,
    3.490658503988659,
    4.1887902047863905,
    4.886921905584122,
    5.585053606381854,
    6.283185307179586,
    0.0,
    0.6981317007977318,
    1.3962634015954636,
    2.0943951023931953,
    2.792526803190927,
    3.490658503988659,
    4.1887902047863905,
    4.886921905584122,
    5.585053606381854,
    6.283185307179586,
    0.0,
    0.6981317007977318,
    1.3962634015954636,
    2.0943951023931953,
    2.792526803190927,
    3.490658503988659,
    4.1887902047863905,
    4.886921905584122,
    5.585053606381854,
    6.283185307179586,
    0.0,
    0.6981317007977318,
    1.3962634015954636,
    2.0943951023931953,
    2.792526803190927,
    3.490658503988659,
    4.1887902047863905,
    4.886921905584122,
    5.585053606381854,
    6.283185307179586,
    0.0,
    0.6981317007977318,
    1.3962634015954636,
    2.0943951023931953,
    2.792526803190927,
    3.490658503988659,
    4.1887902047863905,
    4.886921905584122,
    5.585053606381854,
    6.283185307179586,
    0.0,
    0.6981317007977318,
    1.3962634015954636,
    2.0943951023931953,
    2.792526803190927,
    3.490658503988659,
    4.1887902047863905,
    4.886921905584122,
    5.585053606381854,
    6.283185307179586,
    0.0,
    0.6981317007977318,
    1.3962634015954636,
    2.0943951023931953,
    2.792526803190927,
    3.490658503988659,
    4.1887902047863905,
    4.886921905584122,
    5.585053606381854,
    6.283185307179586,
    0.0,
    0.6981317007977318,
    1.3962634015954636,
    2.0943951023931953,
    2.792526803190927,
    3.490658503988659,
    4.1887902047863905,
    4.886921905584122,
    5.585053606381854,
    6.283185307179586,
    0.0,
    0.6981317007977318,
    1.3962634015954636,
    2.0943951023931953,
    2.792526803190927,
    3.490658503988659,
    4.1887902047863905,
    4.886921905584122,
    5.585053606381854,
    6.283185307179586
  ],
  "entropies": [
    0.9995349089288796,
    3.491544865302449,
    4.163597842796977,
    4.220330166287251,
    2.134211579132429,
    2.058973928937231,
    4.328917197794622,
    4.123202300597006,
    3.4472408718176206,
    0.9995349089288796,
    0.9998238825959875,
    3.509028386697946,
    4.469090194420817,
    4.33160188650529,
    2.044616296757949,
    2.0913482186706305,
    4.352310202208802,
    4.493250574212002,
    3.447678870028484,
    0.9999889930794672,
    0.9987861499393461,
    3.3743162625837897,
    4.8886227091419325,
    4.365669042036625,
    2.0398772658601603,
    1.8427028942486978,
    4.410928090324668,
    4.90325835092591,
    3.3970189112301785,
    0.9987861499393461,
    0.9997770990017212,
    3.1139115220162026,
    4.719553291036438,
    4.1098609989237715,
    1.7544051854443414,
    1.7634033894552723,
    4.165002752870637,
    4.713688534779921,
    3.1457574753230126,
    0.9999972482729513,
    0.9998651613979794,
    2.7164295220523496,
    4.091053376099073,
    3.5048056562050527,
    1.6562551177325604,
    1.717409335178219,
    3.6442643291296055,
    4.129389251872987,
    2.6610344254311746,
    0.9998238825959875,
    0.9999559719906115,
    2.617609884265132,
    4.057733777874146,
    3.579654835781481,
    1.5812988815234301,
    1.567145228749516,
    3.622007710290237,
    4.077644244962936,
    2.6086126061925015,
    0.9996670159659137,
    0.9968166668359455,
    2.9652319248050554,
    4.709093710491755,
    4.07821747460512,
    1.6575308149798345,
    1.7444945655067523,
    4.123732075846508,
    4.71394170082784,
    2.8756152639077905,
    0.9979930635667161,
    0.9979930635667161,
    3.3307613575449153,
    4.900563493878732,
    4.414393102667029,
    2.017115683999689,
    2.0133787513799692,
    4.368550787418706,
    4.869701535737354,
    3.317749983815175,
    0.9999559719906115,
    0.9995349089288796,
    3.4747777948046843,
    4.537406310888116,
    4.3275798679806545,
    1.991317960287543,
    2.0616075997282977,
    4.290789554461216,
    4.492960952896297,
    3.5480340819363425,
    0.999975234353679,
    0.9964308234375935,
    3.4771923281555823,
    4.12104413996164,
    4.253404865959319,
    2.096788074134204,
    2.075353997657383,
    4.236527640177267,
    4.167891253822011,
    3.5135238521834258,
    0.9991082581888838
  ],