{
  "success": true,
  "target_entropies": [
    0.1,
    0.4,
    0.9,
    1.5
  ],
  "achieved_entropies": [
    0.06560715156483522,
    0.0891098414897355,
    0.06560715156483558,
    3.3635978290056594e-15
  ],
  "parameters": {
    "entanglement_strength": -0.03399248053704274,
    "weight": 1.711006056064766,
    "gamma": 2.837244799683726e-06,
    "sigma": 4.697183179302609e-06,
    "init_angle": 0.6436088123983004,
    "timesteps": 3,
    "asymmetry_strength": 1.1934923194268644e-05
  },
  "loss": 0.7799781152638205,
  "iterations": 2,
  "optimization_result": {
    "fun": 0.7799781152638205,
    "direc": [
      [
        0.0,
        0.0,
        0.0,
        0.0,
        0.0,
        0.0,
        1.0
      ],
      [
        0.0,
        1.0,
        0.0,
        0.0,
        0.0,
        0.0,
        0.0
      ],
      [
        0.0,
        0.0,
        1.0,
        0.0,
        0.0,
        0.0,
        0.0
      ],
      [
        0.0,
        0.0,
        0.0,
        1.0,
        0.0,
        0.0,
        0.0
      ],
      [
        0.0,
        0.0,
        0.0,
        0.0,
        1.0,
        0.0,
        0.0
      ],
      [
        0.0,
        0.0,
        0.0,
        0.0,
        0.0,
        1.0,
        0.0
      ],
      [
        -0.03401076199615338,
        0.02288336657865825,
        -0.005278400196039727,
        -0.00873862300780272,
        -0.009858593259486329,
        0.0,
        -0.022203688983320386
      ]
    ],
    "nit": 2,
    "nfev": 233,
    "status": 0,
    "success": true,
    "message": "Optimization terminated successfully.",
    "x": [
      -0.03399248053704274,
      1.711006056064766,
      2.837244799683726e-06,
      4.697183179302609e-06,
      0.6436088123983004,
      3.0,
      1.1934923194268644e-05
    ]
  }
}