{
  "success": true,
  "target_entropies": [
    0.1,
    0.4,
    0.9,
    1.5
  ],
  "achieved_entropies": [
    1.321413432823653e-15,
    1.414846705851588e-15,
    1.2413277702282802e-15,
    1.7618845770982037e-15
  ],
  "parameters": {
    "entanglement_strength": -6.478125335496561e-11,
    "weight": 1.7266348136893146,
    "gamma": -4.1381227128003203e-08,
    "sigma": -4.014872032856375e-11,
    "init_angle": 0.6440780253049255,
    "timesteps": 3,
    "asymmetry_strength": -1.8238217907900504e-11
  },
  "loss": 0.7799802210579863,
  "iterations": 4,
  "optimization_result": {
    "fun": 0.7799802210579863,
    "direc": [
      [
        1.0,
        0.0,
        0.0,
        0.0,
        0.0,
        0.0,
        0.0
      ],
      [
        0.0,
        0.0,
        0.0,
        0.0,
        0.0,
        0.0,
        1.0
      ],
      [
        0.0,
        0.0,
        1.0,
        0.0,
        0.0,
        0.0,
        0.0
      ],
      [
        0.0,
        0.0,
        0.0,
        1.0,
        0.0,
        0.0,
        0.0
      ],
      [
        0.0,
        0.0,
        0.0,
        0.0,
        1.0,
        0.0,
        0.0
      ],
      [
        0.0,
        0.0,
        0.0,
        0.0,
        0.0,
        1.0,
        0.0
      ],
      [
        -3.843270232421291e-11,
        -0.11812985195123217,
        -1.760402215417884e-08,
        -3.237427795900441e-11,
        0.2644273347065684,
        0.0,
        3.2374280329075223e-11
      ]
    ],
    "nit": 4,
    "nfev": 642,
    "status": 0,
    "success": true,
    "message": "Optimization terminated successfully.",
    "x": [
      -6.478125335496561e-11,
      1.7266348136893146,
      -4.1381227128003203e-08,
      -4.014872032856375e-11,
      0.6440780253049255,
      3.0,
      -1.8238217907900504e-11
    ]
  }
}