{
  "success": true,
  "target_entropies": [
    0.1,
    0.4,
    0.9
  ],
  "achieved_entropies": [
    0.580639968767795,
    0.5806399687677951,
    2.7229125282426773e-15
  ],
  "parameters": {
    "entanglement_strength": 1.3641817233917815,
    "weight": 1.4908822187012911,
    "gamma": 0.2636508086102561,
    "sigma": 0.32451382552041236,
    "init_angle": 0.6461798749461244,
    "timesteps": 3,
    "asymmetry_strength": 0.721230833144987
  },
  "loss": 0.49984450811559394,
  "iterations": 1,
  "optimization_result": {
    "fun": 0.49984450811559394,
    "jac": [
      0.4005142852841536,
      0.23842001296029958,
      0.09575357733981515,
      0.006490280538648015,
      0.2499963390395947,
      0.05999999977795539,
      0.014424622534998198
    ],
    "nfev": 88,
    "njev": 11,
    "nit": 1,
    "status": 0,
    "message": "CONVERGENCE: RELATIVE REDUCTION OF F <= FACTR*EPSMCH",
    "x": [
      1.3641817233917815,
      1.4908822187012911,
      0.2636508086102561,
      0.32451382552041236,
      0.6461798749461244,
      3.0,
      0.721230833144987
    ],
    "success": true,
    "hess_inv": "<7x7 LbfgsInvHessProduct with dtype=float64>"
  }
}