{
  "success": true,
  "target_entropies": [
    0.1,
    0.4,
    0.9,
    1.5
  ],
  "achieved_entropies": [
    0.3767545568071793,
    0.5435329126783001,
    0.37675455680717923,
    -6.406853007629837e-16
  ],
  "parameters": {
    "entanglement_strength": 0.5524901644363625,
    "weight": 0.9300543822724289,
    "gamma": 5.4741458259093456e-05,
    "sigma": 9.233002442316712e-05,
    "init_angle": -0.01315917519364514,
    "timesteps": 2,
    "asymmetry_strength": 0.0006377562592182069
  },
  "loss": 0.7069493450686707,
  "iterations": 5,
  "optimization_result": {
    "fun": 0.7069493450686707,
    "direc": [
      [
        0.0,
        0.0,
        0.0,
        0.0,
        0.0,
        0.0,
        1.0
      ],
      [
        0.0,
        1.0,
        0.0,
        0.0,
        0.0,
        0.0,
        0.0
      ],
      [
        0.0,
        0.0,
        1.0,
        0.0,
        0.0,
        0.0,
        0.0
      ],
      [
        0.0,
        0.0,
        0.0,
        1.0,
        0.0,
        0.0,
        0.0
      ],
      [
        0.0,
        0.0,
        0.0,
        0.0,
        1.0,
        0.0,
        0.0
      ],
      [
        0.0,
        0.0,
        0.0,
        0.0,
        0.0,
        1.0,
        0.0
      ],
      [
        0.05845803367361602,
        -0.02604653882217743,
        -0.005189879385959076,
        0.001365366627726955,
        -0.19708747864422715,
        0.0,
        0.00943107205323059
      ]
    ],
    "nit": 5,
    "nfev": 586,
    "status": 0,
    "success": true,
    "message": "Optimization terminated successfully.",
    "x": [
      0.5524901644363625,
      0.9300543822724289,
      5.4741458259093456e-05,
      9.233002442316712e-05,
      -0.01315917519364514,
      2.0,
      0.0006377562592182069
    ]
  }
}