{
  "experiment_name": "temporal_embedding_metric_enhanced",
  "timestamp": "20250711_154336",
  "parameters": {
    "device": "simulator",
    "shots": 1024,
    "num_timesteps_list": [
      2,
      3,
      4
    ],
    "num_qubits": 3,
    "use_controlled_rotations": true
  },
  "results": [
    {
      "num_timesteps": 2,
      "num_qubits": 3,
      "mi_results": {
        "mutual_information": 2.4312690960413037,
        "entropy_temporal": 1.2156345480206532,
        "entropy_system": 1.2156345480206543,
        "entropy_full": 3.967733676725306e-15
      },
      "mi_matrix": [
        [
          0.0,
          0.5912145602041468,
          0.20255614177804504,
          0.2025561417780446,
          0.20255614177804393
        ],
        [
          0.5912145602041468,
          0.0,
          0.21493672041518508,
          0.2149367204151864,
          0.2149367204151864
        ],
        [
          0.20255614177804504,
          0.21493672041518508,
          0.0,
          0.35819701784578584,
          0.35819701784578517
        ],
        [
          0.2025561417780446,
          0.2149367204151864,
          0.35819701784578584,
          0.0,
          0.35819701784578806
        ],
        [
          0.20255614177804393,
          0.2149367204151864,
          0.35819701784578517,
          0.35819701784578806,
          0.0
        ]
      ],
      "counts": {
        "01100 00000": 29,
        "11011 00000": 29,
        "10101 00000": 28,
        "11101 00000": 140,
        "10011 00000": 6,
        "00100 00000": 43,
        "11110 00000": 255,
        "11000 00000": 43,
        "11100 00000": 31,
        "10100 00000": 27,
        "01111 00000": 37,
        "01101 00000": 29,
        "10001 00000": 5,
        "11111 00000": 151,
        "11001 00000": 37,
        "10111 00000": 23,
        "01000 00000": 29,
        "00111 00000": 10,
        "00000 00000": 22,
        "10000 00000": 27,
        "01011 00000": 4,
        "00001 00000": 2,
        "00101 00000": 11,
        "01001 00000": 6
      },
      "use_controlled_rotations": true
    },
    {
      "num_timesteps": 3,
      "num_qubits": 3,
      "mi_results": {
        "mutual_information": 2.759526720789121,
        "entropy_temporal": 1.3797633603945634,
        "entropy_system": 1.3797633603945638,
        "entropy_full": 6.189219299327215e-15
      },
      "mi_matrix": [
        [
          0.0,
          0.4722724042240418,
          0.04794256813222897,
          0.09940592805335968,
          0.09940592805335857,
          0.09940592805335902
        ],
        [
          0.4722724042240418,
          0.0,
          0.15597222904291774,
          0.042159846861894446,
          0.04215984686189467,
          0.042159846861894223
        ],
        [
          0.04794256813222897,
          0.15597222904291774,
          0.0,
          0.06825715289339551,
          0.06825715289339551,
          0.06825715289339507
        ],
        [
          0.09940592805335968,
          0.042159846861894446,
          0.06825715289339551,
          0.0,
          0.3716898276464864,
          0.3716898276464866
        ],
        [
          0.09940592805335857,
          0.04215984686189467,
          0.06825715289339551,
          0.3716898276464864,
          0.0,
          0.37168982764648306
        ],
        [
          0.09940592805335902,
          0.042159846861894223,
          0.06825715289339507,
          0.3716898276464866,
          0.37168982764648306,
          0.0
        ]
      ],
      "counts": {
        "111100 000000": 104,
        "101101 000000": 10,
        "011010 000000": 18,
        "111110 000000": 109,
        "101010 000000": 13,
        "111001 000000": 113,
        "001000 000000": 24,
        "010110 000000": 1,
        "000101 000000": 22,
        "111010 000000": 51,
        "111000 000000": 15,
        "110111 000000": 20,
        "111111 000000": 57,
        "100000 000000": 18,
        "011000 000000": 18,
        "100101 000000": 23,
        "101111 000000": 16,
        "111101 000000": 6,
        "001111 000000": 6,
        "010010 000000": 12,
        "010000 000000": 21,
        "001010 000000": 5,
        "000000 000000": 22,
        "010111 000000": 8,
        "101000 000000": 13,
        "111011 000000": 99,
        "110011 000000": 15,
        "100011 000000": 1,
        "010101 000000": 17,
        "110101 000000": 14,
        "001101 000000": 16,
        "001011 000000": 3,
        "100111 000000": 13,
        "101011 000000": 8,
        "000111 000000": 1,
        "100010 000000": 21,
        "011101 000000": 9,
        "110000 000000": 17,
        "110010 000000": 16,
        "011110 000000": 10,
        "110110 000000": 7,
        "011011 000000": 9,
        "011001 000000": 1,
        "101110 000000": 6,
        "001110 000000": 1,
        "011111 000000": 13,
        "110001 000000": 2
      },
      "use_controlled_rotations": true
    },
    {
      "num_timesteps": 4,
      "num_qubits": 3,
      "mi_results": {
        "mutual_information": 3.0070413952653867,
        "entropy_temporal": 1.5035206976327002,
        "entropy_system": 1.503520697632697,
        "entropy_full": 1.0592662175791199e-14
      },
      "mi_matrix": [
        [
          0.0,
          0.5590027519472915,
          0.08664350426052891,
          0.014757281041418713,
          0.06893642433056124,
          0.06893642433056146,
          0.0689364243305608
        ],
        [
          0.5590027519472915,
          0.0,
          0.21644004717929377,
          0.07412071610552262,
          0.011138501402641499,
          0.01113850140264172,
          0.011138501402641277
        ],
        [
          0.08664350426052891,
          0.21644004717929377,
          0.0,
          0.14039387895788336,
          0.03310433788963607,
          0.03310433788963607,
          0.03310433788963607
        ],
        [
          0.014757281041418713,
          0.07412071610552262,
          0.14039387895788336,
          0.0,
          0.03882809657213082,
          0.03882809657213082,
          0.03882809657213104
        ],
        [
          0.06893642433056124,
          0.011138501402641499,
          0.03310433788963607,
          0.03882809657213082,
          0.0,
          0.3939582532291781,
          0.3939582532291781
        ],
        [
          0.06893642433056146,
          0.01113850140264172,
          0.03310433788963607,
          0.03882809657213082,
          0.3939582532291781,
          0.0,
          0.3939582532291781
        ],
        [
          0.0689364243305608,
          0.011138501402641277,
          0.03310433788963607,
          0.03882809657213104,
          0.3939582532291781,
          0.3939582532291781,
          0.0
        ]
      ],
      "counts": {
        "1110011 0000000": 48,
        "1001011 0000000": 5,
        "1110111 0000000": 69,
        "0001011 0000000": 9,
        "1011101 0000000": 9,
        "1100000 0000000": 10,
        "1111111 0000000": 32,
        "0100000 0000000": 7,
        "0100100 0000000": 5,
        "1111101 0000000": 34,
        "1000101 0000000": 5,
        "1000100 0000000": 6,
        "1111100 0000000": 59,
        "0111001 0000000": 7,
        "1011010 0000000": 3,
        "1100110 0000000": 4,
        "1110010 0000000": 59,
        "0000100 0000000": 2,
        "1010110 0000000": 14,
        "1101010 0000000": 5,
        "1101111 0000000": 12,
        "0110100 0000000": 7,
        "0111101 0000000": 12,
        "0011010 0000000": 8,
        "1111000 0000000": 57,
        "1101011 0000000": 6,
        "1010111 0000000": 1,
        "0000101 0000000": 30,
        "0101010 0000000": 14,
        "1011110 0000000": 6,
        "1100010 0000000": 6,
        "1110001 0000000": 62,
        "0101001 0000000": 11,
        "1111110 0000000": 32,
        "0010100 0000000": 5,
        "1001001 0000000": 4,
        "1111001 0000000": 8,
        "0011011 0000000": 8,