{
  "success": true,
  "target_entropies": [
    0.1,
    0.4,
    0.9,
    1.5
  ],
  "achieved_entropies": [
    0.5,
    1.0,
    1.5,
    1.6
  ],
  "parameters": {
    "entanglement_strength": -3.029488446666779e-08,
    "weight": 1.170478105483855e-08,
    "gamma": -1.8138202488922983e-08,
    "sigma": -1.0872774048717265e-09,
    "init_angle": 1.6581638630887102e-09,
    "timesteps": 0,
    "asymmetry_strength": -3.163839864361967e-11
  },
  "loss": 0.2225,
  "iterations": 2,
  "optimization_result": {
    "fun": 0.2225,
    "direc": [
      [
        1.0,
        0.0,
        0.0,
        0.0,
        0.0,
        0.0,
        0.0
      ],
      [
        0.0,
        1.0,
        0.0,
        0.0,
        0.0,
        0.0,
        0.0
      ],
      [
        0.0,
        0.0,
        1.0,
        0.0,
        0.0,
        0.0,
        0.0
      ],
      [
        0.0,
        0.0,
        0.0,
        1.0,
        0.0,
        0.0,
        0.0
      ],
      [
        0.0,
        0.0,
        0.0,
        0.0,
        1.0,
        0.0,
        0.0
      ],
      [
        0.0,
        0.0,
        0.0,
        0.0,
        0.0,
        1.0,
        0.0
      ],
      [
        0.0,
        0.0,
        0.0,
        0.0,
        0.0,
        0.0,
        1.0
      ]
    ],
    "nit": 2,
    "nfev": 304,
    "status": 0,
    "success": true,
    "message": "Optimization terminated successfully.",
    "x": [
      -3.029488446666779e-08,
      1.170478105483855e-08,
      -1.8138202488922983e-08,
      -1.0872774048717265e-09,
      1.6581638630887102e-09,
      -1.925749482847428e-10,
      -3.163839864361967e-11
    ]
  }
}