{
  "success": true,
  "target_entropies": [
    0.1,
    0.4,
    0.9,
    1.5
  ],
  "achieved_entropies": [
    0.37485386423952893,
    0.5392114274518556,
    0.374853864239529,
    2.5627412030519317e-15
  ],
  "parameters": {
    "entanglement_strength": 0.48363967564073873,
    "weight": 0.9857559826289596,
    "gamma": -2.7070327204257658e-11,
    "sigma": 1.3696998127889256e-09,
    "init_angle": -6.412140877760661e-08,
    "timesteps": 2,
    "asymmetry_strength": 1.1694892024942657e-08
  },
  "loss": 0.7072322151451567,
  "iterations": 4,
  "optimization_result": {
    "fun": 0.7072322151451567,
    "direc": [
      [
        1.0,
        0.0,
        0.0,
        0.0,
        0.0,
        0.0,
        0.0
      ],
      [
        0.0,
        1.0,
        0.0,
        0.0,
        0.0,
        0.0,
        0.0
      ],
      [
        0.0,
        0.0,
        1.0,
        0.0,
        0.0,
        0.0,
        0.0
      ],
      [
        0.0,
        0.0,
        0.0,
        1.0,
        0.0,
        0.0,
        0.0
      ],
      [
        0.0,
        0.0,
        0.0,
        0.0,
        1.0,
        0.0,
        0.0
      ],
      [
        0.0,
        0.0,
        0.0,
        0.0,
        0.0,
        1.0,
        0.0
      ],
      [
        0.0,
        0.0,
        0.0,
        0.0,
        0.0,
        0.0,
        1.0
      ]
    ],
    "nit": 4,
    "nfev": 649,
    "status": 0,
    "success": true,
    "message": "Optimization terminated successfully.",
    "x": [
      0.48363967564073873,
      0.9857559826289596,
      -2.7070327204257658e-11,
      1.3696998127889256e-09,
      -6.412140877760661e-08,
      2.000000000003318,
      1.1694892024942657e-08
    ]
  }
}