{
  "success": true,
  "target_entropies": [
    0.1,
    0.4,
    0.9
  ],
  "achieved_entropies": [
    6.406853007629834e-16,
    6.406853007629834e-16,
    1.2813706015259665e-15
  ],
  "parameters": {
    "entanglement_strength": 0.8252437189952396,
    "weight": 3.259252141336497e-10,
    "gamma": -1.4388342741895698e-08,
    "sigma": 7.133805460282468e-11,
    "init_angle": -3.689359691902637e-08,
    "timesteps": 0,
    "asymmetry_strength": -2.1638417393917805e-11
  },
  "loss": 0.2924635194677634,
  "iterations": 3,
  "optimization_result": {
    "fun": 0.2924635194677634,
    "direc": [
      [
        1.0,
        0.0,
        0.0,
        0.0,
        0.0,
        0.0,
        0.0
      ],
      [
        0.0,
        1.0,
        0.0,
        0.0,
        0.0,
        0.0,
        0.0
      ],
      [
        0.0,
        0.0,
        1.0,
        0.0,
        0.0,
        0.0,
        0.0
      ],
      [
        0.0,
        0.0,
        0.0,
        1.0,
        0.0,
        0.0,
        0.0
      ],
      [
        0.0,
        0.0,
        0.0,
        0.0,
        1.0,
        0.0,
        0.0
      ],
      [
        0.0,
        0.0,
        0.0,
        0.0,
        0.0,
        1.0,
        0.0
      ],
      [
        0.0,
        0.0,
        0.0,
        0.0,
        0.0,
        0.0,
        1.0
      ]
    ],
    "nit": 3,
    "nfev": 410,
    "status": 0,
    "success": true,
    "message": "Optimization terminated successfully.",
    "x": [
      0.8252437189952396,
      3.259252141336497e-10,
      -1.4388342741895698e-08,
      7.133805460282468e-11,
      -3.689359691902637e-08,
      8.440305709815882e-10,
      -2.1638417393917805e-11
    ]
  }
}