{
  "success": true,
  "target_entropies": [
    0.1,
    0.4,
    0.9,
    1.5,
    2.0
  ],
  "achieved_entropies": [
    0.5164038578965119,
    0.8171997628425729,
    0.8171997628425727,
    0.516403857896512,
    -2.2423985526704442e-15
  ],
  "parameters": {
    "entanglement_strength": 0.5389365706545819,
    "weight": 0.6980836584410912,
    "gamma": 0.19284561093320754,
    "sigma": 7.929701857011372e-08,
    "init_angle": 0.6042853034768236,
    "timesteps": 3,
    "asymmetry_strength": 7.929702817354288e-08
  },
  "loss": 1.1661542487944967,
  "iterations": 2,
  "optimization_result": {
    "fun": 1.1661542487944967,
    "direc": [
      [
        1.0,
        0.0,
        0.0,
        0.0,
        0.0,
        0.0,
        0.0
      ],
      [
        0.0,
        1.0,
        0.0,
        0.0,
        0.0,
        0.0,
        0.0
      ],
      [
        0.0,
        0.0,
        1.0,
        0.0,
        0.0,
        0.0,
        0.0
      ],
      [
        0.0,
        0.0,
        0.0,
        1.0,
        0.0,
        0.0,
        0.0
      ],
      [
        0.0,
        0.0,
        0.0,
        0.0,
        1.0,
        0.0,
        0.0
      ],
      [
        0.0,
        0.0,
        0.0,
        0.0,
        0.0,
        1.0,
        0.0
      ],
      [
        0.0,
        0.0,
        0.0,
        0.0,
        0.0,
        0.0,
        1.0
      ]
    ],
    "nit": 2,
    "nfev": 292,
    "status": 0,
    "success": true,
    "message": "Optimization terminated successfully.",
    "x": [
      0.5389365706545819,
      0.6980836584410912,
      0.19284561093320754,
      7.929701857011372e-08,
      0.6042853034768236,
      3.0,
      7.929702817354288e-08
    ]
  }
}