{
  "success": true,
  "target_entropies": [
    0.1,
    0.4,
    0.9,
    1.5
  ],
  "achieved_entropies": [
    0.3850321055698551,
    0.5398657944262445,
    0.385032105569855,
    1.121199276335221e-15
  ],
  "parameters": {
    "entanglement_strength": 0.4929577202668062,
    "weight": 0.6520753541111752,
    "gamma": 0.08861952617121899,
    "sigma": -5.050261496916589e-07,
    "init_angle": 0.5916919094653496,
    "timesteps": 3,
    "asymmetry_strength": -0.0007050852599406896
  },
  "loss": 0.7542610466344799,
  "iterations": 3,
  "optimization_result": {
    "fun": 0.7542610466344799,
    "direc": [
      [
        0.0,
        0.0,
        0.0,
        0.0,
        0.0,
        0.0,
        1.0
      ],
      [
        0.0,
        1.0,
        0.0,
        0.0,
        0.0,
        0.0,
        0.0
      ],
      [
        0.00036149108019242196,
        -1.5170470993497574e-06,
        4.038632356756326e-05,
        0.00017186640876530972,
        0.0003762491223002685,
        -0.0,
        0.00033411071369875394
      ],
      [
        0.0,
        0.0,
        0.0,
        1.0,
        0.0,
        0.0,
        0.0
      ],
      [
        0.0,
        0.0,
        0.0,
        0.0,
        1.0,
        0.0,
        0.0
      ],
      [
        0.0,
        0.0,
        0.0,
        0.0,
        0.0,
        1.0,
        0.0
      ],
      [
        6.461237452195285e-05,
        0.00011527084791684635,
        -0.009453756349348176,
        1.0541278979758966e-05,
        0.00032307926371438083,
        0.0,
        2.049239446094237e-05
      ]
    ],
    "nit": 3,
    "nfev": 365,
    "status": 0,
    "success": true,
    "message": "Optimization terminated successfully.",
    "x": [
      0.4929577202668062,
      0.6520753541111752,
      0.08861952617121899,
      -5.050261496916589e-07,
      0.5916919094653496,
      3.0,
      -0.0007050852599406896
    ]
  }
}