{
  "success": true,
  "target_entropies": [
    0.1,
    0.4,
    0.9,
    1.5,
    2.0,
    2.3,
    2.5,
    2.6
  ],
  "achieved_entropies": [
    0.8766846852438368,
    1.3295287379453644,
    1.5536754654479081,
    1.6259284067757995,
    1.553675465447908,
    1.3295287379453644,
    0.8766846852438368,
    1.8740045047317148e-14
  ],
  "parameters": {
    "entanglement_strength": 0.4090980376347199,
    "weight": 1.0162418896297774,
    "gamma": 0.01,
    "sigma": 0.01,
    "init_angle": 0.0,
    "timesteps": 3,
    "asymmetry_strength": 0.4726007263726012
  },
  "loss": 1.6600597303494171,
  "iterations": 17,
  "optimization_result": {
    "fun": 1.6600597303494171,
    "jac": [
      -1.6209256168059122e-06,
      2.7977620390587123e-06,
      0.00020001778011765608,
      0.00020001778011765608,
      0.0,
      0.06000000532907055,
      -2.109423747898105e-06
    ],
    "nfev": 184,
    "njev": 23,
    "nit": 17,
    "status": 0,
    "message": "CONVERGENCE: NORM OF PROJECTED GRADIENT <= PGTOL",
    "x": [
      0.4090980376347199,
      1.0162418896297774,
      0.01,
      0.01,
      0.0,
      3.0,
      0.4726007263726012
    ],
    "success": true,
    "hess_inv": "<7x7 LbfgsInvHessProduct with dtype=float64>"
  }
}