{
  "success": true,
  "target_entropies": [
    0.1,
    0.4,
    0.9
  ],
  "achieved_entropies": [
    6.406853007629834e-16,
    6.406853007629834e-16,
    1.2813706015259665e-15
  ],
  "parameters": {
    "entanglement_strength": 0.8252433777854957,
    "weight": -1.8736184635333654e-08,
    "gamma": 7.140918424977641e-11,
    "sigma": 2.1366534321121617e-11,
    "init_angle": 8.280420505354869e-08,
    "timesteps": 0,
    "asymmetry_strength": 6.796029389341474e-08
  },
  "loss": 0.2924635194677506,
  "iterations": 4,
  "optimization_result": {
    "fun": 0.2924635194677506,
    "direc": [
      [
        0.0,
        0.0,
        0.0,
        0.0,
        0.0,
        0.0,
        1.0
      ],
      [
        0.0,
        1.0,
        0.0,
        0.0,
        0.0,
        0.0,
        0.0
      ],
      [
        0.0,
        0.0,
        1.0,
        0.0,
        0.0,
        0.0,
        0.0
      ],
      [
        0.0,
        0.0,
        0.0,
        1.0,
        0.0,
        0.0,
        0.0
      ],
      [
        0.0,
        0.0,
        0.0,
        0.0,
        1.0,
        0.0,
        0.0
      ],
      [
        0.0,
        0.0,
        0.0,
        0.0,
        0.0,
        1.0,
        0.0
      ],
      [
        -7.923250880269873e-05,
        -1.8310700005528716e-11,
        4.3815098231523615e-12,
        -2.9097517372003006e-11,
        8.084603411496788e-11,
        -7.328507809932568e-11,
        -5.206647418946681e-14
      ]
    ],
    "nit": 4,
    "nfev": 567,
    "status": 0,
    "success": true,
    "message": "Optimization terminated successfully.",
    "x": [
      0.8252433777854957,
      -1.8736184635333654e-08,
      7.140918424977641e-11,
      2.1366534321121617e-11,
      8.280420505354869e-08,
      -1.409005760630429e-08,
      6.796029389341474e-08
    ]
  }
}