{
  "success": true,
  "target_entropies": [
    0.1,
    0.6,
    1.3
  ],
  "achieved_entropies": [
    0.6888131642208348,
    0.6888131642208345,
    6.406853007629834e-16
  ],
  "parameters": {
    "entanglement_strength": 0.7751090169044317,
    "weight": 1.1094904486860155,
    "gamma": 0.4425657048574094,
    "sigma": 0.1481019858411617,
    "init_angle": 1.9744440859644345,
    "timesteps": 3,
    "asymmetry_strength": 0.5505517073814401
  },
  "loss": 0.834040556261942,
  "iterations": 0,
  "optimization_result": {
    "fun": 0.834040556261942,
    "jac": [
      -0.7451068946592533,
      -0.6121460597873755,
      -0.0469270400563194,
      0.002962041724568267,
      0.055101412656666904,
      0.06000000532907055,
      0.011011036471681047
    ],
    "nfev": 128,
    "njev": 16,
    "nit": 0,
    "status": 2,
    "message": "ABNORMAL: ",
    "x": [
      0.7751090169044317,
      1.1094904486860155,
      0.4425657048574094,
      0.1481019858411617,
      1.9744440859644345,
      3.0,
      0.5505517073814401
    ],
    "success": false,
    "hess_inv": "<7x7 LbfgsInvHessProduct with dtype=float64>"
  },
  "warning": "Used fallback parameters due to: ABNORMAL: "
}