{
  "phi": 2.792526803190927,
  "counts": {
    "10": 970,
    "01": 979,
    "11": 66,
    "00": 33
  },
  "shannon_entropy": 1.2753382273669052
}