{
  "phi": 2.792526803190927,
  "counts": {
    "01": 972,
    "10": 977,
    "11": 66,
    "00": 33
  },
  "shannon_entropy": 1.2753483476532046,
  "causal_witness": -0.9033203125
}