{
  "phi": 4.1887902047863905,
  "counts": {
    "01": 618,
    "10": 798,
    "11": 373,
    "00": 259
  },
  "shannon_entropy": 1.8761797725448364,
  "causal_witness": -0.3828125
}