{
  "phi": 4.886921905584122,
  "counts": {
    "01": 523,
    "10": 410,
    "11": 481,
    "00": 634
  },
  "shannon_entropy": 1.9820452776035273
}