{
  "phi": 3.490658503988659,
  "counts": {
    "01": 972,
    "00": 36,
    "10": 970,
    "11": 70
  },
  "shannon_entropy": 1.2899069464272637
}