{
  "phi": 6.283185307179586,
  "counts": {
    "01": 1023,
    "00": 1025
  },
  "shannon_entropy": 0.9999993120664018
}