{
  "phi": 3.490658503988659,
  "counts": {
    "10": 992,
    "01": 964,
    "00": 35,
    "11": 57
  },
  "shannon_entropy": 1.2624083513468038,
  "causal_witness": -0.91015625
}