{
  "phi": 5.585053606381854,
  "counts": {
    "00": 894,
    "01": 818,
    "11": 199,
    "10": 137
  },
  "shannon_entropy": 1.6386988863526206,
  "causal_witness": 0.0673828125
}