{
  "phi": 0.0,
  "counts": {
    "00": 1045,
    "01": 1003
  },
  "shannon_entropy": 0.999696601332157,
  "causal_witness": 0.0205078125
}