{
  "phi": 2.0943951023931953,
  "counts": {
    "10": 794,
    "01": 605,
    "11": 393,
    "00": 256
  },
  "shannon_entropy": 1.8816882593315707,
  "causal_witness": -0.3662109375
}