{
  "success": true,
  "target_entropies": [
    0.1,
    0.4,
    0.9,
    1.5,
    2.0
  ],
  "achieved_entropies": [
    6.406853007629834e-16,
    1.2813706015259663e-15,
    1.6017132519074581e-15,
    1.6017132519074586e-16,
    9.61027951144475e-16
  ],
  "parameters": {
    "entanglement_strength": 1.3675618151704494,
    "weight": -3.763183981868708e-11,
    "gamma": -4.90020796763803e-08,
    "sigma": -2.163518772623015e-11,
    "init_angle": -5.7210156407950236e-08,
    "timesteps": 0,
    "asymmetry_strength": 2.5968449218001378e-08
  },
  "loss": 1.0843308860218166,
  "iterations": 3,
  "optimization_result": {
    "fun": 1.0843308860218166,
    "direc": [
      [
        1.0,
        0.0,
        0.0,
        0.0,
        0.0,
        0.0,
        0.0
      ],
      [
        0.0,
        1.0,
        0.0,
        0.0,
        0.0,
        0.0,
        0.0
      ],
      [
        0.0,
        0.0,
        1.0,
        0.0,
        0.0,
        0.0,
        0.0
      ],
      [
        0.0,
        0.0,
        0.0,
        1.0,
        0.0,
        0.0,
        0.0
      ],
      [
        0.0,
        0.0,
        0.0,
        0.0,
        1.0,
        0.0,
        0.0
      ],
      [
        0.0,
        0.0,
        0.0,
        0.0,
        0.0,
        1.0,
        0.0
      ],
      [
        0.0,
        0.0,
        0.0,
        0.0,
        0.0,
        0.0,
        1.0
      ]
    ],
    "nit": 3,
    "nfev": 459,
    "status": 0,
    "success": true,
    "message": "Optimization terminated successfully.",
    "x": [
      1.3675618151704494,
      -3.763183981868708e-11,
      -4.90020796763803e-08,
      -2.163518772623015e-11,
      -5.7210156407950236e-08,
      -3.028487799868734e-08,
      2.5968449218001378e-08
    ]
  }
}