{
  "phi": [
    0.0,
    0.6731984257692414,
    1.3463968515384828,
    2.019595277307724,
    2.6927937030769655,
    3.365992128846207,
    4.039190554615448,
    4.71238898038469,
    5.385587406153931,
    6.058785831923172,
    6.731984257692414,
    7.405182683461655,
    8.078381109230897,
    8.751579535000138,
    9.42477796076938
  ],
  "entropies": [
    0.9991082581888838,
    1.9768125741868798,
    2.9356565322267913,
    2.7227343954143386,
    1.6047295098542338,
    1.1762488556962278,
    2.416807306034754,
    2.9952433345328306,
    2.3889054728329624,
    1.2145261067151174,
    1.581186412057607,
    2.7061764445263683,
    2.907848323066548,
    1.9441978442097483,
    0.9979930635667161
  ],
  "curvatures": [
    0.0,
    39908.314712590276,
    -16.262071666157254,
    -39905.96238257829,
    -0.0265082402883845,
    35.076015394063475,
    7425.398135270728,
    -6.376301827126985,
    -7435.10498464475,
    14.80482786408535,
    -33.43867141284725,
    159.78826573211535,
    2.945276638232762,
    -162.30139555726348,
    0.0
  ],
  "distances": [
    0.9991082581888838,
    0.4348116533728799,
    0.02100467099650734,
    0.1029103757826338,
    0.6444823765895545,
    0.8894744441722687,
    0.22599710033532405,
    0.0010722032484917026,
    0.23590144638312585,
    0.8610931472478099,
    0.6509460059887778,
    0.10771668480224794,
    0.028597742586231305,
    0.46035931262745394,
    0.9979930635667161
  ],
  "mi_matrices": [
    [
      [
        0.0,
        -1.4428458428028534e-12,
        0.9991082581888838,
        0.9991082581888838
      ],
      [
        -1.4428458428028534e-12,
        0.0,
        -1.4428458428028534e-12,
        -1.4428458428028534e-12
      ],
      [
        0.9991082581888838,
        -1.4428458428028534e-12,
        0.0,
        0.9991082581888838
      ],
      [
        0.9991082581888838,
        -1.4428458428028534e-12,
        0.9991082581888838,
        0.0
      ]
    ],
    [
      [
        0.0,
        -1.4428458428028534e-12,
        0.28442132092163286,
        0.5550226718695033
      ],
      [
        -1.4428458428028534e-12,
        0.0,
        -1.4428458428028534e-12,
        -1.4428458428028534e-12
      ],
      [
        0.28442132092163286,
        -1.4428458428028534e-12,
        0.0,
        0.46499096732750345
      ],
      [
        0.5550226718695033,
        -1.4428458428028534e-12,
        0.46499096732750345,
        0.0
      ]
    ],
    [
      [
        0.0,
        -1.4428458428028534e-12,
        1.1531207523951537e-05,
        0.038033927135392886
      ],
      [
        -1.4428458428028534e-12,
        0.0,
        -1.4428458428028534e-12,
        -1.4428458428028534e-12
      ],
      [
        1.1531207523951537e-05,
        -1.4428458428028534e-12,
        0.0,
        0.02496855464660519
      ],
      [
        0.038033927135392886,
        -1.4428458428028534e-12,
        0.02496855464660519,
        0.0
      ]
    ],
    [
      [
        0.0,
        -1.4428458428028534e-12,
        0.0352221811633775,
        0.14766218537327136
      ],
      [
        -1.4428458428028534e-12,
        0.0,
        -1.4428458428028534e-12,
        -1.4428458428028534e-12
      ],
      [
        0.0352221811633775,
        -1.4428458428028534e-12,
        0.0,
        0.12584676081125257
      ],
      [
        0.14766218537327136,
        -1.4428458428028534e-12,
        0.12584676081125257,
        0.0
      ]
    ],
    [
      [
        0.0,
        -1.4428458428028534e-12,
        0.5412995460270664,
        0.6738705627658703
      ],
      [
        -1.4428458428028534e-12,
        0.0,
        -1.4428458428028534e-12,
        -1.4428458428028534e-12
      ],
      [
        0.5412995460270664,
        -1.4428458428028534e-12,
        0.0,
        0.7182770209757268
      ],
      [
        0.6738705627658703,
        -1.4428458428028534e-12,
        0.7182770209757268,
        0.0
      ]
    ],
    [
      [
        0.0,
        -1.4428458428028534e-12,
        0.8454996413440594,
        0.9207703579554412
      ],
      [
        -1.4428458428028534e-12,
        0.0,
        -1.4428458428028534e-12,
        -1.4428458428028534e-12
      ],
      [
        0.8454996413440594,
        -1.4428458428028534e-12,
        0.0,
        0.9021533332173057
      ],
      [
        0.9207703579554412,
        -1.4428458428028534e-12,
        0.9021533332173057,
        0.0
      ]
    ],
    [
      [
        0.0,
        -1.4428458428028534e-12,
        0.10853605921880072,
        0.2712570059836199
      ],
      [
        -1.4428458428028534e-12,
        0.0,
        -1.4428458428028534e-12,
        -1.4428458428028534e-12
      ],
      [
        0.10853605921880072,
        -1.4428458428028534e-12,
        0.0,
        0.29819823580355154
      ],
      [
        0.2712570059836199,
        -1.4428458428028534e-12,
        0.29819823580355154,
        0.0
      ]
    ],
    [
      [
        0.0,
        -1.4428458428028534e-12,
        6.800352108871088e-05,
        0.0012114243542578063
      ],
      [
        -1.4428458428028534e-12,
        0.0,
        -1.4428458428028534e-12,
        -1.4428458428028534e-12
      ],
      [
        6.800352108871088e-05,
        -1.4428458428028534e-12,
        0.0,
        0.0019371818701285903
      ],
      [
        0.0012114243542578063,
        -1.4428458428028534e-12,
        0.0019371818701285903,
        0.0
      ]
    ],
    [
      [
        0.0,
        -1.4428458428028534e-12,
        0.10251543880202107,
        0.32404294065527317
      ],
      [
        -1.4428458428028534e-12,
        0.0,
        -1.4428458428028534e-12,
        -1.4428458428028534e-12
      ],
      [
        0.10251543880202107,
        -1.4428458428028534e-12,
        0.0,
        0.28114595969208334
      ],
      [
        0.32404294065527317,
        -1.4428458428028534e-12,
        0.28114595969208334,
        0.0
      ]
    ],
    [
      [
        0.0,
        -1.4428458428028534e-12,
        0.8063270284838739,
        0.8828556435087342
      ],
      [
        -1.4428458428028534e-12,
        0.0,
        -1.4428458428028534e-12,
        -1.4428458428028534e-12
      ],
      [
        0.8063270284838739,
        -1.4428458428028534e-12,
        0.0,
        0.8940967697508218
      ],
      [
        0.8828556435087342,
        -1.4428458428028534e-12,
        0.8940967697508218,
        0.0
      ]
    ],
    [
      [
        0.0,
        -1.4428458428028534e-12,
        0.5351377525356622,
        0.678016558443739
      ],
      [
        -1.4428458428028534e-12,
        0.0,
        -1.4428458428028534e-12,
        -1.4428458428028534e-12
      ],
      [
        0.5351377525356622,
        -1.4428458428028534e-12,
        0.0,
        0.7396837069869326
      ],
      [
        0.678016558443739,
        -1.4428458428028534e-12,
        0.7396837069869326,
        0.0
      ]
    ],
    [
      [
        0.0,
        -1.4428458428028534e-12,
        0.031007262058528662,
        0.13937434027587603
      ],
      [
        -1.4428458428028534e-12,
        0.0,
        -1.4428458428028534e-12,
        -1.4428458428028534e-12
      ],
      [
        0.031007262058528662,
        -1.4428458428028534e-12,
        0.0,
        0.15276845207233913
      ],
      [
        0.13937434027587603,
        -1.4428458428028534e-12,
        0.15276845207233913,
        0.0
      ]
    ],
    [
      [
        0.0,
        -1.4428458428028534e-12,
        0.0026614255068759807,
        0.04200114341462857
      ],
      [
