{
  "success": true,
  "target_entropies": [
    0.1,
    0.4,
    0.9
  ],
  "achieved_entropies": [
    0.24079910324215978,
    0.2407991032421598,
    4.805139755722375e-16
  ],
  "parameters": {
    "entanglement_strength": -0.457395860335757,
    "weight": -0.27156081919607605,
    "gamma": 5.628001311068278e-05,
    "sigma": -1.8911013808688855e-08,
    "init_angle": 0.0006618815596078717,
    "timesteps": 1,
    "asymmetry_strength": -6.573908001741533e-08
  },
  "loss": 0.2978860045957556,
  "iterations": 9,
  "optimization_result": {
    "fun": 0.2978860045957556,
    "direc": [
      [
        0.0,
        0.0,
        0.0,
        0.0,
        0.0,
        0.0,
        1.0
      ],
      [
        0.17861625591845626,
        -0.11664154704804214,
        -0.004687669475259894,
        -5.499484248127213e-08,
        -0.05512937564939177,
        0.0,
        -1.1762726650576487e-07
      ],
      [
        0.0,
        0.0,
        1.0,
        0.0,
        0.0,
        0.0,
        0.0
      ],
      [
        0.0,
        0.0,
        0.0,
        1.0,
        0.0,
        0.0,
        0.0
      ],
      [
        0.0,
        0.0,
        0.0,
        0.0,
        1.0,
        0.0,
        0.0
      ],
      [
        0.0,
        0.0,
        0.0,
        0.0,
        0.0,
        1.0,
        0.0
      ],
      [
        0.07316334991661605,
        -0.13533300102739593,
        0.003163720411621398,
        -3.7963249972255026e-07,
        0.03720696007263598,
        0.0,
        -1.3564074115294064e-07
      ]
    ],
    "nit": 9,
    "nfev": 1178,
    "status": 0,
    "success": true,
    "message": "Optimization terminated successfully.",
    "x": [
      -0.457395860335757,
      -0.27156081919607605,
      5.628001311068278e-05,
      -1.8911013808688855e-08,
      0.0006618815596078717,
      1.000000000001491,
      -6.573908001741533e-08
    ]
  }
}