{
  "page_curve_detected": false,
  "subsystem_entropies": {
    "1": {
      "mean_entropy": 0.0,
      "std_entropy": 0.0,
      "min_entropy": 0.0,
      "max_entropy": 0.0,
      "all_entropies": [
        0.0,
        0.0,
        0.0,
        0.0,
        0.0,
        0.0,
        0.0,
        0.0,
        0.0
      ]
    },
    "2": {
      "mean_entropy": 0.0,
      "std_entropy": 0.0,
      "min_entropy": 0.0,
      "max_entropy": 0.0,
      "all_entropies": [
        0.0,
        0.0,
        0.0,
        0.0,
        0.0,
        0.0,
        0.0,
        0.0,
        0.0,
        0.0,
        0.0,
        0.0,
        0.0,
        0.0,
        0.0,
        0.0,
        0.0,
        0.0,
        0.0,
        0.0,
        0.0,
        0.0,
        0.0,
        0.0,
        0.0,
        0.0,
        0.0,
        0.0,
        0.0,
        0.0,
        0.0,
        0.0,
        0.0,
        0.0,
        0.0,
        0.0
      ]
    },
    "3": {
      "mean_entropy": 0.0,
      "std_entropy": 0.0,
      "min_entropy": 0.0,
      "max_entropy": 0.0,
      "all_entropies": [
        0.0,
        0.0,
        0.0,
        0.0,
        0.0,
        0.0,
        0.0,
        0.0,
        0.0,
        0.0,
        0.0,
        0.0,
        0.0,
        0.0,
        0.0,
        0.0,
        0.0,
        0.0,
        0.0,
        0.0,
        0.0,
        0.0,
        0.0,
        0.0,
        0.0,
        0.0,
        0.0,
        0.0,
        0.0,
        0.0,
        0.0,
        0.0,
        0.0,
        0.0,
        0.0,
        0.0,
        0.0,
        0.0,
        0.0,
        0.0,
        0.0,
        0.0,
        0.0,
        0.0,
        0.0,
        0.0,
        0.0,
        0.0,
        0.0,
        0.0,
        0.0,
        0.0,
        0.0,
        0.0,
        0.0,
        0.0,
        0.0,
        0.0,
        0.0,
        0.0,
        0.0,
        0.0,
        0.0,
        0.0,
        0.0,
        0.0,
        0.0,
        0.0,
        0.0,
        0.0,
        0.0,
        0.0,
        0.0,
        0.0,
        0.0,
        0.0,
        0.0,
        0.0,
        0.0,
        0.0,
        0.0,
        0.0,
        0.0,
        0.0
      ]
    },
    "4": {
      "mean_entropy": 1.5596608822207922,
      "std_entropy": 2.221277911348759,
      "min_entropy": 0.0,
      "max_entropy": 5.127153929737634,
      "all_entropies": [
        0.0,
        0.0,
        0.0,
        0.0,
        0.0,
        0.0,
        0.0,
        0.0,
        0.0,
        0.0,
        0.0,
        0.0,
        0.0,
        0.0,
        0.0,
        0.0,
        0.0,
        0.0,
        0.0,
        0.0,
        0.0,
        0.0,
        0.0,
        0.0,
        0.0,
        0.0,
        0.0,
        0.0,
        0.0,
        0.0,
        0.0,
        0.0,
        0.0,
        0.0,
        0.0,
        0.0,
        0.0,
        0.0,
        0.0,
        0.0,
        0.0,
        0.0,
        0.0,
        0.0,
        0.0,
        0.0,
        0.0,
        0.0,
        0.0,
        0.0,
        0.0,
        0.0,
        0.0,
        0.0,
        0.0,
        0.0,
        0.0,
        0.0,
        0.0,
        0.0,
        0.0,
        0.0,
        0.0,
        0.0,
        0.0,
        0.0,
        0.0,
        0.0,
        0.0,
        0.0,
        0.0,
        0.0,
        0.0,
        0.0,
        0.0,
        0.0,
        3.9646994161652462,
        3.985344078183208,
        4.064753860010282,
        4.056032012042953,
        4.035609753878307,
        0.0,
        4.977563835122243,
        5.055544096779285,
        4.9749027390517675,
        5.034978055271733,
        4.916470007916884,
        4.891434939498953,
        4.898014379144064,
        4.997202217321829,
        4.8784703232712765,
        0.0,
        0.0,
        0.0,
        0.0,
        0.0,
        5.089728681474239,
        5.127153929737634,
        5.120014686264206,
        5.045240715400868,
        5.040156681946271,
        0.0,
        4.083525965592875,
        4.097075577424821,
        4.050497122245839,
        4.030816377136263,
        4.064726045757748,
        4.054930602224838,
        4.0494762595423985,
        4.064072490509384,
        4.040528602047511,
        0.0,
        5.080710128726729,
        5.1016110780831925,
        5.009827515324161,
        5.090413394062881,
        5.068394802048655,
        5.00168635960128,
        5.042646014164339,
        5.035140007539742,
        5.051783116559661,
        4.984940139419509,
        4.854523095458951,
        4.917882067223343,
        4.694292837294796,
        4.894457153349688
      ]
    },
    "5": {
      "mean_entropy": 4.470525475366153,
      "std_entropy": 2.8474888194445134,
      "min_entropy": 0.0,
      "max_entropy": 7.22275161789599,
      "all_entropies": [
        0.0,
        0.0,
        0.0,
        0.0,
        0.0,
        0.0,
        0.0,
        0.0,
        0.0,
        0.0,
        0.0,
        0.0,
        0.0,
        0.0,
        0.0,
        0.0,
        0.0,
        0.0,
        0.0,
        0.0,
        6.021702058659216,
        5.959173431393938,
        6.005401632867784,
        6.06313008079025,
        5.872935801518441,
        0.0,
        6.124649696720852,
        6.045044862615421,
        5.897861910777317,
        5.925309440636654,
        5.910985787448285,
        6.050483815926384,
        5.887904721427356,
        5.8770599479459396,
        5.771902680132702,
        0.0,
        0.0,
        0.0,
        0.0,
        0.0,
        6.972525824497105,
        6.926867998119417,
        6.953968362203683,
        6.935635068954096,
        6.901192073234858,
        0.0,
        6.084044656554758,
        6.09858264379303,
        6.088830387271477,
        6.091723357302701,
        6.208102651159448,
        5.996927658233898,
        5.993732966380803,
        6.0000383075405415,
        6.083682159047747,
        0.0,
        6.091597859398636,
        6.093988723945984,
        6.077400383365929,
        6.085180948055132,
        6.065867012625734,
        6.13647100272041,
        6.140267282102306,
        5.967732217953428,
        5.867198757975007,
        5.988299731285297,
        6.001687542542647,
        5.897245145491189,
        5.893022131059498,
        5.844385462876369,
        0.0,
        0.0,
        0.0,
        0.0,
        0.0,
        7.217013466540563,
        7.22275161789599,
        7.206655936199677,
        7.168644205072532,
        7.1222333048889075,
        0.0,
        6.9152629354048205,
        6.980966776704698,
        6.9446630429143426,
        6.949795491803899,
        6.8786770766949665,
        6.977920693371431,
        6.990738246545433,
        6.902461513754349,
        6.843861407426219,
        0.0,
        6.019869651339625,
        6.031905536913891,
        5.976653452673949,
        5.97622356719325,
        6.006844475461742,
        6.007208248579751,
        6.012473478767298,
        6.024604987414916,
        6.002875950714435,
        6.210093513015489,
        6.216925016305211,
        6.225665760742241,
        6.070945162360165,
        6.057867038963979,
        0.0,
        6.101167974773993,
        6.158411929048672,
        6.129752444534194,
        6.12183088674413,
        6.146209977169381,
        6.1693257838724005,
        6.178347619594373,
        6.17477083888128,
        6.1152400937840765,
        6.218951374101232,
        6.221911092467058,
        6.22315120217146,
        6.192678554676114,
        6.085626627899488,
        6.183021260182219,
        6.186492038678605,
        6.19072023793035,
        6.257237593959718,
        6.110226036426337,
        6.059590589024604
      ]
    },
    "6": {
      "mean_entropy": 6.744200070913603,
      "std_entropy": 2.3380654468053836,
      "min_entropy": 0.0,
      "max_entropy": 7.749280856697681,