{
  "success": true,
  "target_entropies": [
    0.1,
    0.4,
    0.9,
    1.5,
    2.0,
    2.3,
    2.5,
    2.6
  ],
  "achieved_entropies": [
    0.6923883268137035,
    0.8858967455178594,
    1.4379844821077474,
    1.6181419520476732,
    2.157795087768285,
    2.4940441702437917,
    2.6645626957071817,
    2.528005589307979
  ],
  "parameters": {
    "entanglement_strength": 1.0152763462477847,
    "weight": -0.7168080913035785,
    "gamma": -0.41788921685808944,
    "sigma": 2.2156846591769277,
    "init_angle": -0.313966170059688,
    "timesteps": 0,
    "asymmetry_strength": 0.6909245427202619
  },
  "loss": 0.15985041641071399,
  "iterations": 2,
  "optimization_result": {
    "fun": 0.15985041641071399,
    "direc": [
      [
        1.0,
        0.0,
        0.0,
        0.0,
        0.0,
        0.0,
        0.0
      ],
      [
        0.0,
        1.0,
        0.0,
        0.0,
        0.0,
        0.0,
        0.0
      ],
      [
        0.0,
        0.0,
        1.0,
        0.0,
        0.0,
        0.0,
        0.0
      ],
      [
        0.0,
        0.0,
        0.0,
        1.0,
        0.0,
        0.0,
        0.0
      ],
      [
        0.0,
        0.0,
        0.0,
        0.0,
        1.0,
        0.0,
        0.0
      ],
      [
        0.0,
        0.0,
        0.0,
        0.0,
        0.0,
        1.0,
        0.0
      ],
      [
        0.0,
        0.0,
        0.0,
        0.0,
        0.0,
        0.0,
        1.0
      ]
    ],
    "nit": 2,
    "nfev": 214,
    "status": 0,
    "success": true,
    "message": "Optimization terminated successfully.",
    "x": [
      1.0152763462477847,
      -0.7168080913035785,
      -0.41788921685808944,
      2.2156846591769277,
      -0.313966170059688,
      0.942919685577651,
      0.6909245427202619
    ]
  }
}