{
  "success": true,
  "target_entropies": [
    0.1,
    0.4,
    0.9,
    1.5
  ],
  "achieved_entropies": [
    -1.2813706015259676e-15,
    -1.2813706015259675e-15,
    -1.2012849389305947e-15,
    -1.6017132519074597e-15
  ],
  "parameters": {
    "entanglement_strength": -3.768848246909569e-11,
    "weight": 1.7159835101217769,
    "gamma": 0.02999662090947395,
    "sigma": -1.8926312092058092e-08,
    "init_angle": 0.6376296493577821,
    "timesteps": 3,
    "asymmetry_strength": 3.0294884508697426e-08
  },
  "loss": 0.779944679349994,
  "iterations": 2,
  "optimization_result": {
    "fun": 0.779944679349994,
    "direc": [
      [
        1.0,
        0.0,
        0.0,
        0.0,
        0.0,
        0.0,
        0.0
      ],
      [
        0.0,
        1.0,
        0.0,
        0.0,
        0.0,
        0.0,
        0.0
      ],
      [
        0.0,
        0.0,
        1.0,
        0.0,
        0.0,
        0.0,
        0.0
      ],
      [
        0.0,
        0.0,
        0.0,
        1.0,
        0.0,
        0.0,
        0.0
      ],
      [
        0.0,
        0.0,
        0.0,
        0.0,
        1.0,
        0.0,
        0.0
      ],
      [
        0.0,
        0.0,
        0.0,
        0.0,
        0.0,
        1.0,
        0.0
      ],
      [
        0.0,
        0.0,
        0.0,
        0.0,
        0.0,
        0.0,
        1.0
      ]
    ],
    "nit": 2,
    "nfev": 314,
    "status": 0,
    "success": true,
    "message": "Optimization terminated successfully.",
    "x": [
      -3.768848246909569e-11,
      1.7159835101217769,
      0.02999662090947395,
      -1.8926312092058092e-08,
      0.6376296493577821,
      3.0,
      3.0294884508697426e-08
    ]
  }
}