{
  "success": true,
  "target_entropies": [
    0.1,
    0.4,
    0.9,
    1.5,
    2.0
  ],
  "achieved_entropies": [
    0.5602560203378419,
    0.8569730952369522,
    0.8569730952369523,
    0.5602560203378422,
    2.5627412030519317e-15
  ],
  "parameters": {
    "entanglement_strength": 1.3391204476227991,
    "weight": 0.8152136137799487,
    "gamma": 0.34661683324080184,
    "sigma": 0.40600679141838314,
    "init_angle": 0.0033692707454981066,
    "timesteps": 2,
    "asymmetry_strength": 0.7617851758302983
  },
  "loss": 1.1800666260322397,
  "iterations": 5,
  "optimization_result": {
    "fun": 1.1800666260322397,
    "jac": [
      0.008413780834335272,
      0.08394460639946093,
      0.014187051541021478,
      0.008120126797461486,
      0.0005762279542443708,
      0.05855229670062143,
      0.015235701512677753
    ],
    "nfev": 64,
    "njev": 8,
    "nit": 5,
    "status": 1,
    "message": "STOP: TOTAL NO. OF ITERATIONS REACHED LIMIT",
    "x": [
      1.3391204476227991,
      0.8152136137799487,
      0.34661683324080184,
      0.40600679141838314,
      0.0033692707454981066,
      2.9276153310464315,
      0.7617851758302983
    ],
    "success": false,
    "hess_inv": "<7x7 LbfgsInvHessProduct with dtype=float64>"
  },
  "warning": "Used fallback parameters due to: STOP: TOTAL NO. OF ITERATIONS REACHED LIMIT"
}