{
  "success": true,
  "target_entropies": [
    0.1,
    0.4,
    0.9,
    1.5,
    2.0
  ],
  "achieved_entropies": [
    0.5183509831612199,
    0.8143888743256275,
    0.8143888743256275,
    0.5183509831612197,
    1.6017132519074586e-16
  ],
  "parameters": {
    "entanglement_strength": 0.6743611203032404,
    "weight": 0.6053324563496406,
    "gamma": 0.20893401295678884,
    "sigma": -1.8848285865172528e-08,
    "init_angle": 0.6561922498900719,
    "timesteps": 3,
    "asymmetry_strength": 3.19218885035582e-08
  },
  "loss": 1.1664942682140487,
  "iterations": 4,
  "optimization_result": {
    "fun": 1.1664942682140487,
    "direc": [
      [
        1.0,
        0.0,
        0.0,
        0.0,
        0.0,
        0.0,
        0.0
      ],
      [
        0.0,
        1.0,
        0.0,
        0.0,
        0.0,
        0.0,
        0.0
      ],
      [
        0.0,
        0.0,
        0.0,
        0.0,
        0.0,
        0.0,
        1.0
      ],
      [
        0.0,
        0.0,
        0.0,
        1.0,
        0.0,
        0.0,
        0.0
      ],
      [
        0.0,
        0.0,
        0.0,
        0.0,
        1.0,
        0.0,
        0.0
      ],
      [
        0.0,
        0.0,
        0.0,
        0.0,
        0.0,
        1.0,
        0.0
      ],
      [
        -0.019052866239743314,
        0.005093600774397818,
        0.08597562028132032,
        3.539668974374278e-11,
        -0.007916371026811898,
        0.0,
        1.5457571634490043e-07
      ]
    ],
    "nit": 4,
    "nfev": 610,
    "status": 0,
    "success": true,
    "message": "Optimization terminated successfully.",
    "x": [
      0.6743611203032404,
      0.6053324563496406,
      0.20893401295678884,
      -1.8848285865172528e-08,
      0.6561922498900719,
      3.0,
      3.19218885035582e-08
    ]
  }
}