{
  "success": true,
  "target_entropies": [
    0.2,
    0.8,
    1.4
  ],
  "achieved_entropies": [
    0.6811457539079321,
    0.6811457539079321,
    1.7618845770982037e-15
  ],
  "parameters": {
    "entanglement_strength": 1.0695950689317497,
    "weight": 1.239582268622883,
    "gamma": 0.2381350620581047,
    "sigma": 0.2750820678161294,
    "init_angle": 2.7786799452142357,
    "timesteps": 3,
    "asymmetry_strength": 0.5063340414383937
  },
  "loss": 0.9656923207188539,
  "iterations": 0,
  "optimization_result": {
    "fun": 0.9656923207188539,
    "jac": [
      0.071176176496685,
      0.11470179320559493,
      -0.03694795582544707,
      0.005501643588044308,
      0.18170730586262598,
      0.06000000532907055,
      0.010126688325859515
    ],
    "nfev": 128,
    "njev": 16,
    "nit": 0,
    "status": 2,
    "message": "ABNORMAL: ",
    "x": [
      1.0695950689317497,
      1.239582268622883,
      0.2381350620581047,
      0.2750820678161294,
      2.7786799452142357,
      3.0,
      0.5063340414383937
    ],
    "success": false,
    "hess_inv": "<7x7 LbfgsInvHessProduct with dtype=float64>"
  },
  "warning": "Used fallback parameters due to: ABNORMAL: "
}