{
  "success": true,
  "target_entropies": [
    0.1,
    0.4,
    0.9,
    1.5
  ],
  "achieved_entropies": [
    0.013932691555176147,
    0.01883106585706385,
    0.013932691555175923,
    1.2813706015259665e-15
  ],
  "parameters": {
    "entanglement_strength": 0.013556333419520648,
    "weight": 1.7203434620040727,
    "gamma": 0.0004088068419706879,
    "sigma": 0.0005180951349537816,
    "init_angle": 0.6348207130005342,
    "timesteps": 3,
    "asymmetry_strength": 0.0013479020577727297
  },
  "loss": 0.7799662126886299,
  "iterations": 2,
  "optimization_result": {
    "fun": 0.7799662126886299,
    "direc": [
      [
        0.0,
        0.0,
        0.0,
        0.0,
        0.0,
        0.0,
        1.0
      ],
      [
        0.0,
        1.0,
        0.0,
        0.0,
        0.0,
        0.0,
        0.0
      ],
      [
        0.0,
        0.0,
        1.0,
        0.0,
        0.0,
        0.0,
        0.0
      ],
      [
        0.0,
        0.0,
        0.0,
        1.0,
        0.0,
        0.0,
        0.0
      ],
      [
        0.0,
        0.0,
        0.0,
        0.0,
        1.0,
        0.0,
        0.0
      ],
      [
        0.0,
        0.0,
        0.0,
        0.0,
        0.0,
        1.0,
        0.0
      ],
      [
        0.012604781108709035,
        -0.007621944236717964,
        0.005415278488002676,
        0.0068629708481426745,
        0.005786358661778963,
        -0.0,
        0.01785504611904643
      ]
    ],
    "nit": 2,
    "nfev": 231,
    "status": 0,
    "success": true,
    "message": "Optimization terminated successfully.",
    "x": [
      0.013556333419520648,
      1.7203434620040727,
      0.0004088068419706879,
      0.0005180951349537816,
      0.6348207130005342,
      3.0,
      0.0013479020577727297
    ]
  }
}