{
  "analysis_results": {
    "geometric_locality": {
      "distance_mi_correlation": -0.382630168248346,
      "distance_mi_p_value": 0.02126839680417931,
      "decay_rate": 0,
      "fit_quality": 0,
      "distances": [
        1,
        2,
        3,
        4,
        5,
        6,
        7,
        8,
        1,
        2,
        3,
        4,
        5,
        6,
        7,
        1,
        2,
        3,
        4,
        5,
        6,
        1,
        2,
        3,
        4,
        5,
        1,
        2,
        3,
        4,
        1,
        2,
        3,
        1,
        2,
        1
      ],
      "mi_values": [
        0.0039003932176001985,
        0.007079585067698333,
        0.007844329149315104,
        0.007239205828288032,
        0.004663787553363871,
        0.0029747881110719064,
        0.00032231981935054667,
        0.00011996164955561496,
        0.005769820728089031,
        0.001980099033675169,
        0.008005316285124813,
        0.005825464556635599,
        0.001997261074332084,
        0.008412341777216212,
        0.006827193779831641,
        0.007889722686766916,
        0.005862442285196057,
        0.003339343076776649,
        0.006066293622085196,
        0.006658224994196495,
        0.0030565520677290976,
        0.009192891278848116,
        0.002316085006471985,
        0.008632130195246198,
        0.0030623650930798906,
        0.0022955232377501788,
        0.004440684144603776,
        0.0064865799807543685,
        0.0023173633214701155,
        0.0042917010318706756,
        0.007112083509904811,
        0.002887666868363693,
        0.005573334332346329,
        0.007939406904114293,
        0.004643944381796043,
        0.005537341075496588
      ]
    },
    "graph_structure": [
      {
        "num_nodes": 9,
        "num_edges": 7,
        "density": 0.19444444444444445,
        "average_degree": 1.5555555555555556,
        "is_connected": false,
        "num_components": 3,
        "closeness_centrality": 0,
        "betweenness_centrality": 0,
        "eigenvector_centrality": 0,
        "clustering_coefficient": 0.0,
        "average_shortest_path": Infinity,
        "diameter": Infinity
      },
      "Graph with 9 nodes and 7 edges",
      "[[0. 0. 0. 1. 0. 0. 0. 0. 0.]\n [0. 0. 0. 0. 1. 0. 0. 1. 0.]\n [0. 0. 0. 1. 0. 0. 0. 0. 0.]\n [1. 0. 1. 0. 1. 0. 1. 0. 0.]\n [0. 1. 0. 1. 0. 0. 0. 0. 0.]\n [0. 0. 0. 0. 0. 0. 0. 0. 0.]\n [0. 0. 0. 1. 0. 0. 0. 1. 0.]\n [0. 1. 0. 0. 0. 0. 1. 0. 0.]\n [0. 0. 0. 0. 0. 0. 0. 0. 0.]]"
    ],
    "hierarchical_clustering": {
      "cluster_labels": [
        0,
        1,
        0,
        2,
        0,
        0,
        1,
        0,
        0
      ],
      "cluster_sizes": [
        "6",
        "2",
        "1"
      ],
      "cluster_qualities": [
        0.0035216396175725487,
        0.000998630537166042,
        0
      ],
      "num_clusters": 3,
      "silhouette_score": null
    },
    "mds_visualization": {
      "coordinates": [
        [
          -0.33312460823252404,
          0.8843614394334542
        ],
        [
          -0.907955754853042,
          -0.4748311091621747
        ],
        [
          -0.07340984845838744,
          -0.3699040837621084
        ],
        [
          0.1398434088204458,
          -1.081548810525763
        ],
        [
          0.9958015958092018,
          0.0728241131740028
        ],
        [
          0.5033886004699943,
          -0.30655192811053866
        ],
        [
          -0.9682790649213601,
          0.19207891841970134
        ],
        [
          0.6890377778632432,
          0.6364827602230899
        ],
        [
          -0.0453021064975715,
          0.44708870031033665
        ]
      ],
      "stress": 3.2603255634012793,
      "area": 2.4835508003137403,
      "perimeter": 5.95053349454709,
      "n_components": 2
    },
    "rt_consistency": {
      "rt_consistent": false,
      "reason": "No entropy data available"
    },
    "entanglement_spectrum": {
      "spectrum_analyzed": false,
      "reason": "No entropy data available"
    }
  },
  "data_source": "experiment_logs/custom_curvature_experiment/instance_20250801_075511\\entropy_engineering_quantum_gravity_results.json",
  "analysis_timestamp": "2025-08-01T08:06:31.844671",
  "experiment_data": {
    "success": true,
    "target_entropies": [
      0.1,
      0.4,
      0.9,
      1.5,
      2.0,
      2.3,
      2.5,
      2.6,
      2.7
    ],
    "achieved_entropies": [
      0.5780394251579823,
      1.4398842032161854,
      1.6987913990905554,
      1.8237560478703174,
      2.4403082809767938,
      2.8164222899126754,
      2.8389451284506864,
      2.8880525258721645,
      2.9548269626603547
    ],
    "parameters": {
      "entanglement_strength": 0.8665315231765095,
      "weight": 0.6541571550648866,
      "gamma": 0.3178362310589438,
      "sigma": 0.22551427179462286,
      "init_angle": 0.5967401258390824,
      "timesteps": 3,
      "asymmetry_strength": 0.546063014736316
    },
    "loss": 0.0,
    "iterations": 0,
    "optimization_result": null,
    "message": "Skipped for large system"
  }
}