{
  "success": true,
  "target_entropies": [
    0.1,
    0.4,
    0.9,
    1.5,
    2.0,
    2.3,
    2.5,
    2.6,
    2.7
  ],
  "achieved_entropies": [
    0.5780394251579823,
    1.4398842032161854,
    1.6987913990905554,
    1.8237560478703174,
    2.4403082809767938,
    2.8164222899126754,
    2.8389451284506864,
    2.8880525258721645,
    2.9548269626603547
  ],
  "parameters": {
    "entanglement_strength": 0.8665315231765095,
    "weight": 0.6541571550648866,
    "gamma": 0.3178362310589438,
    "sigma": 0.22551427179462286,
    "init_angle": 0.5967401258390824,
    "timesteps": 3,
    "asymmetry_strength": 0.546063014736316
  },
  "loss": 0.0,
  "iterations": 0,
  "optimization_result": null,
  "message": "Skipped for large system"
}