{
  "success": true,
  "target_entropies": [
    0.1,
    0.4,
    0.9,
    1.5
  ],
  "achieved_entropies": [
    0.48787414315396593,
    0.6846109326260893,
    0.48787414315396593,
    -3.2034265038149176e-16
  ],
  "parameters": {
    "entanglement_strength": 0.5597459123459396,
    "weight": 1.4895066613126384e-05,
    "gamma": 4.945210108043396e-06,
    "sigma": 2.2135894286181905e-06,
    "init_angle": -2.8482378960035965e-07,
    "timesteps": 2,
    "asymmetry_strength": 1.1049009504156424e-05
  },
  "loss": 0.6978127493468648,
  "iterations": 4,
  "optimization_result": {
    "fun": 0.6978127493468648,
    "direc": [
      [
        0.0,
        0.0,
        0.0,
        0.0,
        0.0,
        0.0,
        1.0
      ],
      [
        0.0,
        1.0,
        0.0,
        0.0,
        0.0,
        0.0,
        0.0
      ],
      [
        0.0,
        0.0,
        1.0,
        0.0,
        0.0,
        0.0,
        0.0
      ],
      [
        0.0,
        0.0,
        0.0,
        1.0,
        0.0,
        0.0,
        0.0
      ],
      [
        0.0,
        0.0,
        0.0,
        0.0,
        1.0,
        0.0,
        0.0
      ],
      [
        0.0,
        0.0,
        0.0,
        0.0,
        0.0,
        1.0,
        0.0
      ],
      [
        0.11687874680150456,
        0.09949239482973708,
        0.03303179616497684,
        0.01478578909403498,
        -0.0019024955024395979,
        0.11076321999376205,
        0.07380245048089536
      ]
    ],
    "nit": 4,
    "nfev": 327,
    "status": 0,
    "success": true,
    "message": "Optimization terminated successfully.",
    "x": [
      0.5597459123459396,
      1.4895066613126384e-05,
      4.945210108043396e-06,
      2.2135894286181905e-06,
      -2.8482378960035965e-07,
      2.0000195868008803,
      1.1049009504156424e-05
    ]
  }
}