{
  "success": true,
  "target_entropies": [
    0.1,
    0.4,
    0.9,
    1.5,
    2.0
  ],
  "achieved_entropies": [
    0.005098102235670103,
    0.007723781891677761,
    0.007723781891677234,
    0.005098102235671059,
    1.2813706015259665e-15
  ],
  "parameters": {
    "entanglement_strength": -0.005911024514028977,
    "weight": 2.061840735000616,
    "gamma": 0.00032462791725723823,
    "sigma": 0.0006468340897198643,
    "init_angle": 0.6915084232488882,
    "timesteps": 3,
    "asymmetry_strength": 0.0009636498576731256
  },
  "loss": 1.2037846879871734,
  "iterations": 2,
  "optimization_result": {
    "fun": 1.2037846879871734,
    "direc": [
      [
        0.0,
        0.0,
        0.0,
        0.0,
        0.0,
        0.0,
        1.0
      ],
      [
        0.0,
        1.0,
        0.0,
        0.0,
        0.0,
        0.0,
        0.0
      ],
      [
        0.0,
        0.0,
        1.0,
        0.0,
        0.0,
        0.0,
        0.0
      ],
      [
        0.0,
        0.0,
        0.0,
        1.0,
        0.0,
        0.0,
        0.0
      ],
      [
        0.0,
        0.0,
        0.0,
        0.0,
        1.0,
        0.0,
        0.0
      ],
      [
        0.0,
        0.0,
        0.0,
        0.0,
        0.0,
        1.0,
        0.0
      ],
      [
        -0.00675289719214684,
        0.00864119426629791,
        -0.0026039316965780486,
        -0.005188437897851186,
        -0.018331591205230327,
        0.0,
        -0.007729706150789544
      ]
    ],
    "nit": 2,
    "nfev": 229,
    "status": 0,
    "success": true,
    "message": "Optimization terminated successfully.",
    "x": [
      -0.005911024514028977,
      2.061840735000616,
      0.00032462791725723823,
      0.0006468340897198643,
      0.6915084232488882,
      3.0,
      0.0009636498576731256
    ]
  }
}