{
  "circuit_type": [
    "forward",
    "inverse"
  ],
  "entropies": [
    0.9997248102580842,
    0.9999889930794672
  ],
  "curvatures": [
    1.554312234475219e-16,
    1.3322676295501878e-16
  ],
  "distances": [
    0.36798069175083575,
    1.0000000000014428
  ],
  "mi_matrices": [
    [
      [
        0.0,
        0.9997248102580842,
        0.9997248102580842,
        0.9997248102580842,
        0.9997248102580842,
        0.9997248102580842
      ],
      [
        0.9997248102580842,
        0.0,
        0.9997248102580842,
        0.9997248102580842,
        0.9997248102580842,
        0.9997248102580842
      ],
      [
        0.9997248102580842,
        0.9997248102580842,
        0.0,
        0.9997248102580842,
        0.9997248102580842,
        0.9997248102580842
      ],
      [
        0.9997248102580842,
        0.9997248102580842,
        0.9997248102580842,
        0.0,
        0.9997248102580842,
        0.9997248102580842
      ],
      [
        0.9997248102580842,
        0.9997248102580842,
        0.9997248102580842,
        0.9997248102580842,
        0.0,
        0.9997248102580842
      ],
      [
        0.9997248102580842,
        0.9997248102580842,
        0.9997248102580842,
        0.9997248102580842,
        0.9997248102580842,
        0.0
      ]
    ],
    [
      [
        0.0,
        -1.4428458428028534e-12,
        -1.4428458428028534e-12,
        -1.4428458428028534e-12,
        -1.4428458428028534e-12,
        -1.4428458428028534e-12
      ],
      [
        -1.4428458428028534e-12,
        0.0,
        -1.4428232973175175e-12,
        -1.4428232973175175e-12,
        -1.4428232973175175e-12,
        -1.4428232973175175e-12
      ],
      [
        -1.4428458428028534e-12,
        -1.4428232973175175e-12,
        0.0,
        -1.4428232973175175e-12,
        -1.4428232973175175e-12,
        -1.4428232973175175e-12
      ],
      [
        -1.4428458428028534e-12,
        -1.4428232973175175e-12,
        -1.4428232973175175e-12,
        0.0,
        -1.4428232973175175e-12,
        -1.4428232973175175e-12
      ],
      [
        -1.4428458428028534e-12,
        -1.4428232973175175e-12,
        -1.4428232973175175e-12,
        -1.4428232973175175e-12,
        0.0,
        -1.4428232973175175e-12
      ],
      [
        -1.4428458428028534e-12,
        -1.4428232973175175e-12,
        -1.4428232973175175e-12,
        -1.4428232973175175e-12,
        -1.4428232973175175e-12,
        0.0
      ]
    ]
  ]
}