{
  "topology": [
    "linear",
    "ring",
    "star",
    "complete"
  ],
  "entropies": [
    0.9997770990017212,
    0.9999889930794672,
    0.9998238825959875,
    0.999975234353679
  ],
  "curvatures": [
    2.2204460492503132e-17,
    2.2204460492503132e-17,
    1.554312234475219e-16,
    1.1102230246251565e-16
  ],
  "distances": [
    0.36796145100582295,
    0.578588993609482,
    0.3679442368492668,
    0.9578592368051059
  ],
  "mi_matrices": [
    [
      [
        0.0,
        0.9997770990017212,
        0.9997770990017212,
        0.9997770990017212,
        0.9997770990017212,
        0.9997770990017212
      ],
      [
        0.9997770990017212,
        0.0,
        0.9997770990017212,
        0.9997770990017212,
        0.9997770990017212,
        0.9997770990017212
      ],
      [
        0.9997770990017212,
        0.9997770990017212,
        0.0,
        0.9997770990017212,
        0.9997770990017212,
        0.9997770990017212
      ],
      [
        0.9997770990017212,
        0.9997770990017212,
        0.9997770990017212,
        0.0,
        0.9997770990017212,
        0.9997770990017212
      ],
      [
        0.9997770990017212,
        0.9997770990017212,
        0.9997770990017212,
        0.9997770990017212,
        0.0,
        0.9997770990017212
      ],
      [
        0.9997770990017212,
        0.9997770990017212,
        0.9997770990017212,
        0.9997770990017212,
        0.9997770990017212,
        0.0
      ]
    ],
    [
      [
        0.0,
        -1.4428458428028534e-12,
        -1.4428458428028534e-12,
        -1.4428458428028534e-12,
        -1.4428458428028534e-12,
        -1.4428458428028534e-12
      ],
      [
        -1.4428458428028534e-12,
        0.0,
        0.9999889930794672,
        0.9999889930794672,
        0.9999889930794672,
        0.9999889930794672
      ],
      [
        -1.4428458428028534e-12,
        0.9999889930794672,
        0.0,
        0.9999889930794672,
        0.9999889930794672,
        0.9999889930794672
      ],
      [
        -1.4428458428028534e-12,
        0.9999889930794672,
        0.9999889930794672,
        0.0,
        0.9999889930794672,
        0.9999889930794672
      ],
      [
        -1.4428458428028534e-12,
        0.9999889930794672,
        0.9999889930794672,
        0.9999889930794672,
        0.0,
        0.9999889930794672
      ],
      [
        -1.4428458428028534e-12,
        0.9999889930794672,
        0.9999889930794672,
        0.9999889930794672,
        0.9999889930794672,
        0.0
      ]
    ],
    [
      [
        0.0,
        0.9998238825959875,
        0.9998238825959875,
        0.9998238825959875,
        0.9998238825959875,
        0.9998238825959875
      ],
      [
        0.9998238825959875,
        0.0,
        0.9998238825959875,
        0.9998238825959875,
        0.9998238825959875,
        0.9998238825959875
      ],
      [
        0.9998238825959875,
        0.9998238825959875,
        0.0,
        0.9998238825959875,
        0.9998238825959875,
        0.9998238825959875
      ],
      [
        0.9998238825959875,
        0.9998238825959875,
        0.9998238825959875,
        0.0,
        0.9998238825959875,
        0.9998238825959875
      ],
      [
        0.9998238825959875,
        0.9998238825959875,
        0.9998238825959875,
        0.9998238825959875,
        0.0,
        0.9998238825959875
      ],
      [
        0.9998238825959875,
        0.9998238825959875,
        0.9998238825959875,
        0.9998238825959875,
        0.9998238825959875,
        0.0
      ]
    ],
    [
      [
        0.0,
        0.999975234353679,
        -1.4428458428028534e-12,
        -1.4428458428028534e-12,
        -1.4428458428028534e-12,
        -1.4428458428028534e-12
      ],
      [
        0.999975234353679,
        0.0,
        -1.4428458428028534e-12,
        -1.4428458428028534e-12,
        -1.4428458428028534e-12,
        -1.4428458428028534e-12
      ],
      [
        -1.4428458428028534e-12,
        -1.4428458428028534e-12,
        0.0,
        -1.4428232973175175e-12,
        -1.4428232973175175e-12,
        -1.4428232973175175e-12
      ],
      [
        -1.4428458428028534e-12,
        -1.4428458428028534e-12,
        -1.4428232973175175e-12,
        0.0,
        -1.4428232973175175e-12,
        -1.4428232973175175e-12
      ],
      [
        -1.4428458428028534e-12,
        -1.4428458428028534e-12,
        -1.4428232973175175e-12,
        -1.4428232973175175e-12,
        0.0,
        -1.4428232973175175e-12
      ],
      [
        -1.4428458428028534e-12,
        -1.4428458428028534e-12,
        -1.4428232973175175e-12,
        -1.4428232973175175e-12,
        -1.4428232973175175e-12,
        0.0
      ]
    ]
  ]
}