{
  "total_pairs": 55,
  "non_zero_pairs": 55,
  "mi_statistics": {
    "mean": 0.0018817062988654679,
    "std": 0.004869519768607815,
    "min": 7.701144899563417e-07,
    "max": 0.034743447181897036,
    "median": 0.0004727649623297303
  },
  "geometric_distance_statistics": {
    "mean": 0.424955872679178,
    "std": 0.11338511202093987,
    "min": 0.18239087110486338,
    "max": 0.7634802069221104,
    "median": 0.4156681914127312
  },
  "graph_distance_statistics": {
    "mean": 7.7154997417782845,
    "std": 1.847682650382595,
    "min": 3.359764007234055,
    "max": 12.857642922705272,
    "median": 7.656891049430005
  },
  "correlations": {
    "geometric_pearson": -0.5215625419877825,
    "graph_pearson": -0.5660791202812255,
    "geometric_spearman": -1.0,
    "graph_spearman": -0.9986291486291488
  }
}