{
  "timesteps": [
    0.0,
    0.6731984257692414,
    1.3463968515384828,
    2.019595277307724,
    2.6927937030769655,
    3.365992128846207,
    4.039190554615448,
    4.71238898038469,
    5.385587406153931,
    6.058785831923172,
    6.731984257692414,
    7.405182683461655,
    8.078381109230897,
    8.751579535000138,
    9.42477796076938
  ],
  "entropies": [
    0.9999009357227439,
    0.42981991883022896,
    0.039900399083420725,
    0.1124773082054246,
    0.6822246231164285,
    0.8866974338044775,
    0.24336884810261772,
    0.0004159609554197363,
    0.2359577902615825,
    0.8627381506810664,
    0.6681417873249051,
    0.09003660101365389,
    0.02535647452311555,
    0.45148589296219654,
    0.9999999999971146
  ],
  "curvatures": [
    5.482281295599023e-13,
    1.659783421814609e-13,
    -2.603472992745992e-13,
    -2.6767477123712524e-13,
    1.0934586569533167e-12,
    -1.145639139110699e-12,
    1.0879075418301909e-12,
    1.532107773982716e-14,
    4.4930725806580085e-13,
    3.752553823233029e-14,
    1.326050380612287e-12,
    -7.810418978237976e-13,
    9.969802761133906e-14,
    -1.433297924791077e-13,
    -1.6553425297161084e-13
  ],
  "distances": [
    500001.22147299926,
    500001.96422038693,
    500036.9744218602,
    500007.98214814515,
    500001.46541617956,
    500001.2860690556,
    500003.2370207871,
    502067.8875425866,
    500003.4827169256,
    500001.3021442341,
    500001.4802134602,
    500015.17095312546,
    500266.39554459153,
    500001.89482133696,
    500001.22142346227
  ],
  "geometries": [
    [
      [
        191346.5226312688,
        147122.82402773743,
        65127.28531726687
      ],
      [
        -574129.8073206905,
        -441283.61707504897,
        -195308.3299651722
      ],
      [
        191381.12466545132,
        147098.0431512192,
        65081.57379502802
      ],
      [
        191402.1600239703,
        147062.74989609237,
        65099.470852877326
      ]
    ],
    [
      [
        186989.46278934387,
        -137917.30866897278,
        92270.99895011682
      ],
      [
        -560896.7161580074,
        413790.4603343482,
        -276900.58836014185
      ],
      [
        186942.22751046822,
        -137926.89873572186,
        92352.33924149605
      ],
      [
        186965.02585819527,
        -137946.25292965368,
        92277.25016852903
      ]
    ],
    [
      [
        211042.87259067828,
        -88860.4675307438,
        100324.09848120825
      ],
      [
        -633045.0152079151,
        266764.23797196563,
        -300985.79846829985
      ],
      [
        211015.19659664505,
        -88990.57625508525,
        100266.81529278865
      ],
      [
        210986.94602059174,
        -88913.1941861366,
        100394.88469430304
      ]
    ],
    [
      [
        198368.15525753892,
        -144372.811360216,
        -48028.59971407615
      ],
      [
        -595049.7552785793,
        433234.93794925907,
        143961.36587565238
      ],
      [
        198369.82532327127,
        -144391.5785137272,
        -47965.26509804238
      ],
      [
        198311.77469776914,
        -144470.54807531598,
        -47967.501063533855
      ]
    ],
    [
      [
        101237.65564904005,
        -101039.73954960641,
        205041.67491580086
      ],
      [
        -303637.8276927841,
        302897.8734167313,
        -615271.0543243622
      ],
      [
        101214.41950536432,
        -101017.72584527948,
        205063.9925825826
      ],
      [
        101185.75253837979,
        -100840.40802184545,
        205165.3868259788
      ]
    ],
    [
      [
        -81238.27737793692,
        -60305.469171192206,
        -228612.71414048254
      ],
      [
        243803.99502716187,
        180893.88247449393,
        685812.3835363094
      ],
      [
        -81312.87961539475,
        -60270.73325379909,
        -228595.35139776554
      ],
      [
        -81252.83803383024,
        -60317.68004950267,
        -228604.31799806142
      ]
    ],
    [
      [
        206149.3206476881,
        -97087.46570708828,
        102842.89992221126
      ],
      [
        -618346.4582378261,
        291405.00511930627,
        -308597.44849141507
      ],
      [
        206086.43786390172,
        -97174.39074187053,
        102886.82357019783
      ],
      [
        206110.6997262363,
        -97143.14867034745,
        102867.724999006
      ]
    ],
    [
      [
        64414.648551668375,
        -66163.87561278162,
        232351.62976669305
      ],
      [
        -185224.42115771252,
        206087.61680471982,
        -696934.0199305057
      ],
      [
        59875.521127834036,
        -69333.53675624715,
        232617.04951184482
      ],
      [
        60934.251478210135,
        -70590.20443569105,
        231965.34065196797
      ]
    ],
    [
      [
        -119377.74599976822,
        217813.308315269,
        -28398.88875757649
      ],
      [
        358205.29175244144,
        -653421.8561264958,
        85032.04071060111
      ],
      [
        -119381.8862326075,
        217821.46286229702,
        -28318.83601281267
      ],
      [
        -119445.65952006564,
        217787.0849489297,
        -28314.315940211938
      ]
    ],
    [
      [
        83180.01152807684,
        182802.58793809815,
        148877.39914954468
      ],
      [
        -249594.26321259022,
        -548397.4282847375,
        -446614.5692549457
      ],
      [
        83236.68641838644,
        182810.77277790476,
        148835.6669238357
      ],
      [
        83177.56526612694,
        182784.06756873467,
        148901.5031815653
      ]
    ],
    [
      [
        -28035.343345332694,
        -248398.98506821864,
        3484.8393662605163
      ],
      [
        84285.50108111199,
        745177.06757638,
        -10425.789793995493
      ],
      [
        -28143.259920921384,
        -248386.90715858783,
        3475.866836278288
      ],
      [
        -28106.897814857915,
        -248391.17534957358,
        3465.083591456691
      ]
    ],
    [
      [
        -134014.81694516266,
        -164020.30644477456,
        -132806.42792677283
      ],
      [
        402023.7223931706,
        491946.3440967564,
        398581.59115923016
      ],
      [
        -134051.3819661817,
        -163983.56635011584,
        -132814.91215889048
      ],
      [
        -133957.52348182624,
        -163942.47130186603,
        -132960.25107356685
      ]
    ],
    [
      [
        137429.01477969132,
        165583.25324082765,
        -127262.85182866003
      ],
      [
        -413044.29538522393,
        -497192.2367753499,
        380388.953119491
      ],
      [
        137969.11157134076,
        165836.52253923527,
        -126345.95834334355
      ],
      [
        137646.16903419181,
        165772.460995287,
        -126780.14294748742
      ]
    ],
    [
      [
        248433.18111595654,
        26181.1650460127,
        9781.69324461292
      ],
      [
        -745272.3534619507,
        -78728.84766771074,
        -29537.597326450436
      ],
      [
        248415.9783275085,
        26305.982005719976,
        9883.191127168697
      ],
      [
        248423.19401848578,
        26241.700615978072,
        9872.712954668825
      ]
    ],
    [
      [
        -28909.393401247893,
        224077.45374609917,
        107022.06364095281
      ],
      [
        86608.19814217309,
        -672250.761901358,
        -321060.0163396792
      ],
      [
        -28810.155427452308,
        224077.29262288625,
