{
  "success": true,
  "target_entropies": [
    0.1,
    0.4,
    0.9,
    1.5,
    2.0
  ],
  "achieved_entropies": [
    0.5164447091877161,
    0.8117472937132085,
    0.8117472937132085,
    0.5164447091877161,
    9.61027951144475e-16
  ],
  "parameters": {
    "entanglement_strength": 0.5316725233132812,
    "weight": 0.6505287996576105,
    "gamma": 0.1474806584154546,
    "sigma": 2.2997941673035194e-08,
    "init_angle": 0.7185740592774602,
    "timesteps": 3,
    "asymmetry_strength": -9.636139269058076e-09
  },
  "loss": 1.1660659421335078,
  "iterations": 3,
  "optimization_result": {
    "fun": 1.1660659421335078,
    "direc": [
      [
        1.0,
        0.0,
        0.0,
        0.0,
        0.0,
        0.0,
        0.0
      ],
      [
        0.0,
        1.0,
        0.0,
        0.0,
        0.0,
        0.0,
        0.0
      ],
      [
        0.0,
        0.0,
        1.0,
        0.0,
        0.0,
        0.0,
        0.0
      ],
      [
        0.0,
        0.0,
        0.0,
        1.0,
        0.0,
        0.0,
        0.0
      ],
      [
        0.0,
        0.0,
        0.0,
        0.0,
        0.0,
        0.0,
        1.0
      ],
      [
        0.0,
        0.0,
        0.0,
        0.0,
        0.0,
        1.0,
        0.0
      ],
      [
        0.0013369957924742964,
        -0.00011237169793289701,
        0.04459576653906754,
        4.03502249794144e-08,
        -0.008096351449405594,
        0.0,
        4.03502249794144e-08
      ]
    ],
    "nit": 3,
    "nfev": 429,
    "status": 0,
    "success": true,
    "message": "Optimization terminated successfully.",
    "x": [
      0.5316725233132812,
      0.6505287996576105,
      0.1474806584154546,
      2.2997941673035194e-08,
      0.7185740592774602,
      3.0,
      -9.636139269058076e-09
    ]
  }
}