{
  "lorentzian_solution": {
    "stationary_edge_lengths": [
      0.0009999999999998899,
      0.0010000000000000009,
      5.325148722451196,
      3.1706353134893517,
      0.7156051787454081,
      0.0009999999999998899,
      0.0010000000000000009,
      0.0009999999999998899,
      0.0009999999999998899,
      0.0010000000000000009,
      0.0009999999999998899,
      0.0010000000000000009,
      10.54185239378591,
      3.1945764927333644,
      0.0009999999999998899,
      0.0009999999999998899,
      0.0010000000000000009,
      0.0010000000000000009,
      0.0009999999999998899,
      0.0010000000000000009,
      7.884368272453536,
      5.399628686407789,
      0.0010000000000000009,
      0.0009999999999998899,
      0.0010000000000000009,
      0.0009999999999998899,
      7.229164029434788,
      11.223649156713313,
      0.0009999999999998899,
      0.0010000000000000009,
      0.0009999999999998899,
      0.0009999999999998899,
      0.0009999999999998899,
      0.0009999999999998899,
      0.0009999999999998899,
      0.0009999999999998899,
      0.0010000000000000009,
      0.0010000000000000009,
      0.0010000000000000009,
      24.476049643291635,
      0.0010000000000000009,
      0.0010000000000000009,
      0.0009999999999998899,
      0.0010000000000000009,
      0.0010000000000000009,
      0.0009999999999998899,
      0.0010000000000000009,
      0.0009999999999998899,
      0.8298202574719084,
      1.1947547746402067,
      1.108897907718663,
      0.879486272613669,
      0.802208846849441,
      1.1261845713819336,
      1.082742937539047,
      1.0916028672163949,
      1.1085081386743783,
      0.8296178606936362,
      0.943386291417709,
      0.8463476238100519,
      1.1452413703502373,
      1.0493192507310232,
      0.9323592099410597,
      0.8254233401144095,
      0.9243929286862649,
      0.9300733288106988
    ],
    "stationary_action": 2.6249951715905217e-11,
    "all_edges": [
      [
        [
          0,
          0
        ],
        [
          1,
          0
        ]
      ],
      [
        [
          0,
          0
        ],
        [
          5,
          0
        ]
      ],
      [
        [
          0,
          0
        ],
        [
          2,
          0
        ]
      ],
      [
        [
          0,
          0
        ],
        [
          4,
          0
        ]
      ],
      [
        [
          0,
          0
        ],
        [
          3,
          0
        ]
      ],
      [
        [
          1,
          0
        ],
        [
          2,
          0
        ]
      ],
      [
        [
          1,
          0
        ],
        [
          4,
          0
        ]
      ],
      [
        [
          2,
          0
        ],
        [
          3,
          0
        ]
      ],
      [
        [
          2,
          0
        ],
        [
          4,
          0
        ]
      ],
      [
        [
          2,
          0
        ],
        [
          5,
          0
        ]
      ],
      [
        [
          3,
          0
        ],
        [
          4,
          0
        ]
      ],
      [
        [
          4,
          0
        ],
        [
          5,
          0
        ]
      ],
      [
        [
          0,
          1
        ],
        [
          1,
          1
        ]
      ],
      [
        [
          0,
          1
        ],
        [
          5,
          1
        ]
      ],
      [
        [
          0,
          1
        ],
        [
          2,
          1
        ]
      ],
      [
        [
          0,
          1
        ],
        [
          4,
          1
        ]
      ],
      [
        [
          0,
          1
        ],
        [
          3,
          1
        ]
      ],
      [
        [
          1,
          1
        ],
        [
          2,
          1
        ]
      ],
      [
        [
          1,
          1
        ],
        [
          4,
          1
        ]
      ],
      [
        [
          2,
          1
        ],
        [
          3,
          1
        ]
      ],
      [
        [
          2,
          1
        ],
        [
          4,
          1
        ]
      ],
      [
        [
          2,
          1
        ],
        [
          5,
          1
        ]
      ],
      [
        [
          3,
          1
        ],
        [
          4,
          1
        ]
      ],
      [
        [
          4,
          1
        ],
        [
          5,
          1
        ]
      ],
      [
        [
          0,
          2
        ],
        [
          1,
          2
        ]
      ],
      [
        [
          0,
          2
        ],
        [
          5,
          2
        ]
      ],
      [
        [
          0,
          2
        ],
        [
          2,
          2
        ]
      ],
      [
        [
          0,
          2
        ],
        [
          4,
          2
        ]
      ],
      [
        [
          0,
          2
        ],
        [
          3,
          2
        ]
      ],
      [
        [
          1,
          2
        ],
        [
          2,
          2
        ]
      ],
      [
        [
          1,
          2
        ],
        [
          4,
          2
        ]
      ],
      [
        [
          2,
          2
        ],
        [
          3,
          2
        ]
      ],
      [
        [
          2,
          2
        ],
        [
          4,
          2
        ]
      ],
      [
        [
          2,
          2
        ],
        [
          5,
          2
        ]
      ],
      [
        [
          3,
          2
        ],
        [
          4,
          2
        ]
      ],
      [
        [
          4,
          2
        ],
        [
          5,
          2
        ]
      ],
      [
        [
          0,
          3
        ],
        [
          1,
          3
        ]
      ],
      [
        [
          0,
          3
        ],
        [
          5,
          3
        ]
      ],
      [
        [
          0,
          3
        ],
        [
          2,
          3
        ]
      ],
      [
        [
          0,
          3
        ],
        [
          4,
          3
        ]
      ],
      [
        [
          0,
          3
        ],
        [
          3,
          3
        ]
      ],
      [
        [
          1,
          3
        ],
        [
          2,
          3
        ]
      ],
      [
        [
          1,
          3
        ],
        [
          4,
          3
        ]
      ],
      [
        [
          2,
          3
        ],
        [
          3,
          3
        ]
      ],
      [
        [
          2,
          3
        ],
        [
          4,
          3
        ]
      ],
      [
        [
          2,
          3
        ],
        [
          5,
          3
        ]
      ],
      [
        [
          3,
          3
        ],
        [
          4,
          3
        ]
      ],
      [
        [
          4,
          3
        ],
        [
          5,
          3
        ]
      ],
      [
        [
          0,
          0
        ],
        [
          0,
          1
        ]
      ],
      [
        [
          1,
          0
        ],
        [
          1,
          1
        ]
      ],
      [
        [
          2,
          0
        ],
        [
          2,
          1
        ]
      ],
      [
        [
          3,
          0
        ],
        [
          3,
          1
        ]
      ],
      [
        [
          4,
          0
        ],
        [
          4,
          1
        ]
      ],
      [
        [
          5,
          0
        ],
        [
          5,
          1
        ]
      ],
      [
        [
          0,
          1
        ],
        [
          0,
          2
        ]
      ],
      [
        [
          1,
          1
        ],
        [
          1,
          2
        ]
