{
  "lorentzian_solution": {
    "stationary_edge_lengths": [
      0.8260206371941119,
      1.1795542149013332,
      1.1862528132298236,
      1.1233589392465844,
      0.9218455076693483,
      0.8390688456025536,
      1.0736932106048627,
      0.9760609974958405,
      0.8488152939379116,
      0.9980707640445081,
      0.8137554084460874,
      1.1637281608315129,
      0.9035119926400068,
      1.0650089137415928,
      0.9246844304357644,
      1.0080272084711244,
      1.0186841117373118,
      0.8739417822102109,
      1.1878338511058235,
      1.1100531293444458,
      1.1757995766256757,
      1.1579309401710596,
      1.039159991524434,
      1.1687496940092468,
      0.8353970008207678,
      0.8783931449676581,
      0.8180909155642153,
      0.9301321323053058,
      0.9554709158757928,
      0.9085396127095584,
      1.1314950036607718,
      0.9427013306774357,
      0.9123738038749524,
      1.0170784332632994,
      0.8563696899899051,
      1.120878792301616,
      0.8298202574719084,
      1.1947547746402067,
      1.108897907718663,
      0.879486272613669,
      0.802208846849441,
      1.1261845713819336,
      1.082742937539047,
      1.0916028672163949,
      1.1085081386743783,
      0.8296178606936362,
      0.943386291417709,
      0.8463476238100519
    ],
    "stationary_action": 0.0,
    "all_edges": [
      [
        [
          0,
          0
        ],
        [
          1,
          0
        ]
      ],
      [
        [
          0,
          0
        ],
        [
          7,
          0
        ]
      ],
      [
        [
          0,
          0
        ],
        [
          2,
          0
        ]
      ],
      [
        [
          0,
          0
        ],
        [
          6,
          0
        ]
      ],
      [
        [
          0,
          0
        ],
        [
          3,
          0
        ]
      ],
      [
        [
          0,
          0
        ],
        [
          5,
          0
        ]
      ],
      [
        [
          1,
          0
        ],
        [
          2,
          0
        ]
      ],
      [
        [
          1,
          0
        ],
        [
          4,
          0
        ]
      ],
      [
        [
          1,
          0
        ],
        [
          6,
          0
        ]
      ],
      [
        [
          2,
          0
        ],
        [
          3,
          0
        ]
      ],
      [
        [
          2,
          0
        ],
        [
          4,
          0
        ]
      ],
      [
        [
          2,
          0
        ],
        [
          5,
          0
        ]
      ],
      [
        [
          2,
          0
        ],
        [
          7,
          0
        ]
      ],
      [
        [
          3,
          0
        ],
        [
          4,
          0
        ]
      ],
      [
        [
          3,
          0
        ],
        [
          6,
          0
        ]
      ],
      [
        [
          4,
          0
        ],
        [
          5,
          0
        ]
      ],
      [
        [
          4,
          0
        ],
        [
          6,
          0
        ]
      ],
      [
        [
          4,
          0
        ],
        [
          7,
          0
        ]
      ],
      [
        [
          5,
          0
        ],
        [
          6,
          0
        ]
      ],
      [
        [
          6,
          0
        ],
        [
          7,
          0
        ]
      ],
      [
        [
          0,
          1
        ],
        [
          1,
          1
        ]
      ],
      [
        [
          0,
          1
        ],
        [
          7,
          1
        ]
      ],
      [
        [
          0,
          1
        ],
        [
          2,
          1
        ]
      ],
      [
        [
          0,
          1
        ],
        [
          6,
          1
        ]
      ],
      [
        [
          0,
          1
        ],
        [
          3,
          1
        ]
      ],
      [
        [
          0,
          1
        ],
        [
          5,
          1
        ]
      ],
      [
        [
          1,
          1
        ],
        [
          2,
          1
        ]
      ],
      [
        [
          1,
          1
        ],
        [
          4,
          1
        ]
      ],
      [
        [
          1,
          1
        ],
        [
          6,
          1
        ]
      ],
      [
        [
          2,
          1
        ],
        [
          3,
          1
        ]
      ],
      [
        [
          2,
          1
        ],
        [
          4,
          1
        ]
      ],
      [
        [
          2,
          1
        ],
        [
          5,
          1
        ]
      ],
      [
        [
          2,
          1
        ],
        [
          7,
          1
        ]
      ],
      [
        [
          3,
          1
        ],
        [
          4,
          1
        ]
      ],
      [
        [
          3,
          1
        ],
        [
          6,
          1
        ]
      ],
      [
        [
          4,
          1
        ],
        [
          5,
          1
        ]
      ],
      [
        [
          4,
          1
        ],
        [
          6,
          1
        ]
      ],
      [
        [
          4,
          1
        ],
        [
          7,
          1
        ]
      ],
      [
        [
          5,
          1
        ],
        [
          6,
          1
        ]
      ],
      [
        [
          6,
          1
        ],
        [
          7,
          1
        ]
      ],
      [
        [
          0,
          0
        ],
        [
          0,
          1
        ]
      ],
      [
        [
          1,
          0
        ],
        [
          1,
          1
        ]
      ],
      [
        [
          2,
          0
        ],
        [
          2,
          1
        ]
      ],
      [
        [
          3,
          0
        ],
        [
          3,
          1
        ]
      ],
      [
        [
          4,
          0
        ],
        [
          4,
          1
        ]
      ],
      [
        [
          5,
          0
        ],
        [
          5,
          1
        ]
      ],
      [
        [
          6,
          0
        ],
        [
          6,
          1
        ]
      ],
      [
        [
          7,
          0
        ],
        [
          7,
          1
        ]
      ]
    ]
  },
  "spec": {
    "num_qubits": 8,
    "topology": "triangulated",
    "custom_edges": "0-1:1.0000,0-2:1.0000,0-3:1.0000,0-4:1.0000,0-5:1.0000,0-6:1.0000,0-7:1.0000,1-2:1.0000,1-3:1.0000,1-4:1.0000,1-5:1.0000,1-6:1.0000,1-7:1.0000,2-3:1.0000,2-4:1.0000,2-5:1.0000,2-6:1.0000,2-7:1.0000,3-4:1.0000,3-5:1.0000,3-6:1.0000,3-7:1.0000,4-5:1.0000,4-6:1.0000,4-7:1.0000,5-6:1.0000,5-7:1.0000,6-7:1.0000",
    "alpha": 0.8,
    "weight": 5.0,
    "gamma": 3.0,
    "sigma": null,
    "init_angle": 1.57,
    "init_angles": null,
    "shots": 3000,
    "device": "ibm_brisbane",
    "geometry": "spherical",
    "curvature": 1.0,
    "timesteps": 2,
    "dimension": 2,
    "mass_hinge": null,
    "mass_value": 0.0,
    "solve_regge": false,
    "lorentzian": true,
    "excite": true,
    "fast": true,
    "fast_preset": "minimal",
    "ctc_mode": false,
    "strong_curvature": true,
    "charge_injection": true,
    "charge_strength": 2.5,
    "charge_location": null,
    "spin_injection": true,
    "spin_strength": 2.0,
    "spin_location": null,
    "edge_floor": 0.001,
    "compute_entropies": true,
    "hyperbolic_triangulation": true,
    "trotter_steps": 8,
    "dt": 0.05,
    "analyze_curvature": true,
    "einstein_solver": true,
    "page_curve": true,
    "radiation_ordering": null,
    "page_curve_timesteps": 15,
    "entropy_method": "hybrid",
    "num_shadows": 100,
    "shots_per_shadow": 1000,
    "num_bases": 20,