{
  "success": true,
  "target_entropies": [
    0.1,
    0.4,
    0.9,
    1.5,
    2.0,
    2.3
  ],
  "achieved_entropies": [
    3.203426503814918e-16,
    6.406853007629835e-16,
    1.1211992763352211e-15,
    3.203426503814918e-16,
    9.61027951144475e-16,
    2.5627412030519317e-15
  ],
  "parameters": {
    "entanglement_strength": 0.8068858651212015,
    "weight": 1.2717844108319347,
    "gamma": 7.928699186245114e-08,
    "sigma": 2.1637283793030026e-11,
    "init_angle": 2.4236205498119028e-08,
    "timesteps": 0,
    "asymmetry_strength": -2.16409316985828e-11
  },
  "loss": 1.3923508969084917,
  "iterations": 3,
  "optimization_result": {
    "fun": 1.3923508969084917,
    "direc": [
      [
        1.0,
        0.0,
        0.0,
        0.0,
        0.0,
        0.0,
        0.0
      ],
      [
        0.0,
        1.0,
        0.0,
        0.0,
        0.0,
        0.0,
        0.0
      ],
      [
        0.0,
        0.0,
        1.0,
        0.0,
        0.0,
        0.0,
        0.0
      ],
      [
        0.0,
        0.0,
        0.0,
        1.0,
        0.0,
        0.0,
        0.0
      ],
      [
        0.0,
        0.0,
        0.0,
        0.0,
        1.0,
        0.0,
        0.0
      ],
      [
        0.0,
        0.0,
        0.0,
        0.0,
        0.0,
        1.0,
        0.0
      ],
      [
        0.0,
        0.0,
        0.0,
        0.0,
        0.0,
        0.0,
        1.0
      ]
    ],
    "nit": 3,
    "nfev": 439,
    "status": 0,
    "success": true,
    "message": "Optimization terminated successfully.",
    "x": [
      0.8068858651212015,
      1.2717844108319347,
      7.928699186245114e-08,
      2.1637283793030026e-11,
      2.4236205498119028e-08,
      -1.1697242541665047e-07,
      -2.16409316985828e-11
    ]
  }
}