{
  "linear_regression": {
    "slope": -0.12102460746137178,
    "intercept": -2.151246159664561,
    "r_squared": 0.1679225386526441,
    "p_value": 0.2733666006558898,
    "std_err": 0.1018244437345331,
    "slope_ci_95": [
      -0.3618011564616825,
      0.11975194153893892
    ],
    "equation": "S_rad = -0.121025 \u00d7 \u03c6 + -2.151246"
  },
  "prediction_intervals": {
    "lower": [
      -2.43386673318661,
      -2.5642150630927043,
      -2.6977075559376744,
      -2.834679617561683,
      -2.9753619535529516,
      -3.119837130839859,
      -3.2680225824940257,
      -3.4196876029272314,
      -3.5744967862993122
    ],
    "upper": [
      -1.868625586142512,
      -2.0234347695145933,
      -2.1750997899477986,
      -2.3232852416019654,
      -2.467760418888872,
      -2.608442754880141,
      -2.74541481650415,
      -2.8789073093491195,
      -3.009255639255214
    ]
  },
  "residuals": {
    "values": [
      -0.17713767954216353,
      -0.12393067136816205,
      0.09364739383848297,
      -1.0183889479765647,
      0.6869130582350094,
      0.5735967055921685,
      0.7106469532286881,
      0.9249402565924467,
      -1.6702870685999058
    ],
    "std": 0.8194766381812403,
    "durbin_watson": 1.8212812139140024,
    "shapiro_stat": 0.8951535224914551,
    "shapiro_p": 0.22522912919521332
  },
  "weighted_regression": null,
  "sample_size": 9,
  "degrees_of_freedom": 7
}