{
  "success": true,
  "target_entropies": [
    0.1,
    0.4,
    0.9,
    1.5
  ],
  "achieved_entropies": [
    0.38612569835443006,
    0.5377296550505125,
    0.38612569835442967,
    4.805139755722375e-16
  ],
  "parameters": {
    "entanglement_strength": 0.6343224697685752,
    "weight": 0.5479592931567223,
    "gamma": 0.05012439891199528,
    "sigma": -4.9012033066255675e-08,
    "init_angle": 0.666206306811174,
    "timesteps": 3,
    "asymmetry_strength": 3.1638186074276004e-11
  },
  "loss": 0.7552157195698301,
  "iterations": 2,
  "optimization_result": {
    "fun": 0.7552157195698301,
    "direc": [
      [
        1.0,
        0.0,
        0.0,
        0.0,
        0.0,
        0.0,
        0.0
      ],
      [
        0.0,
        1.0,
        0.0,
        0.0,
        0.0,
        0.0,
        0.0
      ],
      [
        0.0,
        0.0,
        1.0,
        0.0,
        0.0,
        0.0,
        0.0
      ],
      [
        0.0,
        0.0,
        0.0,
        1.0,
        0.0,
        0.0,
        0.0
      ],
      [
        0.0,
        0.0,
        0.0,
        0.0,
        1.0,
        0.0,
        0.0
      ],
      [
        0.0,
        0.0,
        0.0,
        0.0,
        0.0,
        1.0,
        0.0
      ],
      [
        0.0,
        0.0,
        0.0,
        0.0,
        0.0,
        0.0,
        1.0
      ]
    ],
    "nit": 2,
    "nfev": 292,
    "status": 0,
    "success": true,
    "message": "Optimization terminated successfully.",
    "x": [
      0.6343224697685752,
      0.5479592931567223,
      0.05012439891199528,
      -4.9012033066255675e-08,
      0.666206306811174,
      3.0,
      3.1638186074276004e-11
    ]
  }
}