{
  "success": true,
  "target_entropies": [
    0.1,
    0.4,
    0.9
  ],
  "achieved_entropies": [
    6.406853007629834e-16,
    6.406853007629834e-16,
    1.2813706015259665e-15
  ],
  "parameters": {
    "entanglement_strength": 0.8252433274578941,
    "weight": 4.900203928460611e-08,
    "gamma": 1.0533849383348811e-09,
    "sigma": -3.070431268438533e-08,
    "init_angle": -3.941347695780835e-08,
    "timesteps": 0,
    "asymmetry_strength": -3.0258889902372224e-08
  },
  "loss": 0.29246351946775107,
  "iterations": 4,
  "optimization_result": {
    "fun": 0.29246351946775107,
    "direc": [
      [
        0.0,
        0.0,
        0.0,
        0.0,
        0.0,
        0.0,
        1.0
      ],
      [
        0.0,
        1.0,
        0.0,
        0.0,
        0.0,
        0.0,
        0.0
      ],
      [
        0.0,
        0.0,
        1.0,
        0.0,
        0.0,
        0.0,
        0.0
      ],
      [
        0.0,
        0.0,
        0.0,
        1.0,
        0.0,
        0.0,
        0.0
      ],
      [
        0.0,
        0.0,
        0.0,
        0.0,
        1.0,
        0.0,
        0.0
      ],
      [
        0.0,
        0.0,
        0.0,
        0.0,
        0.0,
        1.0,
        0.0
      ],
      [
        -0.00019740534140476877,
        -1.3429590318128506e-13,
        2.320777504782522e-10,
        -6.84003867496406e-14,
        4.902770701110168e-10,
        -6.840037569311732e-14,
        6.84089221661419e-14
      ]
    ],
    "nit": 4,
    "nfev": 524,
    "status": 0,
    "success": true,
    "message": "Optimization terminated successfully.",
    "x": [
      0.8252433274578941,
      4.900203928460611e-08,
      1.0533849383348811e-09,
      -3.070431268438533e-08,
      -3.941347695780835e-08,
      8.437199396512264e-10,
      -3.0258889902372224e-08
    ]
  }
}