{
  "experiment_info": {
    "source_file": "results_n7_geomH_curv05_ibm_60JXA8.json",
    "device": "ibm_brisbane",
    "shots": 20000,
    "num_qubits": 7,
    "geometry_type": "hyperbolic",
    "curvature_strength": 0.5
  },
  "mi_analysis": {
    "max_mi": 0.1040100119956231,
    "mean_mi": 0.006500546943742999,
    "non_zero_pairs": 18,
    "mi_matrix": [
      [
        0.0,
        0.0016446064506454583,
        0.0,
        0.0,
        0.1040100119956231,
        0.0,
        0.0
      ],
      [
        0.0016446064506454583,
        0.0,
        0.0,
        0.001810248576606277,
        0.005055642839566499,
        0.0,
        0.0010334264456048903
      ],
      [
        0.0,
        0.0,
        0.0,
        0.0,
        0.0,
        0.0,
        0.0
      ],
      [
        0.0,
        0.001810248576606277,
        0.0,
        0.0,
        0.0,
        0.0,
        0.0015984674953144484
      ],
      [
        0.1040100119956231,
        0.005055642839566499,
        0.0,
        0.0,
        0.0,
        0.010465267247210086,
        0.001336814106475126
      ],
      [
        0.0,
        0.0,
        0.0,
        0.0,
        0.010465267247210086,
        0.0,
        0.0323089149646576
      ],
      [
        0.0,
        0.0010334264456048903,
        0.0,
        0.0015984674953144484,
        0.001336814106475126,
        0.0323089149646576,
        0.0
      ]
    ]
  },
  "rt_analysis": {
    "rt_surfaces": {
      "size_1_region_(1,)": {
        "boundary_mi": 0.0,
        "rt_length": 0.0,
        "rt_ratio": 0.0,
        "edge_count": 0
      },
      "size_1_region_(0,)": {
        "boundary_mi": 0.0,
        "rt_length": 0.0,
        "rt_ratio": 0.0,
        "edge_count": 0
      },
      "size_1_region_(3,)": {
        "boundary_mi": 0.0,
        "rt_length": 0.0,
        "rt_ratio": 0.0,
        "edge_count": 0
      },
      "size_1_region_(4,)": {
        "boundary_mi": 0.0,
        "rt_length": 0.0,
        "rt_ratio": 0.0,
        "edge_count": 0
      },
      "size_1_region_(2,)": {
        "boundary_mi": 0.0,
        "rt_length": 0.0,
        "rt_ratio": 0.0,
        "edge_count": 0
      },
      "size_2_region_(4, 6)": {
        "boundary_mi": 0.001336814106475126,
        "rt_length": 2.363754736056062,
        "rt_ratio": 0.0005655468735517539,
        "edge_count": 2
      },
      "size_2_region_(3, 5)": {
        "boundary_mi": 0.0,
        "rt_length": 10.0,
        "rt_ratio": 0.0,
        "edge_count": 2
      },
      "size_2_region_(1, 4)": {
        "boundary_mi": 0.005055642839566499,
        "rt_length": 1.6416233398529025,
        "rt_ratio": 0.0030796606542051862,
        "edge_count": 2
      },
      "size_2_region_(5, 1)": {
        "boundary_mi": 0.0,
        "rt_length": 10.0,
        "rt_ratio": 0.0,
        "edge_count": 2
      },
      "size_3_region_(6, 3, 2)": {
        "boundary_mi": 0.0015984674953144484,
        "rt_length": 7.422237939381031,
        "rt_ratio": 0.00021536193075671347,
        "edge_count": 6
      },
      "size_3_region_(4, 5, 2)": {
        "boundary_mi": 0.010465267247210086,
        "rt_length": 7.082218658369115,
        "rt_ratio": 0.001477682028366404,
        "edge_count": 6
      },
      "size_3_region_(2, 6, 3)": {
        "boundary_mi": 0.0015984674953144484,
        "rt_length": 7.422237939381032,
        "rt_ratio": 0.00021536193075671344,
        "edge_count": 6
      },
      "size_3_region_(0, 1, 3)": {
        "boundary_mi": 0.0017274275136258677,
        "rt_length": 4.816812318628392,
        "rt_ratio": 0.0003586246247043966,
        "edge_count": 6
      },
      "size_3_region_(1, 2, 6)": {
        "boundary_mi": 0.0010334264456048903,
        "rt_length": 7.501164640968341,
        "rt_ratio": 0.00013776879907195254,
        "edge_count": 6
      },
      "size_3_region_(1, 4, 2)": {
        "boundary_mi": 0.005055642839566499,
        "rt_length": 7.213874446617634,
        "rt_ratio": 0.0007008221268570476,
        "edge_count": 6
      },
      "size_3_region_(3, 1, 0)": {
        "boundary_mi": 0.0017274275136258677,
        "rt_length": 4.816812318628393,
        "rt_ratio": 0.00035862462470439654,
        "edge_count": 6
      }
    },
    "rt_consistency": 0.000896398791395941,
    "num_rt_surfaces": 16,
    "mean_rt_ratio": 0.000789939288108285
  },
  "geometry_analysis": {
    "coordinates": [
      [
        -1.2728678010071048,
        -3.1213095676937868
      ],
      [
        0.4952552871633534,
        -1.5374942733683628
      ],
      [
        -6.796523065680705,
        4.993744022853046
      ],
      [
        2.5495881897480195,
        -1.820806092541067
      ],
      [
        0.7321981774286672,
        0.2887054367671583
      ],
      [
        2.0307017025948704,
        0.8737858923944788
      ],
      [
        2.2616475097528994,
        0.32337458158853344
      ]
    ],
    "geometry_radius": 8.433872488252971,
    "mi_distance_correlation": 0.9915955863200668,
    "distances": [
      [
        0.0,
        2.251266103051814,
        10.0,
        4.450436955885175,
        3.8928894429047167,
        5.139545418012059,
        4.754760025956832
      ],
      [
        2.251266103051814,
        0.0,
        10.0,
        2.1991708528333618,
        1.6416233398529025,
        2.888279314960245,
        2.503493922905019
      ],
      [
        10.0,
        10.0,
        0.0,
        10.0,
        10.0,
        10.0,
        10.0
      ],
      [
        4.450436955885175,
        2.1991708528333618,
        10.0,
        0.0,
        3.840794192686264,
        2.901404767142894,
        2.2667138181430926
      ],
      [
        3.8928894429047167,
        1.6416233398529025,
        10.0,
        3.840794192686264,
        0.0,
        1.2466559751073423,
        1.8813469241071437
      ],
      [
        5.139545418012059,
        2.888279314960245,
        10.0,
        2.901404767142894,
        1.2466559751073423,
        0.0,
        0.6346909489998014
      ],
      [
        4.754760025956832,
        2.503493922905019,
        10.0,
        2.2667138181430926,
        1.8813469241071437,
        0.6346909489998014,
        0.0
      ]
    ]
  },
  "rt_verification": {
    "mi_values": [
      0.0016446064506454583,
      0.1040100119956231,
      0.001810248576606277,
      0.005055642839566499,
      0.0010334264456048903,
      0.0015984674953144484,
      0.010465267247210086,
      0.001336814106475126,
      0.0323089149646576
    ],
    "path_lengths": [
      2.3737586527405363,
      3.9558174766449197,
      2.073776569817705,
      1.8415068054575148,
      2.5657307690740714,
      2.163427973958671,
      1.4242298074489697,
      1.5298422172726458,
      0.596899134617393
    ],
    "correlation": 0.5704182627286198,
    "p_value": 0.10875338317127223,
    "num_pairs": 9
  },
  "entropy_scaling": {
    "entropy_data": {
      "2": {
        "mean_entropy": 0.0323089149646576,
        "std_entropy": 0.0,
        "num_samples": 1
      },
      "3": {
        "mean_entropy": 0.018746917906298604,
        "std_entropy": 0.038130862841607965,
        "num_samples": 6
      },
      "4": {
        "mean_entropy": 0.016244064817168315,
        "std_entropy": 0.020151078392542984,
        "num_samples": 7
      },
      "5": {
        "mean_entropy": 0.014077941920211714,
        "std_entropy": 0.00993826612926424,
        "num_samples": 7
      },
      "6": {
        "mean_entropy": 0.02076553301756443,
        "std_entropy": 0.007356207463323159,
        "num_samples": 7
      }
    },
    "area_scaling": {
      "coefficients": [
        -0.0027755739880273226,
        0.031530970477289415
      ],
      "r_squared": 0.38151908527179246
    },
    "volume_scaling": {
      "coefficients": [
        0.002916850464542645,
        -0.026110377704368474,
        0.07236687698088638
      ],
      "r_squared": 0.9714036286712849
    },
    "holographic_support": false
  },