{
  "success": true,
  "target_entropies": [
    0.1,
    0.4,
    0.9,
    1.5,
    2.0,
    2.3
  ],
  "achieved_entropies": [
    0.7236652351902871,
    1.036840128689673,
    1.1482937076741895,
    1.0368401286896731,
    0.7236652351902872,
    8.168737584728017e-15
  ],
  "parameters": {
    "entanglement_strength": 0.5409750871674415,
    "weight": 1.0879399558042395,
    "gamma": 0.5266984518456008,
    "sigma": 0.21570904827096848,
    "init_angle": 3.266924918018848,
    "timesteps": 8,
    "asymmetry_strength": 1.3856797454910725
  },
  "loss": 2.115551314657413,
  "iterations": 1,
  "optimization_result": {
    "fun": 2.115551314657413,
    "jac": [
      -0.12408021214763172,
      -0.1608033271874347,
      0.010533973640396743,
      0.004314149040280196,
      0.06533849057096461,
      0.16,
      -0.020750823408013448
    ],
    "nfev": 80,
    "njev": 10,
    "nit": 1,
    "status": 0,
    "message": "CONVERGENCE: RELATIVE REDUCTION OF F <= FACTR*EPSMCH",
    "x": [
      0.5409750871674415,
      1.0879399558042395,
      0.5266984518456008,
      0.21570904827096848,
      3.266924918018848,
      8.0,
      1.3856797454910725
    ],
    "success": true,
    "hess_inv": "<7x7 LbfgsInvHessProduct with dtype=float64>"
  }
}