{
  "success": true,
  "target_entropies": [
    0.1,
    0.4,
    0.9,
    1.5
  ],
  "achieved_entropies": [
    0.3863114897076729,
    0.5394558209780962,
    0.3863114897076729,
    3.2034265038149143e-15
  ],
  "parameters": {
    "entanglement_strength": 0.6018976858405174,
    "weight": 0.5780503902342468,
    "gamma": 0.04645145323051426,
    "sigma": -9.862026548331083e-08,
    "init_angle": 0.634779946744043,
    "timesteps": 3,
    "asymmetry_strength": -3.163707353498761e-11
  },
  "loss": 0.754839784149068,
  "iterations": 2,
  "optimization_result": {
    "fun": 0.754839784149068,
    "direc": [
      [
        1.0,
        0.0,
        0.0,
        0.0,
        0.0,
        0.0,
        0.0
      ],
      [
        0.0,
        1.0,
        0.0,
        0.0,
        0.0,
        0.0,
        0.0
      ],
      [
        0.0,
        0.0,
        1.0,
        0.0,
        0.0,
        0.0,
        0.0
      ],
      [
        0.0,
        0.0,
        0.0,
        1.0,
        0.0,
        0.0,
        0.0
      ],
      [
        0.0,
        0.0,
        0.0,
        0.0,
        1.0,
        0.0,
        0.0
      ],
      [
        0.0,
        0.0,
        0.0,
        0.0,
        0.0,
        1.0,
        0.0
      ],
      [
        0.0,
        0.0,
        0.0,
        0.0,
        0.0,
        0.0,
        1.0
      ]
    ],
    "nit": 2,
    "nfev": 292,
    "status": 0,
    "success": true,
    "message": "Optimization terminated successfully.",
    "x": [
      0.6018976858405174,
      0.5780503902342468,
      0.04645145323051426,
      -9.862026548331083e-08,
      0.634779946744043,
      3.0,
      -3.163707353498761e-11
    ]
  }
}