{
  "timesteps": [
    0.0,
    0.6731984257692414,
    1.3463968515384828,
    2.019595277307724,
    2.6927937030769655,
    3.365992128846207,
    4.039190554615448,
    4.71238898038469,
    5.385587406153931,
    6.058785831923172,
    6.731984257692414,
    7.405182683461655,
    8.078381109230897,
    8.751579535000138,
    9.42477796076938
  ],
  "entropies": [
    0.9996670159659137,
    0.4342606412482799,
    0.025435584632678292,
    0.07446457415124715,
    0.6264013083877743,
    0.8773894905088477,
    0.26647492312233423,
    0.00141321807931812,
    0.23598699639037934,
    0.8909853182973843,
    0.6481629503016926,
    0.12390545201967502,
    0.024581371337324926,
    0.4371688472224054,
    0.9992954443592694
  ],
  "curvatures": [
    2.255973186038318e-13,
    -2.1382895454280515e-13,
    7.893685705084863e-14,
    3.452793606584237e-14,
    -6.609157665593557e-13,
    -2.2493118478905672e-13,
    -8.955058916626513e-13,
    1.1879386363489175e-14,
    1.2789769243681803e-13,
    2.757793993168889e-13,
    4.990452495690079e-13,
    8.593126210598712e-14,
    -1.921796055626146e-13,
    1.0524914273446484e-13,
    -1.1887157924661551e-12
  ],
  "distances": [
    500001.2215900095,
    500001.95777685614,
    500066.30477314495,
    500021.9292083145,
    500001.53918644105,
    500001.292655105,
    500003.02825512324,
    501518.9121041325,
    500003.2914325323,
    500001.2836597922,
    500001.5060071004,
    500006.59535203135,
    500040.85829327116,
    500001.93979926355,
    500001.2217759878
  ],
  "geometries": [
    [
      [
        65468.004765051264,
        -147165.64886247064,
        -191197.26091095535
      ],
      [
        -196479.3496308874,
        441554.63864548824,
        573521.5443782975
      ],
      [
        65506.59582300372,
        -147147.4338685663,
        -191198.0622721152
      ],
      [
        65504.7490428324,
        -147241.55591445134,
        -191126.22119522683
      ]
    ],
    [
      [
        -203531.21433010552,
        127791.02927688435,
        -68881.6234139053
      ],
      [
        610598.1785385867,
        -383288.89009097696,
        206787.55596345995
      ],
      [
        -203513.06154123554,
        127779.48026112806,
        -68956.6439933437
      ],
      [
        -203553.90266724568,
        127718.38055296463,
        -68949.28855621097
      ]
    ],
    [
      [
        181518.3336528097,
        -107493.84202575096,
        -134150.5280294161
      ],
      [
        -544449.7420409087,
        322252.4385125222,
        402777.15778283397
      ],
      [
        181495.85351157887,
        -107299.36650264548,
        -134336.51783503106
      ],
      [
        181435.55487652007,
        -107459.22998412575,
        -134290.11191838677
      ]
    ],
    [
      [
        238363.77137063796,
        66941.66921451436,
        34665.84703221794
      ],
      [
        -715112.9639196506,
        -200819.2744592446,
        -103858.72727602963
      ],
      [
        238404.01604730618,
        66880.3729964573,
        34506.74519648309
      ],
      [
        238345.17650170665,
        66997.23224827297,
        34686.135047328615
      ]
    ],
    [
      [
        224442.49828806895,
        -93838.01553058636,
        -57620.935432777
      ],
      [
        -673263.4094453134,
        281586.207010605,
        172994.76718831845
      ],
      [
        224392.0200408354,
        -93907.3176692721,
        -57704.57007195785
      ],
      [
        224428.89111640904,
        -93840.87381074658,
        -57669.2616835836
      ]
    ],
    [
      [
        223076.88307147287,
        86614.53820151699,
        -72351.96235922686
      ],
      [
        -669259.8462871932,
        -259791.13243074244,
        217028.64923603582
      ],
      [
        223072.40678760817,
        86606.44543122363,
        -72375.44687753772
      ],
      [
        223110.5564281123,
        86570.14879800181,
        -72301.23999927123
      ]
    ],
    [
      [
        -170721.48110681647,
        182037.03269182294,
        14726.688444623993
      ],
      [
        512112.0102008258,
        -546164.1197983106,
        -44132.21553448426
      ],
      [
        -170687.99968066512,
        182073.7505616738,
        14660.712380052752
      ],
      [
        -170702.52941334428,
        182053.33654481385,
        14744.814709807519
      ]
    ],
    [
      [
        183306.25373554754,
        -107585.47568520329,
        -131623.73218320348
      ],
      [
        -549542.2567431031,
        322638.10393018863,
        395482.3498320074
      ],
      [
        183864.20430261653,
        -109082.26306655948,
        -129649.43319833562
      ],
      [
        182371.79870493893,
        -105970.36517842583,
        -134209.1844504683
      ]
    ],
    [
      [
        -168180.49757694136,
        -182792.30016182447,
        28328.007426980505
      ],
      [
        504525.4075661311,
        548378.2245767057,
        -85070.82684490106
      ],
      [
        -168145.16371464136,
        -182813.99318604212,
        28397.679217757963
      ],
      [
        -168199.7462745484,
        -182771.93122883918,
        28345.140200162605
      ]
    ],
    [
      [
        -179357.58081636837,
        -161217.3211081069,
        65878.78213526
      ],
      [
        538079.1024535649,
        483708.36361533345,
        -197480.90465669203
      ],
      [
        -179355.35427884068,
        -161248.30473375204,
        65808.97777234932
      ],
      [
        -179366.16735835592,
        -161242.73777347454,
        65793.14474908273
      ]
    ],
    [
      [
        -10385.20354190819,
        -249483.33445971526,
        -12263.518967082577
      ],
      [
        31189.155308913636,
        748448.6385067872,
        36789.65714238812
      ],
      [
        -10371.26783044873,
        -249486.00122915668,
        -12220.979553561221
      ],
      [
        -10432.68393655671,
        -249479.30281791525,
        -12305.158621744316
      ]
    ],
    [
      [
        -212554.18585456314,
        74777.79567617671,
        -108301.3395303587
      ],
      [
        637606.6224617606,
        -224503.96840211056,
        324895.93699530454
      ],
      [
        -212529.232197287,
        74883.85759558153,
        -108277.02589971245
      ],
      [
        -212523.20440991045,
        74842.3151303523,
        -108317.57156523339
      ]
    ],
    [
      [
        -151668.823260405,
        185836.99321405526,
        -70437.07385025667
      ],
      [
        454906.42288078007,
        -557656.4449710699,
        211142.19754657417
      ],
      [
        -151637.65962141863,
        185928.47721796817,
        -70262.35081660892
      ],
      [
        -151599.93999895646,
        185890.9745390465,
        -70442.7728797086
      ]
    ],
    [
      [
        20272.584508389227,
        42660.13082707659,
        -245498.09790129168
      ],
      [
        -60893.66868917614,
        -128065.5740968099,
        736473.1996660203
      ],
      [
        20351.71206223243,
        42679.614587865064,
        -245488.16413222873
      ],
      [
        20269.372118554485,
        42725.828681868246,
        -245486.93763249984
      ]
    ],
    [
      [
        71714.03472879839,
        -238150.2026886546,
        25332.953752929527
      ],
      [
        -215197.02892022952,
        714419.2993116108,
        -76137.46432934763
      ],
      [
        71728.0448849234,
        -238137.3733007691,
        25413.764017255937
      ],
      [
        71754.94930650775,
        -238131.72332218708,
        25390.746559162155
      ]
    ]
  ]
}