{
  "success": true,
  "target_entropies": [
    0.2,
    0.8,
    1.4
  ],
  "achieved_entropies": [
    6.406853007629834e-16,
    6.406853007629834e-16,
    1.2813706015259665e-15
  ],
  "parameters": {
    "entanglement_strength": 1.3832396167399819,
    "weight": 2.1609133511817908e-11,
    "gamma": -7.929707674988098e-08,
    "sigma": 4.90020323037804e-08,
    "init_angle": -1.410045109558215e-08,
    "timesteps": 0,
    "asymmetry_strength": -3.7672226371466154e-08
  },
  "loss": 0.7341181250567365,
  "iterations": 3,
  "optimization_result": {
    "fun": 0.7341181250567365,
    "direc": [
      [
        1.0,
        0.0,
        0.0,
        0.0,
        0.0,
        0.0,
        0.0
      ],
      [
        0.0,
        1.0,
        0.0,
        0.0,
        0.0,
        0.0,
        0.0
      ],
      [
        0.0,
        0.0,
        1.0,
        0.0,
        0.0,
        0.0,
        0.0
      ],
      [
        0.0,
        0.0,
        0.0,
        1.0,
        0.0,
        0.0,
        0.0
      ],
      [
        0.0,
        0.0,
        0.0,
        0.0,
        1.0,
        0.0,
        0.0
      ],
      [
        0.0,
        0.0,
        0.0,
        0.0,
        0.0,
        1.0,
        0.0
      ],
      [
        0.0,
        0.0,
        0.0,
        0.0,
        0.0,
        0.0,
        1.0
      ]
    ],
    "nit": 3,
    "nfev": 449,
    "status": 0,
    "success": true,
    "message": "Optimization terminated successfully.",
    "x": [
      1.3832396167399819,
      2.1609133511817908e-11,
      -7.929707674988098e-08,
      4.90020323037804e-08,
      -1.410045109558215e-08,
      5.217060749149045e-10,
      -3.7672226371466154e-08
    ]
  }
}