{
  "success": true,
  "target_entropies": [
    0.2,
    0.8,
    1.4
  ],
  "achieved_entropies": [
    0.597944139546632,
    0.5979441395466317,
    1.2813706015259665e-15
  ],
  "parameters": {
    "entanglement_strength": 0.802959783586112,
    "weight": 0.566329994186867,
    "gamma": 0.34615124854192914,
    "sigma": 0.3252539673782618,
    "init_angle": 0.9979061930812052,
    "timesteps": 3,
    "asymmetry_strength": 0.9426577628760305
  },
  "loss": 0.8721924332987054,
  "iterations": 0,
  "optimization_result": {
    "fun": 0.8721924332987054,
    "jac": [
      0.11461093128027044,
      0.25342363635719706,
      -0.01814054463156236,
      0.006505085362689184,
      -0.029161628520865526,
      0.06000000532907055,
      0.01885316338009752
    ],
    "nfev": 128,
    "njev": 16,
    "nit": 0,
    "status": 2,
    "message": "ABNORMAL: ",
    "x": [
      0.802959783586112,
      0.566329994186867,
      0.34615124854192914,
      0.3252539673782618,
      0.9979061930812052,
      3.0,
      0.9426577628760305
    ],
    "success": false,
    "hess_inv": "<7x7 LbfgsInvHessProduct with dtype=float64>"
  },
  "warning": "Used fallback parameters due to: ABNORMAL: "
}