{
  "success": true,
  "target_entropies": [
    0.1,
    0.4,
    0.9,
    1.5,
    2.0
  ],
  "achieved_entropies": [
    6.406853007629834e-16,
    1.2813706015259663e-15,
    1.6017132519074581e-15,
    1.6017132519074586e-16,
    9.61027951144475e-16
  ],
  "parameters": {
    "entanglement_strength": 1.3684955053551986,
    "weight": 0.0218998065042119,
    "gamma": -0.0010166907079119398,
    "sigma": -0.0019026838268591828,
    "init_angle": -0.0006225769226475777,
    "timesteps": 0,
    "asymmetry_strength": -0.004256791464049065
  },
  "loss": 1.0843368988489284,
  "iterations": 3,
  "optimization_result": {
    "fun": 1.0843368988489284,
    "direc": [
      [
        1.0,
        0.0,
        0.0,
        0.0,
        0.0,
        0.0,
        0.0
      ],
      [
        0.0,
        0.0,
        0.0,
        0.0,
        0.0,
        0.0,
        1.0
      ],
      [
        0.0,
        0.0,
        1.0,
        0.0,
        0.0,
        0.0,
        0.0
      ],
      [
        0.0,
        0.0,
        0.0,
        1.0,
        0.0,
        0.0,
        0.0
      ],
      [
        0.0,
        0.0,
        0.0,
        0.0,
        1.0,
        0.0,
        0.0
      ],
      [
        0.0,
        0.0,
        0.0,
        0.0,
        0.0,
        1.0,
        0.0
      ],
      [
        0.114460099514979,
        -0.6793991069696071,
        -0.1246278936910608,
        -0.23323462671219428,
        -0.07631667126896276,
        -1.0303051965262287,
        -0.5218056484685702
      ]
    ],
    "nit": 3,
    "nfev": 211,
    "status": 0,
    "success": true,
    "message": "Optimization terminated successfully.",
    "x": [
      1.3684955053551986,
      0.0218998065042119,
      -0.0010166907079119398,
      -0.0019026838268591828,
      -0.0006225769226475777,
      -0.008405034285887868,
      -0.004256791464049065
    ]
  }
}