{
  "timesteps": [
    0.0,
    0.6731984257692414,
    1.3463968515384828,
    2.019595277307724,
    2.6927937030769655,
    3.365992128846207,
    4.039190554615448,
    4.71238898038469,
    5.385587406153931,
    6.058785831923172,
    6.731984257692414,
    7.405182683461655,
    8.078381109230897,
    8.751579535000138,
    9.42477796076938
  ],
  "entropies": [
    0.9996670159659137,
    0.4051373525577451,
    0.029462106638402357,
    0.0840807204807903,
    0.6869324962465083,
    0.906233767362727,
    0.19875239293927552,
    0.0005813588196628139,
    0.2193372375578678,
    0.8485926443135,
    0.6888227086719496,
    0.10990573331236735,
    0.028916606785876597,
    0.439224600276732,
    0.9999312058432918
  ],
  "curvatures": [
    1.6840755779660894,
    1.5999268024940347,
    1.3185180510987125,
    1.3993133602273222,
    1.33766886386408,
    1.7223497799450245,
    1.9370097611966097,
    1.4672344847917087,
    1.3761156860363377,
    1.5779507724376582,
    1.6640359476905084,
    1.187404801202966,
    1.3764231468341437,
    1.87677281614862,
    1.9522542077596337
  ],
  "distances": [
    500001.2215900095,
    500002.0659805178,
    500217.1678060536,
    500017.3033102996,
    500001.45796871855,
    500001.2737948673,
    500004.3169578446,
    500982.54494886665,
    500003.82983519905,
    500001.3121088562,
    500001.4555929639,
    500008.6714455721,
    500055.8549664432,
    500001.9319827277,
    500001.2214578616
  ],
  "geometries": [
    [
      [
        47159.72521733267,
        -221924.82067716093,
        105002.45082580028
      ],
      [
        -141478.01789429315,
        665823.8399447815,
        -314903.46703002095
      ],
      [
        47123.725222009,
        -221957.8777186667,
        104948.72759216417
      ],
      [
        47194.56745495149,
        -221941.14154895383,
        104952.28861205651
      ]
    ],
    [
      [
        -72475.01139328237,
        169116.92879477725,
        169254.29841616834
      ],
      [
        217589.35408000884,
        -507234.78596815997,
        -507808.3717191162
      ],
      [
        -72545.6634842603,
        169041.52031563944,
        169299.35515450392
      ],
      [
        -72568.67920246618,
        169076.33685774327,
        169254.718148444
      ]
    ],
    [
      [
        -165199.88699462442,
        -148084.98155559791,
        -115238.41443961443
      ],
      [
        496039.6106797456,
        444692.3316594251,
        344521.3298228096
      ],
      [
        -165537.8767544561,
        -148307.48170503482,
        -114467.29261242329
      ],
      [
        -165301.84693066508,
        -148299.86839879237,
        -114815.62277077191
      ]
    ],
    [
      [
        56941.49514780594,
        -195036.11764822368,
        -145666.61417715604
      ],
      [
        -170208.56423586005,
        585233.8801647844,
        437071.844246126
      ],
      [
        56586.947692625145,
        -195083.33071142467,
        -145741.55970997436
      ],
      [
        56680.12139542896,
        -195114.431805136,
        -145663.67035899562
      ]
    ],
    [
      [
        175353.6187593862,
        -148588.2701080184,
        98350.468900908
      ],
      [
        -526149.8777598959,
        445615.5761984308,
        -295118.06183192745
      ],
      [
        175403.00529329752,
        -148508.7168971708,
        98382.55494519541
      ],
      [
        175393.25370721196,
        -148518.58919324164,
        98385.03798582403
      ]
    ],
    [
      [
        -187849.28356269153,
        120131.7841140543,
        113053.88754956433
      ],
      [
        563449.4127987176,
        -360453.07562890195,
        -339263.8289259885
      ],
      [
        -187800.86022940167,
        120181.1252445483,
        113081.89268940985
      ],
      [
        -187799.26900662444,
        120140.16627029935,
        113128.04868701435
      ]
    ],
    [
      [
        142046.13934601063,
        121121.34394580388,
        166290.99309069652
      ],
      [
        -426057.72485365084,
        -363494.5914370705,
        -498846.77659209736
      ],
      [
        142020.44208560625,
        121167.26006540285,
        166279.4949109245
      ],
      [
        141991.14342203384,
        121205.98742586376,
        166276.28859047632
      ]
    ],
    [
      [
        14285.980974775219,
        205923.74391059426,
        -141042.7615711141
      ],
      [
        -39866.24416351233,
        -619281.6671557717,
        421190.4145953268
      ],
      [
        12520.774656019012,
        207264.338975191,
        -139233.61564816785
      ],
      [
        13059.488532718104,
        206093.58426998643,
        -140914.0373760448
      ]
    ],
    [
      [
        -17576.875991474277,
        -174275.5929903626,
        -178379.51549288398
      ],
      [
        52835.45158744052,
        522921.69280551205,
        535035.4449886248
      ],
      [
        -17628.716159135267,
        -174332.0143250124,
        -178319.25826695593
      ],
      [
        -17629.85943683097,
        -174314.085490137,
        -178336.671228785
      ]
    ],
    [
      [
        -136079.84467815407,
        -186654.33684562222,
        95617.02138008621
      ],
      [
        408387.14892876375,
        559795.545343053,
        -286967.71952493855
      ],
      [
        -136171.54934968325,
        -186566.86357888332,
        95657.17428550312
      ],
      [
        -136135.75490092637,
        -186574.34491854743,
        95693.52385934922
      ]
    ],
    [
      [
        -120321.34479042575,
        185903.6629769791,
        -116029.231220793
      ],
      [
        361052.52089011384,
        -557710.3243700783,
        347996.9509256731
      ],
      [
        -120391.94415718058,
        185878.0089037399,
        -115997.0947321216
      ],
      [
        -120339.23194250748,
        185928.65248935923,
        -115970.6249727585
      ]
    ],
    [
      [
        55049.51839964285,
        -206771.72865338248,
        -129287.21184543555
      ],
      [
        -165296.31689866196,
        620378.5328048761,
        387697.3136121488
      ],
      [
        55128.447579124164,
        -206805.3556839259,
        -129199.7733129191
      ],
      [
        55118.35091989494,
        -206801.4484675676,
        -129210.32845379417
      ]
    ],
    [
      [
        163816.8727892989,
        129248.69115873132,
        -137691.63281784116
      ],
      [
        -491093.8272929339,
        -387996.9046121945,
        413263.6501854846
      ],
      [
        163605.3700417339,
        129375.16006900342,
        -137824.40244950334
      ],
      [
        163671.58446190102,
        129373.05338445982,
        -137747.61491814008
      ]
    ],
    [
      [
        -111801.31410391642,
        -2936.7029546736103,
        223588.95873129685
      ],
      [
        335405.7367395089,
        8719.275063253872,
        -670767.1509224039
      ],
      [
        -111831.37381189085,
        -2929.1074132619565,
        223574.0248273396
      ],
      [
        -111773.04882370158,
        -2853.4646953183037,
        223604.16736376737
      ]
    ],
    [
      [
        -228381.756918059,
        -98557.4356971931,
        -25067.61520448843
      ],
      [
        685093.6263643247,
        295742.82699510676,
        75395.50739642758
      ],
      [
        -228372.15474210255,
        -98568.7836777234,
        -25110.44294582784
      ],
      [
        -228339.71470416314,
        -98616.60762019023,
        -25217.449246111297
      ]
    ]
  ]
}